-- phpMyAdmin SQL Dump
-- version 4.5.1
-- http://www.phpmyadmin.net
--
-- Host: 127.0.0.1
-- Generation Time: Apr 05, 2017 at 07:10 AM
-- Server version: 10.1.16-MariaDB
-- PHP Version: 5.6.24

SET SQL_MODE = "NO_AUTO_VALUE_ON_ZERO";
SET time_zone = "+00:00";


/*!40101 SET @OLD_CHARACTER_SET_CLIENT=@@CHARACTER_SET_CLIENT */;
/*!40101 SET @OLD_CHARACTER_SET_RESULTS=@@CHARACTER_SET_RESULTS */;
/*!40101 SET @OLD_COLLATION_CONNECTION=@@COLLATION_CONNECTION */;
/*!40101 SET NAMES utf8mb4 */;

--
-- Database: `pp_thaileague_fantasy`
--

-- --------------------------------------------------------

--
-- Table structure for table `club`
--

CREATE TABLE `club` (
  `id` int(10) UNSIGNED NOT NULL,
  `name_th` varchar(100) COLLATE utf8_unicode_ci NOT NULL,
  `name_en` varchar(100) COLLATE utf8_unicode_ci DEFAULT NULL,
  `short_name_th` varchar(50) COLLATE utf8_unicode_ci NOT NULL,
  `short_name_en` varchar(50) COLLATE utf8_unicode_ci DEFAULT NULL,
  `current_coach_id` int(10) UNSIGNED NOT NULL DEFAULT '0',
  `main_stadium_id` int(10) UNSIGNED NOT NULL DEFAULT '0',
  `image_full` varchar(300) COLLATE utf8_unicode_ci DEFAULT NULL,
  `image_rectangle` varchar(300) COLLATE utf8_unicode_ci DEFAULT NULL,
  `color_dark` varchar(10) COLLATE utf8_unicode_ci DEFAULT NULL,
  `color_light` varchar(10) COLLATE utf8_unicode_ci DEFAULT NULL,
  `description` text COLLATE utf8_unicode_ci,
  `status` int(1) UNSIGNED NOT NULL DEFAULT '1',
  `deleted` int(1) UNSIGNED NOT NULL DEFAULT '0',
  `created_date` datetime NOT NULL DEFAULT CURRENT_TIMESTAMP,
  `created_by` int(10) UNSIGNED NOT NULL DEFAULT '1',
  `modified_date` datetime DEFAULT NULL,
  `modified_by` int(11) DEFAULT NULL
) ENGINE=MyISAM DEFAULT CHARSET=utf8 COLLATE=utf8_unicode_ci;

--
-- Dumping data for table `club`
--

INSERT INTO `club` (`id`, `name_th`, `name_en`, `short_name_th`, `short_name_en`, `current_coach_id`, `main_stadium_id`, `image_full`, `image_rectangle`, `color_dark`, `color_light`, `description`, `status`, `deleted`, `created_date`, `created_by`, `modified_date`, `modified_by`) VALUES
(1, 'เอสซีจี เมืองทอง ยูไนเต็ด', 'SCG Muangthong United', 'เมืองทอง', NULL, 18, 18, 'team_logo/muang_thong.png', 'team_background_squad/muang_thong.png', 'B31F24', 'FFDBDC', NULL, 1, 0, '2017-01-16 15:10:00', 1, NULL, NULL),
(2, 'ทรู แบงค็อก ยูไนเต็ด', 'True Bangkok United', 'แบงค็อก', NULL, 10, 4, 'team_logo/bangkok_utd.png', 'team_background_squad/bangkok_utd.png', '262366', 'D3D1FF', NULL, 1, 0, '2017-01-16 15:10:00', 1, NULL, NULL),
(3, 'บางกอกกล๊าส เอฟซี', 'Bangkok Glass FC', 'บางกอกกล๊าส', NULL, 7, 7, 'team_logo/bangkok_glass.png', 'team_background_squad/bangkok_glass.png', 'F8B445', 'FFEBCA', NULL, 1, 0, '2017-01-16 15:10:00', 1, NULL, NULL),
(4, 'บุรีรัมย์ ยูไนเต็ด', 'Buriram United', 'บุรีรัมย์', NULL, 9, 8, 'team_logo/buriram.png', 'team_background_squad/buriram.png', '04003E', 'E1DFF7', NULL, 1, 0, '2017-01-16 15:10:00', 1, NULL, NULL),
(5, 'ชลบุรี เอฟซี', 'Chonburi FC', 'ชลบุรี', NULL, 2, 2, 'team_logo/chonburi.png', 'team_background_squad/chonburi.png', '0089CF', 'E1F6FF', NULL, 1, 0, '2017-01-16 15:10:00', 1, NULL, NULL),
(6, 'ราชบุรี มิตรผล เอฟซี', 'Ratchaburi Mitrphol FC', 'ราชบุรี', NULL, 13, 12, 'team_logo/ratchaburi.png', 'team_background_squad/ratchaburi.png', 'F47920', 'FFEDD6', NULL, 1, 0, '2017-01-16 15:10:00', 1, NULL, NULL),
(7, 'สิงห์ เชียงราย ยูไนเต็ด', 'Singha Chiangrai United', 'เชียงราย', NULL, 3, 14, 'team_logo/chiangrai.png', 'team_background_squad/chiangrai.jpg', 'FF7008', 'FFE0C9', NULL, 1, 0, '2017-01-16 15:10:00', 1, NULL, NULL),
(8, 'สุโขทัย เอฟซี', 'Sukhothai FC', 'สุโขทัย', NULL, 24, 16, 'team_logo/sukhothai.png', 'team_background_squad/sukhothai.png', 'D41714', 'FFD3D2', NULL, 1, 0, '2017-01-16 15:10:00', 1, NULL, NULL),
(9, 'โปลิศ เทโร', 'Police Tero', 'เทโร', NULL, 8, 9, 'team_logo/bec_tero.png', 'team_background_squad/bec_tero.png', 'EB2A2E', 'FFD4D5', NULL, 1, 0, '2017-01-16 15:10:00', 1, NULL, NULL),
(10, 'สุพรรณบุรี เอฟซี', 'Suphanburi FC', 'สุพรรณบุรี', NULL, 15, 15, 'team_logo/suphanburi.png', 'team_background_squad/suphanburi.png', '2B2A2B', 'EDEDED', NULL, 1, 0, '2017-01-16 15:10:00', 1, NULL, NULL),
(11, 'นครราชสีมา มาสด้า เอฟซี', 'Nakhonratchasima FC', 'นครราชสีมา', NULL, 6, 6, 'team_logo/swat_cat.png', 'team_background_squad/swat_cat.png', '000000', 'E35C1E', NULL, 1, 0, '2017-01-16 15:10:00', 1, NULL, NULL),
(12, 'พัทยา ยูไนเต็ด', 'Pattaya United', 'พัทยา', NULL, 11, 10, 'team_logo/pattaya.png', 'team_background_squad/pattaya.png', '233277', 'DAE1FF', NULL, 1, 0, '2017-01-16 15:10:00', 1, NULL, NULL),
(13, 'ศรีสะเกษ เอฟซี', 'Sisaket FC', 'ศรีสะเกษ', NULL, 23, 13, 'team_logo/sisaket.png', 'team_background_squad/sisaket.png', 'EF4723', 'FFD3C9', NULL, 1, 0, '2017-01-16 15:10:00', 1, NULL, NULL),
(14, 'ซุปเปอร์ พาวเวอร์ สมุทรปราการ', 'Super Power Samut Prakan', 'ซุปเปอร์พาวเวอร์', NULL, 22, 3, 'team_logo/super_power.png', 'team_background_squad/super_power.png', '675602', 'fbe87f', NULL, 1, 0, '2017-01-16 15:10:00', 1, NULL, NULL),
(15, 'สโมสรฟุตบอลราชนาวี', 'Navy Football Club', 'ราชนาวี', NULL, 12, 11, 'team_logo/navy.png', 'team_background_squad/navy.png', 'ED2528', 'FFCECF', NULL, 1, 0, '2017-01-16 15:10:00', 1, NULL, NULL),
(16, 'ไทยฮอนด้า ลาดกระบัง เอฟซี', 'Thai Honda Ladkrabang', 'ไทยฮอนด้า', NULL, 5, 5, 'team_logo/thai_honda.png', 'team_background_squad/thai_honda.png', 'EE1C1F', 'F0F5BF', NULL, 1, 0, '2017-01-16 15:10:00', 1, NULL, NULL),
(17, 'อุบล ยูเอ็มที ยูไนเต็ด', 'Ubon UMT United', 'อุบล', NULL, 17, 17, 'team_logo/ubon.png', 'team_background_squad/ubon.png', '7F5822', 'FFF1DD', NULL, 1, 0, '2017-01-16 15:10:00', 1, NULL, NULL),
(18, 'การท่าเรือ เอฟซี', 'Port FC', 'ท่าเรือ', NULL, 1, 1, 'team_logo/port.png', 'team_background_squad/port.png', 'AB1926', 'FFDDE0', NULL, 1, 0, '2017-01-16 15:10:00', 1, NULL, NULL);

-- --------------------------------------------------------

--
-- Table structure for table `coach`
--

CREATE TABLE `coach` (
  `id` int(10) UNSIGNED NOT NULL,
  `name_th` varchar(100) COLLATE utf8_unicode_ci NOT NULL,
  `surname_th` varchar(100) COLLATE utf8_unicode_ci NOT NULL,
  `name_en` varchar(100) COLLATE utf8_unicode_ci DEFAULT NULL,
  `surname_en` varchar(100) COLLATE utf8_unicode_ci DEFAULT NULL,
  `called_name_th` varchar(50) COLLATE utf8_unicode_ci DEFAULT NULL,
  `called_name_en` varchar(50) COLLATE utf8_unicode_ci DEFAULT NULL,
  `birthdate` date DEFAULT NULL,
  `image` varchar(300) COLLATE utf8_unicode_ci DEFAULT NULL,
  `nation_id` int(10) UNSIGNED NOT NULL DEFAULT '0',
  `description` text COLLATE utf8_unicode_ci,
  `status` int(1) UNSIGNED NOT NULL DEFAULT '1',
  `deleted` int(1) UNSIGNED NOT NULL DEFAULT '0',
  `created_date` datetime NOT NULL DEFAULT CURRENT_TIMESTAMP,
  `created_by` int(10) UNSIGNED NOT NULL DEFAULT '1',
  `modified_date` datetime DEFAULT NULL,
  `modified_by` int(11) DEFAULT NULL
) ENGINE=MyISAM DEFAULT CHARSET=utf8 COLLATE=utf8_unicode_ci;

--
-- Dumping data for table `coach`
--

INSERT INTO `coach` (`id`, `name_th`, `surname_th`, `name_en`, `surname_en`, `called_name_th`, `called_name_en`, `birthdate`, `image`, `nation_id`, `description`, `status`, `deleted`, `created_date`, `created_by`, `modified_date`, `modified_by`) VALUES
(1, 'จเด็จ', 'มีลาภ', NULL, NULL, NULL, NULL, NULL, NULL, 189, NULL, 1, 0, '2017-02-10 23:53:57', 1, NULL, NULL),
(2, 'เทิดศักดิ์', 'ใจมั่น', NULL, NULL, NULL, NULL, NULL, NULL, 189, NULL, 1, 0, '2017-02-10 23:53:57', 1, NULL, NULL),
(3, 'Alexandre', 'Gama', NULL, NULL, NULL, NULL, NULL, NULL, 28, NULL, 1, 0, '2017-02-10 23:53:57', 1, NULL, NULL),
(4, 'เฉลิมวุฒิ', 'สง่าพล', NULL, NULL, NULL, NULL, NULL, NULL, 189, NULL, 1, 0, '2017-02-10 23:53:57', 1, NULL, NULL),
(5, 'ศิริศักดิ์', 'ยอดญาติไทย', NULL, NULL, NULL, NULL, NULL, NULL, 189, NULL, 1, 0, '2017-02-10 23:53:57', 1, NULL, NULL),
(6, 'Miloš', 'Joksić', NULL, NULL, NULL, NULL, NULL, NULL, 167, NULL, 1, 0, '2017-02-10 23:53:57', 1, NULL, NULL),
(7, 'Aurelio', 'Vidmar', NULL, NULL, NULL, NULL, NULL, NULL, 12, NULL, 1, 0, '2017-02-10 23:53:57', 1, NULL, NULL),
(8, 'อุทัย', 'บุญเหมาะ', NULL, NULL, NULL, NULL, NULL, NULL, 189, NULL, 1, 0, '2017-02-10 23:53:57', 1, NULL, NULL),
(9, 'Ranko', 'Popović', NULL, NULL, NULL, NULL, NULL, NULL, 167, NULL, 1, 0, '2017-02-10 23:53:57', 1, NULL, NULL),
(10, 'Alexandré', 'Pölking', NULL, NULL, NULL, NULL, NULL, NULL, 28, NULL, 1, 0, '2017-02-10 23:53:57', 1, NULL, NULL),
(11, 'สุรพงษ์', 'คงเทพ', NULL, NULL, NULL, NULL, NULL, NULL, 189, NULL, 1, 0, '2017-02-10 23:53:57', 1, NULL, NULL),
(12, 'สมชาย', 'ชวยบุญชุม', NULL, NULL, NULL, NULL, NULL, NULL, 189, NULL, 1, 0, '2017-02-10 23:53:57', 1, NULL, NULL),
(13, 'José Rojo', 'Martín', NULL, NULL, NULL, NULL, NULL, NULL, 178, NULL, 1, 0, '2017-02-10 23:53:57', 1, NULL, NULL),
(14, 'ดุสิต', 'เฉลิมแสน', NULL, NULL, NULL, NULL, NULL, NULL, 189, NULL, 1, 0, '2017-02-10 23:53:57', 1, NULL, NULL),
(15, 'Sérgio', 'Farias', NULL, NULL, NULL, NULL, NULL, NULL, 28, NULL, 1, 0, '2017-02-10 23:53:57', 1, NULL, NULL),
(16, 'สมชาย', 'มากมูล', NULL, NULL, NULL, NULL, NULL, NULL, 189, NULL, 1, 0, '2017-02-10 23:53:57', 1, NULL, NULL),
(17, 'Scott', 'Cooper', NULL, NULL, NULL, NULL, NULL, NULL, 62, NULL, 1, 0, '2017-02-10 23:53:57', 1, NULL, NULL),
(18, 'ธชตวัน', 'ศรีปาน', NULL, NULL, NULL, NULL, NULL, NULL, 189, NULL, 1, 0, '2017-02-10 23:53:57', 1, NULL, NULL),
(19, 'สุริยันต์', 'แจ่มแจ้ง', 'สุริยันต์', 'แจ่มแจ้ง', 'สุริยันต์', 'สุริยันต์', NULL, NULL, 189, NULL, 1, 0, '2017-03-07 11:38:00', 1, NULL, NULL),
(20, 'ทรงเดช', 'เสมอคำ', 'ทรงเดช', 'เสมอคำ', 'ทรงเดช', 'ทรงเดช', NULL, NULL, 189, NULL, 1, 0, '2017-03-13 10:03:32', 1, NULL, NULL),
(21, 'ศรานุวัฒน์', 'นศาสตร์สังก์', 'ศรานุวัฒน์', 'นศาสตร์สังก์', 'ศรานุวัฒน์', 'ศรานุวัฒน์', NULL, NULL, 189, NULL, 1, 0, '2017-03-13 10:16:53', 1, NULL, NULL),
(22, 'Jason', 'Withe', 'Jason', 'Withe', 'Jason Withe', 'Jason Withe', NULL, NULL, 62, NULL, 1, 0, '2017-04-04 18:33:37', 1, NULL, NULL),
(23, 'Velizar', 'Popov', 'Velizar', 'Popov', 'Popov', 'Popov', NULL, NULL, 31, NULL, 1, 0, '2017-04-04 22:36:44', 1, NULL, NULL),
(24, 'ไพโรจน์', 'บวรวัฒนดิลก', 'ไพโรจน์', 'บวรวัฒนดิลก', 'ไพโรจน์', 'ไพโรจน์', NULL, NULL, 189, NULL, 1, 0, '2017-04-05 11:25:34', 1, NULL, NULL);

-- --------------------------------------------------------

--
-- Table structure for table `configs`
--

CREATE TABLE `configs` (
  `id` int(10) UNSIGNED NOT NULL,
  `config_key` varchar(255) COLLATE utf8_unicode_ci NOT NULL,
  `config_value` varchar(255) COLLATE utf8_unicode_ci NOT NULL,
  `description` text COLLATE utf8_unicode_ci,
  `status` int(1) UNSIGNED NOT NULL DEFAULT '1',
  `deleted` int(1) UNSIGNED NOT NULL DEFAULT '0',
  `created_date` datetime NOT NULL DEFAULT CURRENT_TIMESTAMP,
  `created_by` int(10) UNSIGNED NOT NULL DEFAULT '1',
  `modified_date` datetime DEFAULT NULL,
  `modified_by` int(11) DEFAULT NULL
) ENGINE=MyISAM DEFAULT CHARSET=utf8 COLLATE=utf8_unicode_ci;

--
-- Dumping data for table `configs`
--

INSERT INTO `configs` (`id`, `config_key`, `config_value`, `description`, `status`, `deleted`, `created_date`, `created_by`, `modified_date`, `modified_by`) VALUES
(1, 'latest_week', '8', NULL, 1, 0, '2017-01-27 22:35:27', 1, '2017-04-05 11:59:32', 1),
(2, 'next_timeout', '2017-04-08 16:45:00', NULL, 1, 0, '2017-02-07 17:42:39', 1, '2017-04-05 11:59:32', 1),
(3, 'diff_server_time', '0', 'current thai time = server time + X\r\nX has a unit of MINUTE', 1, 0, '2017-02-07 18:03:44', 1, NULL, NULL),
(4, 'week_to_show_in_point', '7', NULL, 1, 0, '2017-02-09 09:54:34', 1, '2017-04-05 11:59:32', 1),
(5, 'latest_season', '1', NULL, 1, 0, '2017-02-10 22:47:46', 1, NULL, NULL);

-- --------------------------------------------------------

--
-- Table structure for table `event_type`
--

CREATE TABLE `event_type` (
  `id` int(10) UNSIGNED NOT NULL,
  `name_th` varchar(100) COLLATE utf8_unicode_ci NOT NULL,
  `name_en` varchar(100) COLLATE utf8_unicode_ci DEFAULT NULL,
  `name_short` varchar(10) COLLATE utf8_unicode_ci DEFAULT NULL,
  `image` varchar(300) COLLATE utf8_unicode_ci DEFAULT NULL,
  `description` text COLLATE utf8_unicode_ci,
  `status` int(1) UNSIGNED NOT NULL DEFAULT '1',
  `deleted` int(1) UNSIGNED NOT NULL DEFAULT '0',
  `created_date` datetime NOT NULL DEFAULT CURRENT_TIMESTAMP,
  `created_by` int(10) UNSIGNED NOT NULL DEFAULT '1',
  `modified_date` datetime DEFAULT NULL,
  `modified_by` int(11) DEFAULT NULL
) ENGINE=MyISAM DEFAULT CHARSET=utf8 COLLATE=utf8_unicode_ci ROW_FORMAT=COMPACT;

--
-- Dumping data for table `event_type`
--

INSERT INTO `event_type` (`id`, `name_th`, `name_en`, `name_short`, `image`, `description`, `status`, `deleted`, `created_date`, `created_by`, `modified_date`, `modified_by`) VALUES
(1, 'ทำประตู', 'Goal', 'GOAL', 'icon_event/goal.png', NULL, 1, 0, '2017-01-16 16:28:24', 1, NULL, NULL),
(2, 'ทำเข้าประตูตัวเอง', 'Own Goal', 'OG', 'icon_event/own_goal.png', NULL, 1, 0, '2017-01-16 16:28:24', 1, NULL, NULL),
(3, 'ยิงจุดโทษเข้า', 'Penalty Goal', 'PEN(G)', 'icon_event/penalty_goal.png', NULL, 1, 0, '2017-01-16 16:28:24', 1, NULL, NULL),
(4, 'ยิงจุดโทษไม่เข้า', 'Penalty Miss', 'PEN(M)', 'icon_event/penalty_miss.png', NULL, 1, 0, '2017-01-16 16:28:25', 1, NULL, NULL),
(5, 'ใบแดง', 'Red Card', 'RED', 'icon_event/red_card.png', NULL, 1, 0, '2017-01-16 16:28:25', 1, NULL, NULL),
(6, 'ใบเหลืองที่สอง', 'Second Yellow Card', 'YELLOW2', 'icon_event/second_yellow_card.png', NULL, 1, 0, '2017-01-16 16:28:25', 1, NULL, NULL),
(7, 'เปลี่ยนตัว', 'Substitution', 'SUB', 'icon_event/sub.png', NULL, 1, 0, '2017-01-16 16:28:25', 1, NULL, NULL),
(8, 'ใบเหลือง', 'Yellow Card', 'YELLOW', 'icon_event/yellow_card.png', NULL, 1, 0, '2017-01-16 16:28:25', 1, NULL, NULL);

-- --------------------------------------------------------

--
-- Table structure for table `matches`
--

CREATE TABLE `matches` (
  `id` int(10) UNSIGNED NOT NULL,
  `home_team_id` int(10) UNSIGNED NOT NULL,
  `away_team_id` int(10) UNSIGNED NOT NULL,
  `home_score` int(3) UNSIGNED DEFAULT NULL,
  `away_score` int(3) UNSIGNED DEFAULT NULL,
  `home_score_ex` int(3) UNSIGNED DEFAULT NULL,
  `away_score_ex` int(3) UNSIGNED DEFAULT NULL,
  `home_score_pen` int(3) UNSIGNED DEFAULT NULL,
  `away_score_pen` int(3) UNSIGNED DEFAULT NULL,
  `kickoff_time` datetime DEFAULT NULL,
  `stadium_id` int(10) UNSIGNED NOT NULL DEFAULT '0',
  `week_id` int(10) UNSIGNED NOT NULL,
  `home_coach_id` int(10) UNSIGNED NOT NULL DEFAULT '0',
  `away_coach_id` int(10) UNSIGNED NOT NULL DEFAULT '0',
  `added_min_first_half` int(2) UNSIGNED DEFAULT NULL,
  `added_min_second_half` int(2) UNSIGNED DEFAULT NULL,
  `added_min_first_ex` int(2) UNSIGNED DEFAULT NULL,
  `added_min_second_ex` int(2) UNSIGNED DEFAULT NULL,
  `approved` int(1) UNSIGNED NOT NULL DEFAULT '0',
  `man_of_the_match` int(10) UNSIGNED NOT NULL DEFAULT '0',
  `attendance` int(10) UNSIGNED DEFAULT NULL,
  `description` text COLLATE utf8_unicode_ci,
  `status` int(1) UNSIGNED NOT NULL DEFAULT '1',
  `deleted` int(1) UNSIGNED NOT NULL DEFAULT '0',
  `created_date` datetime NOT NULL DEFAULT CURRENT_TIMESTAMP,
  `created_by` int(10) UNSIGNED NOT NULL DEFAULT '1',
  `modified_date` datetime DEFAULT NULL,
  `modified_by` int(11) DEFAULT NULL
) ENGINE=MyISAM DEFAULT CHARSET=utf8 COLLATE=utf8_unicode_ci;

--
-- Dumping data for table `matches`
--

INSERT INTO `matches` (`id`, `home_team_id`, `away_team_id`, `home_score`, `away_score`, `home_score_ex`, `away_score_ex`, `home_score_pen`, `away_score_pen`, `kickoff_time`, `stadium_id`, `week_id`, `home_coach_id`, `away_coach_id`, `added_min_first_half`, `added_min_second_half`, `added_min_first_ex`, `added_min_second_ex`, `approved`, `man_of_the_match`, `attendance`, `description`, `status`, `deleted`, `created_date`, `created_by`, `modified_date`, `modified_by`) VALUES
(1, 18, 6, 1, 1, NULL, NULL, NULL, NULL, '2017-02-11 17:45:00', 1, 1, 1, 13, 3, 5, NULL, NULL, 1, 291, NULL, NULL, 1, 0, '2017-02-10 10:52:02', 1, '2017-02-25 23:32:42', 1),
(2, 13, 17, 0, 2, NULL, NULL, NULL, NULL, '2017-02-11 18:00:00', 13, 1, 14, 17, 2, 4, NULL, NULL, 1, 542, NULL, NULL, 1, 0, '2017-02-10 10:52:02', 1, '2017-02-25 23:34:40', 1),
(3, 3, 1, 0, 4, NULL, NULL, NULL, NULL, '2017-02-11 19:00:00', 7, 1, 7, 18, 2, 3, NULL, NULL, 1, 491, NULL, NULL, 1, 0, '2017-02-10 10:52:02', 1, '2017-02-25 23:33:40', 1),
(4, 10, 16, 2, 1, NULL, NULL, NULL, NULL, '2017-02-11 19:00:00', 15, 1, 15, 5, 2, 3, NULL, NULL, 1, 285, NULL, NULL, 1, 0, '2017-02-10 10:52:02', 1, '2017-02-25 23:35:02', 1),
(5, 9, 12, 2, 0, NULL, NULL, NULL, NULL, '2017-02-11 20:00:00', 9, 1, 8, 11, NULL, NULL, NULL, NULL, 1, 374, NULL, NULL, 1, 0, '2017-02-10 10:52:03', 1, '2017-02-25 23:36:34', 1),
(6, 4, 5, 2, 2, NULL, NULL, NULL, NULL, '2017-02-12 18:00:00', 8, 1, 9, 2, 2, 4, NULL, NULL, 1, 54, NULL, NULL, 1, 0, '2017-02-10 10:52:03', 1, '2017-02-25 23:34:15', 1),
(7, 7, 14, 4, 0, NULL, NULL, NULL, NULL, '2017-02-12 18:00:00', 14, 1, 3, 4, 2, 3, NULL, NULL, 1, 436, NULL, NULL, 1, 0, '2017-02-10 10:52:03', 1, '2017-02-25 23:36:03', 1),
(8, 2, 15, 1, 0, NULL, NULL, NULL, NULL, '2017-02-12 19:00:00', 4, 1, 10, 12, 2, 3, NULL, NULL, 1, 222, NULL, NULL, 1, 0, '2017-02-10 10:52:03', 1, '2017-02-25 23:36:58', 1),
(9, 8, 11, 0, 1, NULL, NULL, NULL, NULL, '2017-02-12 19:00:00', 16, 1, 16, 6, 2, 5, NULL, NULL, 1, 208, NULL, NULL, 1, 0, '2017-02-10 10:52:03', 1, '2017-02-25 23:35:41', 1),
(10, 1, 8, 1, 0, NULL, NULL, NULL, NULL, '2017-02-17 20:00:00', 18, 2, 18, 16, 2, 3, NULL, NULL, 1, 244, NULL, NULL, 1, 0, '2017-02-10 23:32:59', 1, '2017-02-26 10:14:33', 1),
(11, 7, 13, 3, 1, NULL, NULL, NULL, NULL, '2017-02-18 17:45:00', 14, 2, 3, 14, 2, 4, NULL, NULL, 1, 572, NULL, NULL, 1, 0, '2017-02-10 23:32:59', 1, '2017-02-26 09:42:40', 1),
(12, 14, 3, 0, 0, NULL, NULL, NULL, NULL, '2017-02-18 18:00:00', 3, 2, 4, 7, 2, 3, NULL, NULL, 1, 249, NULL, NULL, 1, 0, '2017-02-10 23:32:59', 1, '2017-02-25 23:37:59', 1),
(13, 15, 4, 1, 2, NULL, NULL, NULL, NULL, '2017-02-18 19:00:00', 11, 2, 12, 9, 3, 4, NULL, NULL, 1, 516, NULL, NULL, 1, 0, '2017-02-10 23:32:59', 1, '2017-02-26 00:35:30', 1),
(14, 16, 2, 1, 0, NULL, NULL, NULL, NULL, '2017-02-18 20:00:00', 5, 2, 5, 10, 2, 5, NULL, NULL, 1, 273, NULL, NULL, 1, 0, '2017-02-10 23:32:59', 1, '2017-02-26 18:59:35', 1),
(15, 12, 5, 2, 1, NULL, NULL, NULL, NULL, '2017-02-19 18:00:00', 10, 2, 11, 2, 3, 4, NULL, NULL, 1, 176, NULL, NULL, 1, 0, '2017-02-10 23:32:59', 1, '2017-02-26 00:15:13', 1),
(16, 11, 9, 1, 1, NULL, NULL, NULL, NULL, '2017-02-19 18:00:00', 6, 2, 6, 8, 2, 5, NULL, NULL, 1, 374, NULL, NULL, 1, 0, '2017-02-10 23:32:59', 1, '2017-02-25 23:39:35', 1),
(17, 18, 10, 3, 2, NULL, NULL, NULL, NULL, '2017-02-19 19:00:00', 1, 2, 1, 15, 2, 5, NULL, NULL, 1, 134, NULL, NULL, 1, 0, '2017-02-10 23:32:59', 1, '2017-02-25 23:38:30', 1),
(18, 17, 6, 4, 1, NULL, NULL, NULL, NULL, '2017-02-19 19:00:00', 17, 2, 17, 13, 3, 4, NULL, NULL, 1, 541, NULL, NULL, 1, 0, '2017-02-10 23:32:59', 1, '2017-02-25 23:40:38', 1),
(19, 3, 13, 6, 0, NULL, NULL, NULL, NULL, '2017-02-24 20:00:00', 7, 3, 7, 14, 2, 3, NULL, NULL, 1, 279, NULL, NULL, 1, 0, '2017-02-20 15:08:03', 1, '2017-03-01 10:54:25', 1),
(20, 4, 12, 2, 0, NULL, NULL, NULL, NULL, '2017-02-25 17:45:00', 8, 3, 9, 11, 2, 4, NULL, NULL, 1, 392, NULL, NULL, 1, 0, '2017-02-20 15:08:03', 1, '2017-03-01 11:11:16', 1),
(21, 8, 14, 5, 1, NULL, NULL, NULL, NULL, '2017-02-25 18:00:00', 16, 3, 16, 4, 3, 3, NULL, NULL, 1, 217, NULL, NULL, 1, 0, '2017-02-20 15:08:03', 1, '2017-03-02 11:22:37', 1),
(22, 9, 1, 0, 1, NULL, NULL, NULL, NULL, '2017-02-25 19:00:00', 9, 3, 8, 18, 2, 4, NULL, NULL, 1, 259, NULL, NULL, 1, 0, '2017-02-20 15:08:03', 1, '2017-03-02 11:57:17', 1),
(23, 2, 18, 6, 2, NULL, NULL, NULL, NULL, '2017-02-25 20:00:00', 4, 3, 10, 1, 2, 4, NULL, NULL, 1, 13, NULL, NULL, 1, 0, '2017-02-20 15:08:03', 1, '2017-03-02 12:36:14', 1),
(24, 15, 16, 1, 0, NULL, NULL, NULL, NULL, '2017-02-26 18:00:00', 11, 3, 12, 5, 2, 4, NULL, NULL, 1, 132, NULL, NULL, 1, 0, '2017-02-20 15:08:03', 1, '2017-03-01 11:29:26', 1),
(25, 10, 17, 1, 2, NULL, NULL, NULL, NULL, '2017-02-26 18:00:00', 15, 3, 15, 17, 2, 5, NULL, NULL, 1, 542, NULL, NULL, 1, 0, '2017-02-20 15:08:03', 1, '2017-03-02 10:23:21', 1),
(26, 5, 11, 0, 0, NULL, NULL, NULL, NULL, '2017-02-26 19:00:00', 2, 3, 2, 6, 2, 4, NULL, NULL, 1, 346, NULL, NULL, 1, 0, '2017-02-20 15:08:03', 1, '2017-03-01 09:58:56', 1),
(27, 6, 7, 1, 1, NULL, NULL, NULL, NULL, '2017-02-26 19:00:00', 12, 3, 13, 3, 2, 3, NULL, NULL, 1, 498, NULL, NULL, 1, 0, '2017-02-20 15:08:03', 1, '2017-02-27 22:44:58', 1),
(28, 13, 8, 3, 1, NULL, NULL, NULL, NULL, '2017-03-04 17:45:00', 13, 4, 19, 16, 2, 4, NULL, NULL, 1, 621, NULL, NULL, 1, 0, '2017-02-20 15:10:58', 1, '2017-03-07 21:32:41', 1),
(29, 14, 9, 1, 2, NULL, NULL, NULL, NULL, '2017-03-04 18:00:00', 3, 4, 4, 8, 2, 4, NULL, NULL, 1, 613, NULL, NULL, 1, 0, '2017-02-20 15:10:58', 1, '2017-03-06 22:02:24', 1),
(30, 16, 4, 1, 5, NULL, NULL, NULL, NULL, '2017-03-04 19:00:00', 5, 4, 5, 9, 2, 4, NULL, NULL, 1, 68, NULL, NULL, 1, 0, '2017-02-20 15:10:58', 1, '2017-03-05 23:21:26', 1),
(31, 11, 12, 2, 2, NULL, NULL, NULL, NULL, '2017-03-04 19:00:00', 6, 4, 6, 11, 2, 4, NULL, NULL, 1, 568, NULL, NULL, 1, 0, '2017-02-20 15:10:58', 1, '2017-03-06 00:08:00', 1),
(32, 18, 15, 1, 0, NULL, NULL, NULL, NULL, '2017-03-04 20:00:00', 1, 4, 1, 12, 1, 4, NULL, NULL, 1, 134, NULL, NULL, 1, 0, '2017-02-20 15:10:58', 1, '2017-03-05 22:54:54', 1),
(33, 7, 10, 2, 0, NULL, NULL, NULL, NULL, '2017-03-05 18:00:00', 14, 4, 3, 15, 2, 4, NULL, NULL, 1, 576, NULL, NULL, 1, 0, '2017-02-20 15:10:59', 1, '2017-03-07 22:18:24', 1),
(34, 3, 6, 3, 2, NULL, NULL, NULL, NULL, '2017-03-05 18:00:00', 7, 4, 7, 13, 2, 3, NULL, NULL, 1, 279, NULL, NULL, 1, 0, '2017-02-20 15:10:59', 1, '2017-03-06 22:25:14', 1),
(36, 17, 2, 3, 3, NULL, NULL, NULL, NULL, '2017-03-05 19:00:00', 17, 4, 17, 10, 2, 4, NULL, NULL, 1, 306, NULL, NULL, 1, 0, '2017-02-20 15:10:59', 1, '2017-03-07 22:04:04', 1),
(37, 5, 1, 0, 3, NULL, NULL, NULL, NULL, '2017-03-05 19:00:00', 2, 4, 2, 18, 3, 4, NULL, NULL, 1, 413, NULL, NULL, 1, 0, '2017-03-07 12:09:44', 1, '2017-03-07 14:16:56', 1),
(38, 12, 1, 0, 3, NULL, NULL, NULL, NULL, '2017-03-08 17:45:00', 10, 5, 11, 18, 2, 4, NULL, NULL, 1, 235, NULL, NULL, 1, 0, '2017-03-07 22:34:25', 1, '2017-03-10 14:16:39', 1),
(39, 9, 13, 1, 0, NULL, NULL, NULL, NULL, '2017-03-08 17:45:00', 9, 5, 8, 19, 2, 4, NULL, NULL, 1, 203, NULL, NULL, 1, 0, '2017-03-07 22:34:25', 1, '2017-03-10 15:09:17', 1),
(40, 4, 11, 4, 0, NULL, NULL, NULL, NULL, '2017-03-08 18:00:00', 8, 5, 9, 6, 2, 4, NULL, NULL, 1, 516, NULL, NULL, 1, 0, '2017-03-07 22:34:25', 1, '2017-03-10 13:44:02', 1),
(41, 10, 3, 1, 1, NULL, NULL, NULL, NULL, '2017-03-08 18:00:00', 15, 5, 15, 7, 2, 5, NULL, NULL, 1, 394, NULL, NULL, 1, 0, '2017-03-07 22:34:25', 1, '2017-03-10 14:49:27', 1),
(42, 16, 18, 5, 1, NULL, NULL, NULL, NULL, '2017-03-08 19:00:00', 5, 5, 5, 1, 2, 4, NULL, NULL, 1, 34, NULL, NULL, 1, 0, '2017-03-07 22:34:25', 1, '2017-03-10 15:30:27', 1),
(43, 2, 7, 0, 3, NULL, NULL, NULL, NULL, '2017-03-08 19:00:00', 4, 5, 10, 3, 3, 5, NULL, NULL, 1, 578, NULL, NULL, 1, 0, '2017-03-07 22:34:25', 1, '2017-03-10 15:17:10', 1),
(44, 8, 6, 0, 3, NULL, NULL, NULL, NULL, '2017-03-08 19:00:00', 16, 5, 16, 13, 2, 4, NULL, NULL, 1, 266, NULL, NULL, 1, 0, '2017-03-07 22:34:25', 1, '2017-03-10 15:03:10', 1),
(45, 15, 17, 3, 2, NULL, NULL, NULL, NULL, '2017-03-08 20:00:00', 11, 5, 12, 17, 2, 4, NULL, NULL, 1, 154, NULL, NULL, 1, 0, '2017-03-07 22:34:26', 1, '2017-03-10 14:35:47', 1),
(46, 5, 14, 3, 1, NULL, NULL, NULL, NULL, '2017-03-08 20:00:00', 2, 5, 2, 4, 2, 4, NULL, NULL, 1, 617, NULL, NULL, 1, 0, '2017-03-07 22:34:26', 1, '2017-03-10 12:15:46', 1),
(47, 17, 16, 3, 1, NULL, NULL, NULL, NULL, '2017-03-11 17:45:00', 17, 6, 17, 5, 2, 4, NULL, NULL, 1, 543, NULL, NULL, 1, 0, '2017-03-07 22:36:40', 1, '2017-03-14 10:13:02', 1),
(48, 7, 15, 3, 2, NULL, NULL, NULL, NULL, '2017-03-11 18:00:00', 14, 6, 3, 12, 3, 4, NULL, NULL, 1, 132, NULL, NULL, 1, 0, '2017-03-07 22:36:41', 1, '2017-03-14 10:26:07', 1),
(49, 18, 4, 0, 0, NULL, NULL, NULL, NULL, '2017-03-11 19:00:00', 1, 6, 1, 9, 2, 4, NULL, NULL, 1, 189, NULL, NULL, 1, 0, '2017-03-07 22:36:41', 1, '2017-03-13 21:38:38', 1),
(50, 3, 2, 3, 2, NULL, NULL, NULL, NULL, '2017-03-11 19:00:00', 7, 6, 7, 10, 3, 4, NULL, NULL, 1, 79, NULL, NULL, 1, 0, '2017-03-07 22:36:41', 1, '2017-03-13 22:07:02', 1),
(51, 1, 11, 2, 0, NULL, NULL, NULL, NULL, '2017-03-11 20:00:00', 18, 6, 18, 6, 2, 3, NULL, NULL, 1, 12, NULL, NULL, 1, 0, '2017-03-07 22:36:41', 1, '2017-03-13 22:25:58', 1),
(52, 6, 9, 1, 0, NULL, NULL, NULL, NULL, '2017-03-12 18:00:00', 12, 6, 13, 8, 2, 4, NULL, NULL, 1, 335, NULL, NULL, 1, 0, '2017-03-07 22:36:41', 1, '2017-03-13 21:22:19', 1),
(53, 8, 10, 2, 3, NULL, NULL, NULL, NULL, '2017-03-12 18:00:00', 16, 6, 20, 15, 3, 5, NULL, NULL, 1, 217, NULL, NULL, 1, 0, '2017-03-07 22:36:41', 1, '2017-03-14 09:58:25', 1),
(54, 14, 12, 1, 3, NULL, NULL, NULL, NULL, '2017-03-12 19:00:00', 3, 6, 21, 11, 2, 3, NULL, NULL, 1, 598, NULL, NULL, 1, 0, '2017-03-07 22:36:41', 1, '2017-03-13 21:35:22', 1),
(55, 13, 5, 1, 2, NULL, NULL, NULL, NULL, '2017-03-12 19:00:00', 13, 6, 19, 2, 2, 6, NULL, NULL, 1, 617, NULL, NULL, 1, 0, '2017-03-07 22:36:41', 1, '2017-03-13 22:20:54', 1),
(56, 18, 17, 1, 0, NULL, NULL, NULL, NULL, '2017-04-03 17:45:00', 1, 7, 1, 17, 1, 5, NULL, NULL, 1, 218, NULL, NULL, 1, 0, '2017-03-28 14:22:43', 1, '2017-04-04 17:38:02', 1),
(57, 15, 3, 2, 3, NULL, NULL, NULL, NULL, '2017-04-03 18:00:00', 11, 7, 12, 7, 3, 4, NULL, NULL, 1, 154, NULL, NULL, 1, 0, '2017-03-28 14:22:43', 1, '2017-04-05 10:48:48', 1),
(58, 16, 7, 0, 3, NULL, NULL, NULL, NULL, '2017-04-03 18:00:00', 5, 7, 5, 3, 2, 4, NULL, NULL, 1, 572, NULL, NULL, 1, 0, '2017-03-28 14:22:43', 1, '2017-04-05 11:57:28', 1),
(59, 2, 8, 4, 2, NULL, NULL, NULL, NULL, '2017-04-03 19:00:00', 4, 7, 10, 24, 2, 4, NULL, NULL, 1, 222, NULL, NULL, 1, 0, '2017-03-28 14:22:43', 1, '2017-04-05 11:41:45', 1),
(60, 4, 1, 2, 0, NULL, NULL, NULL, NULL, '2017-04-03 19:00:00', 8, 7, 9, 18, 2, 4, NULL, NULL, 1, 516, NULL, NULL, 1, 0, '2017-03-28 14:22:43', 1, '2017-04-04 17:53:32', 1),
(61, 5, 6, 2, 0, NULL, NULL, NULL, NULL, '2017-04-03 19:00:00', 2, 7, 2, 13, 1, 4, NULL, NULL, 1, 103, NULL, NULL, 1, 0, '2017-03-28 14:22:43', 1, '2017-04-04 10:18:49', 1),
(62, 12, 13, 2, 1, NULL, NULL, NULL, NULL, '2017-04-03 19:00:00', 10, 7, 11, 23, 2, 4, NULL, NULL, 1, 298, NULL, NULL, 1, 0, '2017-03-28 14:22:43', 1, '2017-04-04 22:56:13', 1),
(63, 11, 14, 4, 0, NULL, NULL, NULL, NULL, '2017-04-03 20:00:00', 6, 7, 6, 22, 2, 4, NULL, NULL, 1, 114, NULL, NULL, 1, 0, '2017-03-28 14:22:43', 1, '2017-04-04 18:47:40', 1),
(64, 9, 10, 2, 2, NULL, NULL, NULL, NULL, '2017-04-03 20:00:00', 9, 7, 8, 15, 2, 5, NULL, NULL, 1, 374, NULL, NULL, 1, 0, '2017-03-28 14:22:43', 1, '2017-04-05 11:21:42', 1),
(65, 13, 11, NULL, NULL, NULL, NULL, NULL, NULL, '2017-04-08 17:45:00', 13, 8, 23, 6, NULL, NULL, NULL, NULL, 0, 0, NULL, NULL, 1, 0, '2017-04-05 12:10:11', 1, NULL, NULL),
(66, 6, 12, NULL, NULL, NULL, NULL, NULL, NULL, '2017-04-08 18:00:00', 12, 8, 13, 11, NULL, NULL, NULL, NULL, 0, 0, NULL, NULL, 1, 0, '2017-04-05 12:10:11', 1, NULL, NULL),
(67, 8, 15, NULL, NULL, NULL, NULL, NULL, NULL, '2017-04-08 19:00:00', 16, 8, 24, 12, NULL, NULL, NULL, NULL, 0, 0, NULL, NULL, 1, 0, '2017-04-05 12:10:11', 1, NULL, NULL),
(68, 10, 5, NULL, NULL, NULL, NULL, NULL, NULL, '2017-04-08 19:00:00', 15, 8, 15, 2, NULL, NULL, NULL, NULL, 0, 0, NULL, NULL, 1, 0, '2017-04-05 12:10:11', 1, NULL, NULL),
(69, 14, 1, NULL, NULL, NULL, NULL, NULL, NULL, '2017-04-08 20:00:00', 3, 8, 22, 18, NULL, NULL, NULL, NULL, 0, 0, NULL, NULL, 1, 0, '2017-04-05 12:10:11', 1, NULL, NULL),
(70, 7, 18, NULL, NULL, NULL, NULL, NULL, NULL, '2017-04-09 18:00:00', 14, 8, 3, 1, NULL, NULL, NULL, NULL, 0, 0, NULL, NULL, 1, 0, '2017-04-05 12:10:11', 1, NULL, NULL),
(71, 3, 16, NULL, NULL, NULL, NULL, NULL, NULL, '2017-04-09 18:00:00', 7, 8, 7, 5, NULL, NULL, NULL, NULL, 0, 0, NULL, NULL, 1, 0, '2017-04-05 12:10:11', 1, NULL, NULL),
(72, 17, 4, NULL, NULL, NULL, NULL, NULL, NULL, '2017-04-09 19:00:00', 17, 8, 17, 9, NULL, NULL, NULL, NULL, 0, 0, NULL, NULL, 1, 0, '2017-04-05 12:10:11', 1, NULL, NULL),
(73, 9, 2, NULL, NULL, NULL, NULL, NULL, NULL, '2017-04-09 19:00:00', 9, 8, 8, 10, NULL, NULL, NULL, NULL, 0, 0, NULL, NULL, 1, 0, '2017-04-05 12:10:11', 1, NULL, NULL);

-- --------------------------------------------------------

--
-- Table structure for table `match_event`
--

CREATE TABLE `match_event` (
  `id` int(10) UNSIGNED NOT NULL,
  `match_id` int(10) UNSIGNED NOT NULL,
  `club_id` int(10) UNSIGNED NOT NULL,
  `player_id` int(10) UNSIGNED NOT NULL COMMENT 'player in, scorer',
  `second_player_id` int(10) UNSIGNED NOT NULL DEFAULT '0' COMMENT 'player out, assist, saved pen GK',
  `event_id` int(10) UNSIGNED NOT NULL,
  `minute` int(3) UNSIGNED NOT NULL DEFAULT '0',
  `period` int(1) UNSIGNED NOT NULL COMMENT '1-1st half, 2-2nd half, 3-1st ex, 4-2nd ex, 5-pen',
  `area_of_shoot` int(2) UNSIGNED NOT NULL DEFAULT '0',
  `shoot_by` int(2) UNSIGNED NOT NULL DEFAULT '0' COMMENT '1-left foot, 2-right foot, 3-head, 4-other',
  `is_freekick` int(1) UNSIGNED NOT NULL DEFAULT '0',
  `part_of_goal_shot` int(2) UNSIGNED NOT NULL DEFAULT '0',
  `description` text COLLATE utf8_unicode_ci,
  `status` int(1) UNSIGNED NOT NULL DEFAULT '1',
  `deleted` int(1) UNSIGNED NOT NULL DEFAULT '0',
  `created_date` datetime NOT NULL DEFAULT CURRENT_TIMESTAMP,
  `created_by` int(10) UNSIGNED NOT NULL DEFAULT '1',
  `modified_date` datetime DEFAULT NULL,
  `modified_by` int(11) DEFAULT NULL
) ENGINE=MyISAM DEFAULT CHARSET=utf8 COLLATE=utf8_unicode_ci;

--
-- Dumping data for table `match_event`
--

INSERT INTO `match_event` (`id`, `match_id`, `club_id`, `player_id`, `second_player_id`, `event_id`, `minute`, `period`, `area_of_shoot`, `shoot_by`, `is_freekick`, `part_of_goal_shot`, `description`, `status`, `deleted`, `created_date`, `created_by`, `modified_date`, `modified_by`) VALUES
(3, 1, 18, 493, 0, 8, 64, 2, 0, 0, 0, 0, NULL, 1, 0, '2017-02-18 19:20:57', 1, NULL, NULL),
(4, 1, 18, 134, 0, 8, 86, 2, 0, 0, 0, 0, NULL, 1, 0, '2017-02-18 19:21:32', 1, NULL, NULL),
(5, 1, 6, 127, 0, 8, 6, 1, 0, 0, 0, 0, NULL, 1, 0, '2017-02-18 19:21:45', 1, '2017-02-23 11:30:43', 1),
(7, 1, 6, 102, 0, 8, 68, 2, 0, 0, 0, 0, NULL, 1, 0, '2017-02-18 19:22:21', 1, NULL, NULL),
(8, 1, 6, 199, 0, 8, 95, 2, 0, 0, 0, 0, NULL, 1, 0, '2017-02-18 19:23:25', 1, NULL, NULL),
(9, 1, 18, 155, 495, 7, 44, 1, 0, 0, 0, 0, NULL, 1, 0, '2017-02-18 19:24:02', 1, NULL, NULL),
(10, 1, 18, 280, 288, 7, 65, 2, 0, 0, 0, 0, NULL, 1, 0, '2017-02-18 19:24:27', 1, NULL, NULL),
(11, 1, 18, 45, 117, 7, 71, 2, 0, 0, 0, 0, NULL, 1, 0, '2017-02-18 19:24:45', 1, NULL, NULL),
(12, 1, 6, 199, 497, 7, 73, 2, 0, 0, 0, 0, NULL, 1, 0, '2017-02-18 19:25:03', 1, NULL, NULL),
(13, 1, 6, 501, 332, 7, 94, 2, 0, 0, 0, 0, NULL, 1, 0, '2017-02-18 19:25:18', 1, NULL, NULL),
(16, 3, 3, 502, 0, 8, 21, 1, 0, 0, 0, 0, NULL, 1, 0, '2017-02-18 22:48:03', 1, NULL, NULL),
(17, 3, 3, 59, 205, 7, 61, 2, 0, 0, 0, 0, NULL, 1, 0, '2017-02-18 22:49:29', 1, NULL, NULL),
(18, 3, 3, 503, 502, 7, 66, 2, 0, 0, 0, 0, NULL, 1, 0, '2017-02-18 22:50:47', 1, NULL, NULL),
(19, 3, 3, 505, 252, 7, 87, 2, 0, 0, 0, 0, NULL, 1, 0, '2017-02-18 22:51:04', 1, NULL, NULL),
(24, 3, 1, 316, 0, 8, 56, 2, 0, 0, 0, 0, NULL, 1, 0, '2017-02-18 22:52:55', 1, NULL, NULL),
(25, 3, 1, 313, 491, 7, 80, 2, 0, 0, 0, 0, NULL, 1, 0, '2017-02-18 22:53:13', 1, NULL, NULL),
(26, 3, 1, 512, 316, 7, 84, 2, 0, 0, 0, 0, NULL, 1, 0, '2017-02-18 22:54:22', 1, NULL, NULL),
(27, 3, 1, 511, 235, 7, 88, 2, 0, 0, 0, 0, NULL, 1, 0, '2017-02-18 22:54:38', 1, NULL, NULL),
(34, 6, 4, 514, 0, 8, 54, 2, 0, 0, 0, 0, NULL, 1, 0, '2017-02-18 23:55:16', 1, NULL, NULL),
(35, 6, 4, 395, 0, 8, 65, 2, 0, 0, 0, 0, NULL, 1, 0, '2017-02-18 23:55:27', 1, NULL, NULL),
(36, 6, 4, 515, 0, 8, 83, 2, 0, 0, 0, 0, NULL, 1, 0, '2017-02-18 23:55:39', 1, NULL, NULL),
(37, 6, 4, 281, 25, 7, 46, 2, 0, 0, 0, 0, NULL, 1, 0, '2017-02-18 23:55:59', 1, NULL, NULL),
(38, 6, 4, 128, 514, 7, 57, 2, 0, 0, 0, 0, NULL, 1, 0, '2017-02-18 23:59:44', 1, NULL, NULL),
(39, 6, 4, 517, 395, 7, 82, 2, 0, 0, 0, 0, NULL, 1, 0, '2017-02-18 23:59:59', 1, NULL, NULL),
(42, 6, 5, 54, 0, 8, 66, 2, 0, 0, 0, 0, NULL, 1, 0, '2017-02-19 00:02:36', 1, NULL, NULL),
(43, 6, 5, 215, 103, 7, 65, 2, 0, 0, 0, 0, NULL, 1, 0, '2017-02-19 00:03:10', 1, NULL, NULL),
(44, 6, 5, 23, 176, 7, 80, 2, 0, 0, 0, 0, NULL, 1, 0, '2017-02-19 00:03:39', 1, NULL, NULL),
(45, 6, 5, 526, 54, 7, 88, 2, 0, 0, 0, 0, NULL, 1, 0, '2017-02-19 00:03:56', 1, NULL, NULL),
(50, 2, 13, 530, 0, 8, 8, 1, 0, 0, 0, 0, NULL, 1, 0, '2017-02-19 01:33:05', 1, NULL, NULL),
(51, 2, 13, 95, 0, 8, 31, 1, 0, 0, 0, 0, NULL, 1, 0, '2017-02-19 01:33:16', 1, NULL, NULL),
(52, 2, 13, 254, 95, 7, 56, 2, 0, 0, 0, 0, NULL, 1, 0, '2017-02-19 01:33:45', 1, NULL, NULL),
(53, 2, 13, 538, 118, 7, 81, 2, 0, 0, 0, 0, NULL, 1, 0, '2017-02-19 01:34:03', 1, NULL, NULL),
(56, 2, 17, 372, 0, 8, 1, 1, 0, 0, 0, 0, NULL, 1, 0, '2017-02-19 01:35:01', 1, NULL, NULL),
(57, 2, 17, 306, 0, 8, 36, 1, 0, 0, 0, 0, NULL, 1, 0, '2017-02-19 01:35:11', 1, NULL, NULL),
(58, 2, 17, 119, 372, 7, 51, 2, 0, 0, 0, 0, NULL, 1, 0, '2017-02-19 01:35:31', 1, NULL, NULL),
(59, 2, 17, 301, 542, 7, 86, 2, 0, 0, 0, 0, NULL, 1, 0, '2017-02-19 01:35:54', 1, NULL, NULL),
(60, 2, 17, 544, 306, 7, 90, 2, 0, 0, 0, 0, NULL, 1, 0, '2017-02-19 01:36:15', 1, NULL, NULL),
(64, 4, 10, 4, 0, 8, 41, 1, 0, 0, 0, 0, NULL, 1, 0, '2017-02-19 10:07:56', 1, NULL, NULL),
(65, 4, 10, 547, 0, 8, 53, 2, 0, 0, 0, 0, NULL, 1, 0, '2017-02-19 10:08:13', 1, NULL, NULL),
(66, 4, 10, 427, 550, 7, 69, 2, 0, 0, 0, 0, NULL, 1, 0, '2017-02-19 10:08:31', 1, NULL, NULL),
(67, 4, 10, 209, 4, 7, 80, 2, 0, 0, 0, 0, NULL, 1, 0, '2017-02-19 10:09:11', 1, NULL, NULL),
(68, 4, 10, 201, 549, 7, 82, 2, 0, 0, 0, 0, NULL, 1, 0, '2017-02-19 10:09:26', 1, NULL, NULL),
(70, 4, 10, 175, 0, 8, 52, 2, 0, 0, 0, 0, NULL, 1, 0, '2017-02-19 10:10:59', 1, NULL, NULL),
(71, 4, 16, 557, 270, 7, 66, 2, 0, 0, 0, 0, NULL, 1, 0, '2017-02-19 10:11:26', 1, NULL, NULL),
(72, 4, 16, 51, 273, 7, 77, 2, 0, 0, 0, 0, NULL, 1, 0, '2017-02-19 10:12:03', 1, NULL, NULL),
(73, 4, 16, 558, 229, 7, 80, 2, 0, 0, 0, 0, NULL, 1, 0, '2017-02-19 10:12:21', 1, NULL, NULL),
(77, 9, 8, 292, 0, 8, 33, 1, 0, 0, 0, 0, NULL, 1, 0, '2017-02-19 21:52:55', 1, NULL, NULL),
(78, 9, 8, 217, 0, 8, 71, 2, 0, 0, 0, 0, NULL, 1, 0, '2017-02-19 21:53:48', 1, NULL, NULL),
(79, 9, 8, 565, 561, 7, 46, 2, 0, 0, 0, 0, NULL, 1, 0, '2017-02-19 21:54:05', 1, NULL, NULL),
(80, 9, 8, 562, 311, 7, 63, 2, 0, 0, 0, 0, NULL, 1, 0, '2017-02-19 21:54:20', 1, NULL, NULL),
(81, 9, 8, 564, 219, 7, 73, 2, 0, 0, 0, 0, NULL, 1, 0, '2017-02-19 21:54:37', 1, NULL, NULL),
(83, 9, 11, 28, 0, 8, 45, 1, 0, 0, 0, 0, NULL, 1, 0, '2017-02-19 21:56:52', 1, NULL, NULL),
(84, 9, 11, 185, 0, 8, 51, 2, 0, 0, 0, 0, NULL, 1, 0, '2017-02-19 21:57:07', 1, NULL, NULL),
(85, 9, 11, 241, 567, 7, 54, 2, 0, 0, 0, 0, NULL, 1, 0, '2017-02-19 22:02:10', 1, NULL, NULL),
(86, 9, 11, 188, 114, 7, 74, 2, 0, 0, 0, 0, NULL, 1, 0, '2017-02-19 22:03:37', 1, NULL, NULL),
(87, 9, 11, 327, 208, 7, 92, 2, 0, 0, 0, 0, NULL, 1, 0, '2017-02-19 22:04:59', 1, NULL, NULL),
(99, 7, 7, 576, 573, 7, 70, 2, 0, 0, 0, 0, NULL, 1, 0, '2017-02-20 22:12:39', 1, NULL, NULL),
(100, 7, 7, 578, 157, 7, 76, 2, 0, 0, 0, 0, NULL, 1, 0, '2017-02-20 22:12:39', 1, NULL, NULL),
(101, 7, 7, 130, 436, 7, 84, 2, 0, 0, 0, 0, NULL, 1, 0, '2017-02-20 22:12:39', 1, NULL, NULL),
(102, 7, 14, 582, 0, 8, 41, 1, 0, 0, 0, 0, NULL, 1, 0, '2017-02-20 22:12:39', 1, NULL, NULL),
(103, 7, 14, 72, 0, 8, 49, 2, 0, 0, 0, 0, NULL, 1, 0, '2017-02-20 22:12:39', 1, NULL, NULL),
(104, 7, 14, 584, 0, 8, 79, 2, 0, 0, 0, 0, NULL, 1, 0, '2017-02-20 22:12:39', 1, NULL, NULL),
(105, 7, 14, 584, 72, 7, 64, 2, 0, 0, 0, 0, NULL, 1, 0, '2017-02-20 22:12:39', 1, NULL, NULL),
(106, 7, 14, 586, 379, 7, 64, 2, 0, 0, 0, 0, NULL, 1, 0, '2017-02-20 22:12:39', 1, NULL, NULL),
(107, 7, 14, 375, 580, 7, 79, 2, 0, 0, 0, 0, NULL, 1, 0, '2017-02-20 22:12:39', 1, NULL, NULL),
(116, 5, 9, 590, 0, 8, 7, 1, 0, 0, 0, 0, NULL, 1, 0, '2017-02-21 21:47:52', 1, NULL, NULL),
(117, 5, 9, 407, 0, 5, 89, 2, 0, 0, 0, 0, NULL, 1, 0, '2017-02-21 21:47:52', 1, NULL, NULL),
(118, 5, 9, 21, 10, 7, 67, 2, 0, 0, 0, 0, NULL, 1, 0, '2017-02-21 21:47:52', 1, NULL, NULL),
(119, 5, 9, 407, 97, 7, 74, 2, 0, 0, 0, 0, NULL, 1, 0, '2017-02-21 21:47:52', 1, NULL, NULL),
(120, 5, 9, 381, 589, 7, 81, 2, 0, 0, 0, 0, NULL, 1, 0, '2017-02-21 21:47:52', 1, NULL, NULL),
(121, 5, 12, 129, 0, 8, 43, 1, 0, 0, 0, 0, NULL, 1, 0, '2017-02-21 21:47:52', 1, NULL, NULL),
(122, 5, 12, 324, 0, 8, 75, 2, 0, 0, 0, 0, NULL, 1, 0, '2017-02-21 21:47:52', 1, NULL, NULL),
(123, 5, 12, 596, 0, 8, 95, 2, 0, 0, 0, 0, NULL, 1, 0, '2017-02-21 21:47:52', 1, NULL, NULL),
(124, 5, 12, 319, 0, 5, 89, 2, 0, 0, 0, 0, NULL, 1, 0, '2017-02-21 21:47:52', 1, NULL, NULL),
(125, 5, 12, 330, 65, 7, 55, 2, 0, 0, 0, 0, NULL, 1, 0, '2017-02-21 21:47:52', 1, NULL, NULL),
(126, 5, 12, 258, 129, 7, 65, 2, 0, 0, 0, 0, NULL, 1, 0, '2017-02-21 21:47:52', 1, NULL, NULL),
(127, 5, 12, 66, 599, 7, 72, 2, 0, 0, 0, 0, NULL, 1, 0, '2017-02-21 21:47:52', 1, NULL, NULL),
(129, 8, 2, 139, 0, 8, 54, 2, 0, 0, 0, 0, NULL, 1, 0, '2017-02-21 22:09:40', 1, NULL, NULL),
(130, 8, 2, 602, 465, 7, 15, 1, 0, 0, 0, 0, NULL, 1, 0, '2017-02-21 22:09:40', 1, NULL, NULL),
(131, 8, 2, 63, 79, 7, 68, 2, 0, 0, 0, 0, NULL, 1, 0, '2017-02-21 22:09:40', 1, NULL, NULL),
(132, 8, 2, 393, 85, 7, 83, 2, 0, 0, 0, 0, NULL, 1, 0, '2017-02-21 22:09:40', 1, NULL, NULL),
(133, 8, 15, 154, 0, 8, 42, 1, 0, 0, 0, 0, NULL, 1, 0, '2017-02-21 22:09:40', 1, NULL, NULL),
(134, 8, 15, 604, 149, 7, 70, 2, 0, 0, 0, 0, NULL, 1, 0, '2017-02-21 22:09:40', 1, NULL, NULL),
(135, 8, 15, 125, 207, 7, 76, 2, 0, 0, 0, 0, NULL, 1, 0, '2017-02-21 22:09:40', 1, NULL, NULL),
(136, 1, 6, 291, 199, 1, 78, 2, 15, 3, 0, 6, NULL, 1, 0, '2017-02-21 22:20:33', 1, '2017-02-23 21:52:18', 1),
(137, 1, 18, 355, 218, 1, 95, 2, 11, 3, 0, 2, NULL, 1, 0, '2017-02-21 22:21:59', 1, '2017-02-23 21:54:12', 1),
(138, 3, 1, 491, 412, 1, 8, 1, 12, 1, 0, 4, NULL, 1, 0, '2017-02-21 22:24:46', 1, '2017-02-23 21:56:13', 1),
(139, 3, 1, 94, 413, 1, 63, 2, 14, 3, 0, 3, NULL, 1, 0, '2017-02-21 22:25:56', 1, '2017-02-23 21:56:32', 1),
(140, 3, 1, 491, 235, 1, 65, 2, 15, 2, 0, 3, NULL, 1, 0, '2017-02-21 22:27:00', 1, '2017-02-23 21:56:53', 1),
(141, 3, 1, 313, 94, 1, 82, 2, 10, 1, 0, 3, NULL, 1, 0, '2017-02-21 22:28:06', 1, '2017-02-23 21:57:29', 1),
(142, 6, 5, 103, 346, 1, 40, 1, 11, 2, 0, 3, NULL, 1, 0, '2017-02-22 21:43:39', 1, '2017-02-23 21:59:56', 1),
(143, 6, 5, 103, 462, 1, 43, 1, 14, 2, 0, 1, NULL, 1, 0, '2017-02-22 21:44:56', 1, '2017-02-23 22:00:16', 1),
(144, 6, 4, 516, 11, 1, 74, 2, 14, 1, 0, 2, NULL, 1, 0, '2017-02-22 21:46:18', 1, '2017-02-23 22:00:53', 1),
(145, 6, 4, 515, 395, 1, 78, 2, 13, 3, 0, 3, NULL, 1, 0, '2017-02-22 21:47:43', 1, '2017-02-23 22:01:12', 1),
(146, 2, 17, 541, 309, 1, 12, 1, 14, 2, 0, 2, NULL, 1, 0, '2017-02-22 21:52:38', 1, '2017-02-23 22:07:03', 1),
(147, 2, 17, 542, 0, 3, 76, 2, 0, 2, 0, 1, NULL, 1, 0, '2017-02-22 22:11:19', 1, NULL, NULL),
(148, 4, 16, 270, 229, 1, 19, 1, 12, 3, 0, 4, NULL, 1, 0, '2017-02-22 22:13:35', 1, '2017-02-23 22:12:19', 1),
(149, 4, 10, 550, 145, 1, 26, 1, 10, 1, 0, 1, NULL, 1, 0, '2017-02-22 22:14:36', 1, '2017-02-23 22:12:43', 1),
(150, 4, 10, 285, 549, 1, 37, 1, 12, 1, 0, 4, NULL, 1, 0, '2017-02-22 22:15:40', 1, '2017-02-23 22:13:12', 1),
(151, 9, 11, 208, 568, 1, 27, 1, 11, 2, 0, 3, NULL, 1, 0, '2017-02-22 22:17:22', 1, '2017-02-23 22:16:23', 1),
(152, 7, 7, 436, 157, 1, 23, 1, 14, 3, 0, 2, NULL, 1, 0, '2017-02-22 22:18:56', 1, '2017-02-23 22:17:55', 1),
(153, 7, 7, 436, 572, 1, 53, 2, 11, 2, 0, 6, NULL, 1, 0, '2017-02-22 22:19:44', 1, '2017-02-23 22:18:41', 1),
(154, 7, 7, 436, 576, 1, 81, 2, 12, 1, 0, 4, NULL, 1, 0, '2017-02-22 22:20:39', 1, '2017-02-23 22:18:47', 1),
(155, 7, 7, 574, 572, 1, 89, 2, 14, 2, 0, 1, NULL, 1, 0, '2017-02-22 22:22:07', 1, '2017-02-23 22:19:19', 1),
(156, 5, 9, 589, 0, 1, 60, 2, 5, 2, 0, 6, NULL, 1, 0, '2017-02-22 22:23:36', 1, '2017-02-23 22:21:42', 1),
(157, 5, 9, 374, 0, 3, 76, 2, 0, 2, 0, 1, NULL, 1, 0, '2017-02-22 22:25:27', 1, NULL, NULL),
(158, 8, 2, 222, 0, 1, 26, 1, 10, 2, 0, 1, NULL, 1, 0, '2017-02-22 22:27:01', 1, '2017-02-23 22:23:34', 1),
(161, 12, 14, 416, 0, 8, 62, 2, 0, 0, 0, 0, NULL, 1, 0, '2017-02-25 09:37:09', 1, NULL, NULL),
(162, 12, 14, 580, 586, 7, 75, 2, 0, 0, 0, 0, NULL, 1, 0, '2017-02-25 09:37:44', 1, NULL, NULL),
(163, 12, 14, 579, 584, 7, 82, 2, 0, 0, 0, 0, NULL, 1, 0, '2017-02-25 09:37:44', 1, NULL, NULL),
(164, 12, 14, 608, 43, 7, 92, 2, 0, 0, 0, 0, NULL, 1, 0, '2017-02-25 09:37:44', 1, NULL, NULL),
(165, 12, 3, 406, 0, 8, 32, 1, 0, 0, 0, 0, NULL, 1, 0, '2017-02-25 09:39:05', 1, NULL, NULL),
(166, 12, 3, 505, 0, 8, 33, 1, 0, 0, 0, 0, NULL, 1, 0, '2017-02-25 09:39:05', 1, NULL, NULL),
(167, 12, 3, 210, 0, 8, 67, 2, 0, 0, 0, 0, NULL, 1, 0, '2017-02-25 09:39:05', 1, NULL, NULL),
(168, 12, 3, 233, 0, 8, 91, 2, 0, 0, 0, 0, NULL, 1, 0, '2017-02-25 09:39:06', 1, NULL, NULL),
(169, 12, 3, 503, 252, 7, 73, 2, 0, 0, 0, 0, NULL, 1, 0, '2017-02-25 09:39:06', 1, NULL, NULL),
(170, 12, 3, 48, 279, 7, 74, 2, 0, 0, 0, 0, NULL, 1, 0, '2017-02-25 09:39:06', 1, NULL, NULL),
(171, 12, 3, 506, 406, 7, 85, 2, 0, 0, 0, 0, NULL, 1, 0, '2017-02-25 09:39:06', 1, NULL, NULL),
(172, 17, 18, 494, 280, 1, 7, 1, 15, 2, 0, 2, NULL, 1, 0, '2017-02-25 10:04:25', 1, '2017-02-25 10:08:31', 1),
(173, 17, 18, 45, 355, 1, 64, 2, 6, 2, 0, 4, NULL, 1, 0, '2017-02-25 10:04:25', 1, '2017-02-25 10:14:45', 1),
(174, 17, 18, 493, 134, 1, 72, 2, 14, 2, 0, 3, NULL, 1, 0, '2017-02-25 10:04:25', 1, '2017-02-25 10:16:52', 1),
(175, 17, 18, 117, 0, 8, 31, 1, 0, 0, 0, 0, NULL, 1, 0, '2017-02-25 10:04:25', 1, NULL, NULL),
(176, 17, 18, 134, 0, 8, 68, 2, 0, 0, 0, 0, NULL, 1, 0, '2017-02-25 10:04:25', 1, NULL, NULL),
(177, 17, 18, 189, 0, 8, 93, 2, 0, 0, 0, 0, NULL, 1, 0, '2017-02-25 10:04:25', 1, NULL, NULL),
(178, 17, 18, 288, 0, 8, 95, 2, 0, 0, 0, 0, NULL, 1, 0, '2017-02-25 10:04:25', 1, NULL, NULL),
(179, 17, 18, 187, 0, 8, 95, 2, 0, 0, 0, 0, NULL, 1, 0, '2017-02-25 10:04:26', 1, NULL, NULL),
(180, 17, 18, 45, 494, 7, 58, 2, 0, 0, 0, 0, NULL, 1, 0, '2017-02-25 10:04:26', 1, NULL, NULL),
(181, 17, 18, 288, 280, 7, 78, 2, 0, 0, 0, 0, NULL, 1, 0, '2017-02-25 10:04:26', 1, NULL, NULL),
(182, 17, 18, 187, 493, 7, 85, 2, 0, 0, 0, 0, NULL, 1, 0, '2017-02-25 10:04:26', 1, NULL, NULL),
(183, 17, 10, 285, 0, 1, 29, 1, 11, 1, 0, 2, NULL, 1, 0, '2017-02-25 10:04:26', 1, '2017-02-25 10:10:06', 1),
(184, 17, 10, 285, 145, 1, 39, 1, 14, 3, 0, 3, NULL, 1, 0, '2017-02-25 10:04:26', 1, '2017-02-25 10:12:44', 1),
(185, 17, 10, 394, 0, 8, 32, 1, 0, 0, 0, 0, NULL, 1, 0, '2017-02-25 10:04:26', 1, NULL, NULL),
(186, 17, 10, 285, 0, 8, 53, 2, 0, 0, 0, 0, NULL, 1, 0, '2017-02-25 10:04:26', 1, NULL, NULL),
(187, 17, 10, 394, 0, 6, 59, 2, 0, 0, 0, 0, NULL, 1, 0, '2017-02-25 10:04:26', 1, NULL, NULL),
(188, 17, 10, 350, 552, 7, 63, 2, 0, 0, 0, 0, NULL, 1, 0, '2017-02-25 10:04:26', 1, NULL, NULL),
(189, 17, 10, 549, 201, 7, 76, 2, 0, 0, 0, 0, NULL, 1, 0, '2017-02-25 10:04:26', 1, NULL, NULL),
(190, 17, 10, 351, 14, 7, 76, 2, 0, 0, 0, 0, NULL, 1, 0, '2017-02-25 10:04:26', 1, NULL, NULL),
(191, 16, 9, 590, 0, 2, 92, 2, 0, 0, 0, 0, NULL, 1, 0, '2017-02-25 10:37:46', 1, NULL, NULL),
(192, 16, 11, 185, 0, 8, 71, 2, 0, 0, 0, 0, NULL, 1, 0, '2017-02-25 10:37:46', 1, NULL, NULL),
(193, 16, 11, 188, 0, 8, 87, 2, 0, 0, 0, 0, NULL, 1, 0, '2017-02-25 10:37:46', 1, NULL, NULL),
(194, 16, 11, 362, 20, 7, 62, 2, 0, 0, 0, 0, NULL, 1, 0, '2017-02-25 10:37:46', 1, NULL, NULL),
(195, 16, 11, 108, 295, 7, 66, 2, 0, 0, 0, 0, NULL, 1, 0, '2017-02-25 10:37:47', 1, NULL, NULL),
(196, 16, 11, 188, 114, 7, 80, 2, 0, 0, 0, 0, NULL, 1, 0, '2017-02-25 10:37:47', 1, NULL, NULL),
(198, 16, 9, 97, 0, 8, 35, 1, 0, 0, 0, 0, NULL, 1, 0, '2017-02-25 10:37:47', 1, NULL, NULL),
(199, 16, 9, 21, 0, 8, 66, 2, 0, 0, 0, 0, NULL, 1, 0, '2017-02-25 10:37:47', 1, NULL, NULL),
(200, 16, 9, 318, 0, 8, 74, 2, 0, 0, 0, 0, NULL, 1, 0, '2017-02-25 10:37:47', 1, NULL, NULL),
(201, 16, 9, 591, 203, 7, 46, 2, 0, 0, 0, 0, NULL, 1, 0, '2017-02-25 10:37:47', 1, NULL, NULL),
(202, 16, 9, 21, 97, 7, 57, 2, 0, 0, 0, 0, NULL, 1, 0, '2017-02-25 10:37:47', 1, NULL, NULL),
(203, 16, 9, 225, 10, 7, 83, 2, 0, 0, 0, 0, NULL, 1, 0, '2017-02-25 10:37:47', 1, NULL, NULL),
(204, 16, 9, 374, 0, 3, 54, 2, 0, 2, 0, 1, NULL, 1, 0, '2017-02-25 10:40:19', 1, '2017-02-25 10:40:50', 1),
(205, 18, 17, 309, 372, 1, 12, 1, 14, 3, 0, 1, NULL, 1, 0, '2017-02-25 10:55:30', 1, '2017-02-25 11:05:05', 1),
(206, 18, 17, 541, 307, 1, 47, 2, 14, 2, 0, 6, NULL, 1, 0, '2017-02-25 10:55:30', 1, '2017-02-25 11:09:06', 1),
(207, 18, 17, 372, 0, 1, 48, 1, 5, 2, 1, 5, NULL, 1, 0, '2017-02-25 10:55:30', 1, '2017-02-26 00:06:54', 1),
(208, 18, 17, 542, 0, 1, 53, 2, 14, 2, 0, 5, NULL, 1, 0, '2017-02-25 10:55:30', 1, '2017-02-25 11:12:30', 1),
(209, 18, 17, 546, 304, 7, 24, 1, 0, 0, 0, 0, NULL, 1, 0, '2017-02-25 10:55:30', 1, NULL, NULL),
(210, 18, 17, 614, 542, 7, 64, 2, 0, 0, 0, 0, NULL, 1, 0, '2017-02-25 10:55:31', 1, NULL, NULL),
(211, 18, 17, 301, 372, 7, 78, 2, 0, 0, 0, 0, NULL, 1, 0, '2017-02-25 10:55:31', 1, NULL, NULL),
(212, 18, 6, 498, 496, 1, 60, 2, 6, 2, 0, 1, NULL, 1, 0, '2017-02-25 10:55:31', 1, '2017-02-25 11:15:49', 1),
(213, 18, 6, 84, 0, 8, 45, 1, 0, 0, 0, 0, NULL, 1, 0, '2017-02-25 10:55:31', 1, NULL, NULL),
(214, 18, 6, 500, 0, 8, 68, 2, 0, 0, 0, 0, NULL, 1, 0, '2017-02-25 10:55:31', 1, NULL, NULL),
(215, 18, 6, 199, 266, 7, 49, 2, 0, 0, 0, 0, NULL, 1, 0, '2017-02-25 10:55:31', 1, NULL, NULL),
(216, 18, 6, 500, 332, 7, 51, 2, 0, 0, 0, 0, NULL, 1, 0, '2017-02-25 10:55:31', 1, NULL, NULL),
(217, 18, 6, 335, 127, 7, 67, 2, 0, 0, 0, 0, NULL, 1, 0, '2017-02-25 10:55:31', 1, NULL, NULL),
(218, 15, 12, 598, 324, 1, 81, 2, 15, 3, 0, 5, NULL, 1, 0, '2017-02-25 12:30:10', 1, '2017-02-26 00:08:53', 1),
(219, 15, 12, 322, 596, 1, 94, 2, 13, 2, 0, 3, NULL, 1, 0, '2017-02-25 12:30:10', 1, '2017-02-26 00:11:59', 1),
(220, 15, 12, 65, 0, 8, 34, 1, 0, 0, 0, 0, NULL, 1, 0, '2017-02-25 12:30:10', 1, NULL, NULL),
(221, 15, 12, 65, 0, 6, 52, 2, 0, 0, 0, 0, NULL, 1, 0, '2017-02-25 12:30:10', 1, NULL, NULL),
(222, 15, 12, 598, 0, 8, 62, 2, 0, 0, 0, 0, NULL, 1, 0, '2017-02-25 12:30:10', 1, NULL, NULL),
(223, 15, 12, 66, 0, 8, 63, 2, 0, 0, 0, 0, NULL, 1, 0, '2017-02-25 12:30:11', 1, NULL, NULL),
(224, 15, 12, 599, 0, 8, 89, 2, 0, 0, 0, 0, NULL, 1, 0, '2017-02-25 12:30:11', 1, NULL, NULL),
(225, 15, 12, 322, 0, 8, 94, 2, 0, 0, 0, 0, NULL, 1, 0, '2017-02-25 12:30:11', 1, NULL, NULL),
(226, 15, 12, 65, 258, 7, 18, 1, 0, 0, 0, 0, NULL, 1, 0, '2017-02-25 12:30:11', 1, NULL, NULL),
(227, 15, 12, 121, 66, 7, 76, 2, 0, 0, 0, 0, NULL, 1, 0, '2017-02-25 12:30:11', 1, NULL, NULL),
(228, 15, 12, 322, 598, 7, 82, 2, 0, 0, 0, 0, NULL, 1, 0, '2017-02-25 12:30:11', 1, NULL, NULL),
(229, 15, 5, 523, 176, 1, 68, 2, 15, 3, 0, 4, NULL, 1, 0, '2017-02-25 12:30:11', 1, '2017-02-26 00:06:36', 1),
(230, 15, 5, 41, 0, 8, 62, 2, 0, 0, 0, 0, NULL, 1, 0, '2017-02-25 12:30:11', 1, NULL, NULL),
(231, 15, 5, 346, 0, 8, 74, 2, 0, 0, 0, 0, NULL, 1, 0, '2017-02-25 12:30:11', 1, NULL, NULL),
(232, 15, 5, 77, 0, 8, 85, 2, 0, 0, 0, 0, NULL, 1, 0, '2017-02-25 12:30:11', 1, NULL, NULL),
(233, 15, 5, 183, 176, 7, 69, 2, 0, 0, 0, 0, NULL, 1, 0, '2017-02-25 12:30:11', 1, NULL, NULL),
(234, 15, 5, 618, 103, 7, 87, 2, 0, 0, 0, 0, NULL, 1, 0, '2017-02-25 12:30:11', 1, NULL, NULL),
(235, 15, 5, 617, 523, 7, 88, 2, 0, 0, 0, 0, NULL, 1, 0, '2017-02-25 12:30:11', 1, NULL, NULL),
(236, 13, 15, 140, 125, 1, 85, 2, 11, 2, 0, 3, NULL, 1, 0, '2017-02-26 00:23:35', 1, '2017-02-26 00:30:34', 1),
(237, 13, 15, 101, 0, 8, 63, 2, 0, 0, 0, 0, NULL, 1, 0, '2017-02-26 00:23:35', 1, NULL, NULL),
(238, 13, 15, 604, 207, 7, 46, 2, 0, 0, 0, 0, NULL, 1, 0, '2017-02-26 00:23:35', 1, NULL, NULL),
(239, 13, 15, 132, 9, 7, 71, 2, 0, 0, 0, 0, NULL, 1, 0, '2017-02-26 00:23:35', 1, NULL, NULL),
(240, 13, 15, 125, 149, 7, 71, 2, 0, 0, 0, 0, NULL, 1, 0, '2017-02-26 00:23:35', 1, NULL, NULL),
(241, 13, 4, 516, 426, 1, 47, 1, 14, 1, 0, 3, NULL, 1, 0, '2017-02-26 00:23:35', 1, '2017-02-26 00:25:52', 1),
(242, 13, 4, 516, 11, 1, 51, 2, 2, 1, 0, 1, NULL, 1, 0, '2017-02-26 00:23:36', 1, '2017-02-26 00:28:14', 1),
(243, 13, 4, 399, 0, 8, 35, 1, 0, 0, 0, 0, NULL, 1, 0, '2017-02-26 00:23:36', 1, NULL, NULL),
(244, 13, 4, 128, 0, 8, 56, 2, 0, 0, 0, 0, NULL, 1, 0, '2017-02-26 00:23:36', 1, NULL, NULL),
(245, 13, 4, 128, 399, 7, 53, 2, 0, 0, 0, 0, NULL, 1, 0, '2017-02-26 00:23:36', 1, NULL, NULL),
(246, 13, 4, 231, 426, 7, 74, 2, 0, 0, 0, 0, NULL, 1, 0, '2017-02-26 00:23:36', 1, NULL, NULL),
(247, 13, 4, 281, 516, 7, 93, 2, 0, 0, 0, 0, NULL, 1, 0, '2017-02-26 00:23:36', 1, NULL, NULL),
(248, 11, 7, 572, 574, 1, 17, 1, 14, 2, 0, 5, NULL, 1, 0, '2017-02-26 09:24:43', 1, '2017-02-26 09:28:59', 1),
(249, 11, 7, 572, 574, 1, 71, 2, 15, 4, 0, 1, NULL, 1, 0, '2017-02-26 09:24:43', 1, '2017-02-26 09:34:37', 1),
(250, 11, 7, 576, 574, 1, 92, 2, 10, 2, 0, 2, NULL, 1, 0, '2017-02-26 09:24:43', 1, '2017-02-26 09:36:53', 1),
(251, 11, 7, 575, 0, 8, 28, 1, 0, 0, 0, 0, NULL, 1, 0, '2017-02-26 09:24:43', 1, NULL, NULL),
(252, 11, 7, 578, 573, 7, 74, 2, 0, 0, 0, 0, NULL, 1, 0, '2017-02-26 09:24:43', 1, NULL, NULL),
(253, 11, 7, 576, 157, 7, 74, 2, 0, 0, 0, 0, NULL, 1, 0, '2017-02-26 09:24:43', 1, NULL, NULL),
(254, 11, 7, 78, 158, 7, 77, 2, 0, 0, 0, 0, NULL, 1, 0, '2017-02-26 09:24:43', 1, NULL, NULL),
(255, 11, 13, 529, 533, 1, 69, 2, 14, 2, 0, 6, NULL, 1, 0, '2017-02-26 09:24:43', 1, '2017-02-26 09:31:17', 1),
(256, 11, 13, 532, 446, 4, 77, 2, 0, 2, 0, 0, NULL, 1, 0, '2017-02-26 09:24:43', 1, '2017-02-26 09:41:40', 1),
(257, 11, 13, 289, 0, 8, 5, 1, 0, 0, 0, 0, NULL, 1, 0, '2017-02-26 09:24:43', 1, NULL, NULL),
(258, 11, 13, 530, 0, 8, 14, 1, 0, 0, 0, 0, NULL, 1, 0, '2017-02-26 09:24:43', 1, NULL, NULL),
(259, 11, 13, 95, 0, 8, 50, 2, 0, 0, 0, 0, NULL, 1, 0, '2017-02-26 09:24:43', 1, NULL, NULL),
(260, 11, 13, 533, 0, 8, 67, 2, 0, 0, 0, 0, NULL, 1, 0, '2017-02-26 09:24:43', 1, NULL, NULL),
(261, 11, 13, 535, 0, 8, 81, 2, 0, 0, 0, 0, NULL, 1, 0, '2017-02-26 09:24:43', 1, NULL, NULL),
(262, 11, 13, 254, 621, 7, 61, 2, 0, 0, 0, 0, NULL, 1, 0, '2017-02-26 09:24:43', 1, NULL, NULL),
(263, 11, 13, 534, 289, 7, 71, 2, 0, 0, 0, 0, NULL, 1, 0, '2017-02-26 09:24:43', 1, NULL, NULL),
(264, 11, 13, 538, 95, 7, 86, 2, 0, 0, 0, 0, NULL, 1, 0, '2017-02-26 09:24:43', 1, NULL, NULL),
(265, 10, 1, 244, 413, 1, 53, 2, 15, 4, 0, 6, NULL, 1, 0, '2017-02-26 10:09:05', 1, '2017-02-26 10:10:44', 1),
(266, 10, 1, 510, 172, 7, 64, 2, 0, 0, 0, 0, NULL, 1, 0, '2017-02-26 10:09:05', 1, NULL, NULL),
(267, 10, 1, 94, 491, 7, 76, 2, 0, 0, 0, 0, NULL, 1, 0, '2017-02-26 10:09:05', 1, NULL, NULL),
(268, 10, 1, 433, 313, 7, 87, 2, 0, 0, 0, 0, NULL, 1, 0, '2017-02-26 10:09:05', 1, NULL, NULL),
(269, 10, 8, 565, 0, 8, 59, 2, 0, 0, 0, 0, NULL, 1, 0, '2017-02-26 10:09:05', 1, NULL, NULL),
(270, 10, 8, 219, 0, 8, 59, 2, 0, 0, 0, 0, NULL, 1, 0, '2017-02-26 10:09:05', 1, NULL, NULL),
(271, 10, 8, 562, 0, 8, 70, 2, 0, 0, 0, 0, NULL, 1, 0, '2017-02-26 10:09:06', 1, NULL, NULL),
(272, 10, 8, 564, 561, 7, 60, 2, 0, 0, 0, 0, NULL, 1, 0, '2017-02-26 10:09:06', 1, NULL, NULL),
(273, 10, 8, 217, 89, 7, 75, 2, 0, 0, 0, 0, NULL, 1, 0, '2017-02-26 10:09:06', 1, NULL, NULL),
(274, 10, 8, 292, 219, 7, 82, 2, 0, 0, 0, 0, NULL, 1, 0, '2017-02-26 10:09:06', 1, NULL, NULL),
(275, 14, 16, 557, 558, 1, 86, 2, 14, 3, 0, 6, NULL, 1, 0, '2017-02-26 18:35:00', 1, '2017-02-26 18:52:37', 1),
(276, 14, 16, 270, 0, 8, 24, 1, 0, 0, 0, 0, NULL, 1, 0, '2017-02-26 18:35:00', 1, NULL, NULL),
(277, 14, 16, 557, 51, 7, 55, 2, 0, 0, 0, 0, NULL, 1, 0, '2017-02-26 18:35:00', 1, NULL, NULL),
(278, 14, 16, 558, 270, 7, 71, 2, 0, 0, 0, 0, NULL, 1, 0, '2017-02-26 18:35:00', 1, NULL, NULL),
(279, 14, 16, 556, 229, 7, 81, 2, 0, 0, 0, 0, NULL, 1, 0, '2017-02-26 18:35:00', 1, NULL, NULL),
(280, 14, 2, 79, 0, 8, 86, 2, 0, 0, 0, 0, NULL, 1, 0, '2017-02-26 18:35:00', 1, NULL, NULL),
(281, 14, 2, 358, 92, 7, 66, 2, 0, 0, 0, 0, NULL, 1, 0, '2017-02-26 18:35:00', 1, NULL, NULL),
(282, 14, 2, 37, 139, 7, 66, 2, 0, 0, 0, 0, NULL, 1, 0, '2017-02-26 18:35:00', 1, NULL, NULL),
(283, 14, 2, 13, 222, 7, 71, 2, 0, 0, 0, 0, NULL, 1, 0, '2017-02-26 18:35:00', 1, NULL, NULL),
(284, 27, 6, 498, 497, 1, 79, 2, 13, 3, 0, 3, NULL, 1, 0, '2017-02-27 22:20:16', 1, '2017-02-27 22:40:42', 1),
(285, 27, 6, 499, 0, 8, 33, 1, 0, 0, 0, 0, NULL, 1, 0, '2017-02-27 22:20:16', 1, NULL, NULL),
(286, 27, 6, 496, 0, 8, 52, 2, 0, 0, 0, 0, NULL, 1, 0, '2017-02-27 22:20:16', 1, NULL, NULL),
(287, 27, 6, 199, 0, 8, 86, 2, 0, 0, 0, 0, NULL, 1, 0, '2017-02-27 22:20:16', 1, NULL, NULL),
(288, 27, 6, 127, 0, 5, 86, 2, 0, 0, 0, 0, NULL, 1, 0, '2017-02-27 22:20:16', 1, NULL, NULL),
(290, 27, 6, 199, 332, 7, 66, 2, 0, 0, 0, 0, NULL, 1, 0, '2017-02-27 22:20:16', 1, NULL, NULL),
(291, 27, 6, 102, 335, 7, 70, 2, 0, 0, 0, 0, NULL, 1, 0, '2017-02-27 22:20:16', 1, NULL, NULL),
(292, 27, 6, 57, 496, 7, 92, 2, 0, 0, 0, 0, NULL, 1, 0, '2017-02-27 22:20:16', 1, NULL, NULL),
(293, 27, 7, 578, 0, 1, 59, 2, 5, 2, 1, 3, NULL, 1, 0, '2017-02-27 22:20:16', 1, '2017-02-27 22:37:46', 1),
(294, 27, 7, 572, 0, 8, 74, 2, 0, 0, 0, 0, NULL, 1, 0, '2017-02-27 22:20:16', 1, NULL, NULL),
(295, 27, 7, 574, 0, 5, 86, 2, 0, 0, 0, 0, NULL, 1, 0, '2017-02-27 22:20:16', 1, NULL, NULL),
(296, 27, 7, 130, 573, 7, 69, 2, 0, 0, 0, 0, NULL, 1, 0, '2017-02-27 22:20:16', 1, NULL, NULL),
(297, 27, 7, 574, 576, 7, 76, 2, 0, 0, 0, 0, NULL, 1, 0, '2017-02-27 22:20:16', 1, NULL, NULL),
(298, 27, 7, 49, 436, 7, 84, 2, 0, 0, 0, 0, NULL, 1, 0, '2017-02-27 22:20:16', 1, NULL, NULL),
(299, 26, 5, 54, 0, 8, 75, 2, 0, 0, 0, 0, NULL, 1, 0, '2017-03-01 09:53:13', 1, NULL, NULL),
(300, 26, 5, 176, 103, 7, 71, 2, 0, 0, 0, 0, NULL, 1, 0, '2017-03-01 09:53:14', 1, NULL, NULL),
(301, 26, 5, 42, 183, 7, 75, 2, 0, 0, 0, 0, NULL, 1, 0, '2017-03-01 09:53:14', 1, NULL, NULL),
(302, 26, 5, 462, 54, 7, 87, 2, 0, 0, 0, 0, NULL, 1, 0, '2017-03-01 09:53:14', 1, NULL, NULL),
(303, 26, 11, 108, 0, 8, 35, 1, 0, 0, 0, 0, NULL, 1, 0, '2017-03-01 09:53:14', 1, NULL, NULL),
(304, 26, 11, 28, 0, 8, 66, 2, 0, 0, 0, 0, NULL, 1, 0, '2017-03-01 09:53:14', 1, NULL, NULL),
(305, 26, 11, 364, 0, 8, 84, 2, 0, 0, 0, 0, NULL, 1, 0, '2017-03-01 09:53:14', 1, NULL, NULL),
(306, 26, 11, 295, 20, 7, 62, 2, 0, 0, 0, 0, NULL, 1, 0, '2017-03-01 09:53:14', 1, NULL, NULL),
(307, 26, 11, 188, 208, 7, 73, 2, 0, 0, 0, 0, NULL, 1, 0, '2017-03-01 09:53:14', 1, NULL, NULL),
(308, 26, 11, 362, 114, 7, 81, 2, 0, 0, 0, 0, NULL, 1, 0, '2017-03-01 09:53:14', 1, NULL, NULL),
(309, 19, 3, 502, 279, 1, 30, 1, 6, 1, 0, 6, NULL, 1, 0, '2017-03-01 10:22:59', 1, '2017-03-01 10:27:47', 1),
(310, 19, 3, 233, 502, 1, 46, 1, 14, 3, 0, 1, NULL, 1, 0, '2017-03-01 10:22:59', 1, '2017-03-01 10:29:17', 1),
(311, 19, 3, 279, 406, 1, 67, 2, 10, 2, 0, 3, NULL, 1, 0, '2017-03-01 10:22:59', 1, '2017-03-01 10:42:43', 1),
(312, 19, 3, 279, 502, 1, 70, 2, 11, 2, 0, 1, NULL, 1, 0, '2017-03-01 10:22:59', 1, '2017-03-01 10:44:25', 1),
(313, 19, 3, 2, 406, 1, 72, 2, 5, 2, 0, 6, NULL, 1, 0, '2017-03-01 10:22:59', 1, '2017-03-01 10:46:47', 1),
(314, 19, 3, 233, 279, 1, 88, 2, 13, 2, 0, 3, NULL, 1, 0, '2017-03-01 10:22:59', 1, '2017-03-01 10:48:47', 1),
(315, 19, 3, 279, 0, 8, 62, 2, 0, 0, 0, 0, NULL, 1, 0, '2017-03-01 10:22:59', 1, NULL, NULL),
(316, 19, 3, 505, 0, 8, 90, 2, 0, 0, 0, 0, NULL, 1, 0, '2017-03-01 10:22:59', 1, NULL, NULL),
(317, 19, 3, 59, 205, 7, 71, 2, 0, 0, 0, 0, NULL, 1, 0, '2017-03-01 10:22:59', 1, NULL, NULL),
(318, 19, 3, 504, 249, 7, 78, 2, 0, 0, 0, 0, NULL, 1, 0, '2017-03-01 10:22:59', 1, NULL, NULL),
(319, 19, 3, 397, 502, 7, 84, 2, 0, 0, 0, 0, NULL, 1, 0, '2017-03-01 10:22:59', 1, NULL, NULL),
(320, 19, 13, 289, 0, 8, 50, 2, 0, 0, 0, 0, NULL, 1, 0, '2017-03-01 10:22:59', 1, NULL, NULL),
(321, 19, 13, 535, 0, 8, 56, 2, 0, 0, 0, 0, NULL, 1, 0, '2017-03-01 10:22:59', 1, NULL, NULL),
(322, 19, 13, 200, 0, 8, 62, 2, 0, 0, 0, 0, NULL, 1, 0, '2017-03-01 10:22:59', 1, NULL, NULL),
(323, 19, 13, 531, 621, 7, 46, 2, 0, 0, 0, 0, NULL, 1, 0, '2017-03-01 10:22:59', 1, NULL, NULL),
(324, 19, 13, 254, 95, 7, 46, 2, 0, 0, 0, 0, NULL, 1, 0, '2017-03-01 10:22:59', 1, NULL, NULL),
(325, 19, 13, 538, 535, 7, 75, 2, 0, 0, 0, 0, NULL, 1, 0, '2017-03-01 10:23:00', 1, NULL, NULL),
(326, 20, 4, 231, 392, 1, 94, 2, 15, 2, 0, 2, NULL, 1, 0, '2017-03-01 11:03:03', 1, '2017-03-01 11:06:47', 1),
(327, 20, 4, 392, 0, 3, 65, 2, 0, 2, 0, 3, NULL, 1, 0, '2017-03-01 11:03:03', 1, '2017-03-01 11:04:57', 1),
(328, 20, 4, 395, 0, 8, 76, 2, 0, 0, 0, 0, NULL, 1, 0, '2017-03-01 11:03:03', 1, NULL, NULL),
(329, 20, 4, 281, 0, 8, 90, 2, 0, 0, 0, 0, NULL, 1, 0, '2017-03-01 11:03:03', 1, NULL, NULL),
(330, 20, 4, 128, 399, 7, 60, 2, 0, 0, 0, 0, NULL, 1, 0, '2017-03-01 11:03:03', 1, NULL, NULL),
(331, 20, 4, 281, 426, 7, 60, 2, 0, 0, 0, 0, NULL, 1, 0, '2017-03-01 11:03:03', 1, NULL, NULL),
(332, 20, 4, 231, 516, 7, 91, 2, 0, 0, 0, 0, NULL, 1, 0, '2017-03-01 11:03:04', 1, NULL, NULL),
(333, 20, 12, 324, 0, 8, 20, 1, 0, 0, 0, 0, NULL, 1, 0, '2017-03-01 11:03:04', 1, NULL, NULL),
(334, 20, 12, 330, 0, 8, 60, 2, 0, 0, 0, 0, NULL, 1, 0, '2017-03-01 11:03:04', 1, NULL, NULL),
(335, 20, 12, 65, 628, 7, 61, 2, 0, 0, 0, 0, NULL, 1, 0, '2017-03-01 11:03:04', 1, NULL, NULL),
(336, 20, 12, 322, 598, 7, 65, 2, 0, 0, 0, 0, NULL, 1, 0, '2017-03-01 11:03:04', 1, NULL, NULL),
(337, 20, 12, 121, 66, 7, 72, 2, 0, 0, 0, 0, NULL, 1, 0, '2017-03-01 11:03:04', 1, NULL, NULL),
(338, 24, 15, 132, 0, 3, 72, 2, 0, 3, 0, 3, NULL, 1, 0, '2017-03-01 11:25:44', 1, '2017-03-01 11:26:46', 1),
(339, 24, 15, 101, 0, 8, 84, 2, 0, 0, 0, 0, NULL, 1, 0, '2017-03-01 11:25:44', 1, NULL, NULL),
(340, 24, 15, 604, 620, 7, 44, 1, 0, 0, 0, 0, NULL, 1, 0, '2017-03-01 11:25:44', 1, NULL, NULL),
(341, 24, 15, 207, 125, 7, 74, 2, 0, 0, 0, 0, NULL, 1, 0, '2017-03-01 11:25:44', 1, NULL, NULL),
(342, 24, 15, 606, 140, 7, 94, 2, 0, 0, 0, 0, NULL, 1, 0, '2017-03-01 11:25:45', 1, NULL, NULL),
(343, 24, 16, 557, 0, 8, 94, 2, 0, 0, 0, 0, NULL, 1, 0, '2017-03-01 11:25:45', 1, NULL, NULL),
(344, 24, 16, 557, 270, 7, 62, 2, 0, 0, 0, 0, NULL, 1, 0, '2017-03-01 11:25:45', 1, NULL, NULL),
(345, 24, 16, 559, 273, 7, 73, 2, 0, 0, 0, 0, NULL, 1, 0, '2017-03-01 11:25:45', 1, NULL, NULL),
(346, 24, 16, 558, 229, 7, 78, 2, 0, 0, 0, 0, NULL, 1, 0, '2017-03-01 11:25:45', 1, NULL, NULL),
(347, 25, 10, 285, 549, 1, 83, 2, 14, 1, 0, 1, NULL, 1, 0, '2017-03-02 10:04:06', 1, '2017-03-02 10:18:16', 1),
(348, 25, 10, 547, 0, 8, 33, 1, 0, 0, 0, 0, NULL, 1, 0, '2017-03-02 10:04:06', 1, NULL, NULL),
(349, 25, 10, 548, 0, 8, 61, 2, 0, 0, 0, 0, NULL, 1, 0, '2017-03-02 10:04:06', 1, NULL, NULL),
(350, 25, 10, 549, 145, 7, 43, 1, 0, 0, 0, 0, NULL, 1, 0, '2017-03-02 10:04:06', 1, NULL, NULL),
(351, 25, 10, 201, 394, 7, 73, 2, 0, 0, 0, 0, NULL, 1, 0, '2017-03-02 10:04:06', 1, NULL, NULL),
(352, 25, 10, 427, 550, 7, 80, 2, 0, 0, 0, 0, NULL, 1, 0, '2017-03-02 10:04:06', 1, NULL, NULL),
(353, 25, 17, 542, 306, 1, 28, 1, 11, 1, 0, 3, NULL, 1, 0, '2017-03-02 10:04:06', 1, '2017-03-02 10:14:56', 1),
(354, 25, 17, 307, 542, 1, 71, 2, 14, 1, 0, 3, NULL, 1, 0, '2017-03-02 10:04:06', 1, '2017-03-02 10:16:50', 1),
(355, 25, 17, 39, 0, 8, 36, 1, 0, 0, 0, 0, NULL, 1, 0, '2017-03-02 10:04:06', 1, NULL, NULL),
(356, 25, 17, 368, 0, 8, 65, 2, 0, 0, 0, 0, NULL, 1, 0, '2017-03-02 10:04:06', 1, NULL, NULL),
(357, 25, 17, 39, 0, 6, 78, 2, 0, 0, 0, 0, NULL, 1, 0, '2017-03-02 10:04:06', 1, NULL, NULL),
(358, 25, 17, 543, 0, 8, 92, 2, 0, 0, 0, 0, NULL, 1, 0, '2017-03-02 10:04:06', 1, NULL, NULL),
(359, 25, 17, 614, 541, 7, 68, 2, 0, 0, 0, 0, NULL, 1, 0, '2017-03-02 10:04:06', 1, NULL, NULL),
(360, 25, 17, 305, 365, 7, 82, 2, 0, 0, 0, 0, NULL, 1, 0, '2017-03-02 10:04:06', 1, NULL, NULL),
(361, 25, 17, 301, 360, 7, 84, 2, 0, 0, 0, 0, NULL, 1, 0, '2017-03-02 10:04:06', 1, NULL, NULL),
(362, 21, 8, 217, 292, 1, 9, 1, 6, 2, 0, 4, NULL, 1, 0, '2017-03-02 11:05:51', 1, '2017-03-02 11:09:07', 1),
(363, 21, 8, 292, 300, 1, 66, 2, 14, 1, 0, 2, NULL, 1, 0, '2017-03-02 11:05:51', 1, '2017-03-02 11:11:35', 1),
(364, 21, 8, 562, 217, 1, 71, 2, 11, 2, 0, 6, NULL, 1, 0, '2017-03-02 11:05:51', 1, '2017-03-02 11:13:12', 1),
(365, 21, 8, 217, 300, 1, 73, 2, 10, 2, 0, 3, NULL, 1, 0, '2017-03-02 11:05:51', 1, '2017-03-02 11:14:46', 1),
(366, 21, 8, 292, 0, 3, 61, 2, 0, 1, 0, 6, NULL, 1, 0, '2017-03-02 11:05:51', 1, '2017-03-02 11:10:15', 1),
(367, 21, 8, 565, 0, 8, 46, 1, 0, 0, 0, 0, NULL, 1, 0, '2017-03-02 11:05:51', 1, NULL, NULL),
(368, 21, 8, 144, 0, 8, 90, 2, 0, 0, 0, 0, NULL, 1, 0, '2017-03-02 11:05:51', 1, NULL, NULL),
(369, 21, 8, 219, 560, 7, 56, 2, 0, 0, 0, 0, NULL, 1, 0, '2017-03-02 11:05:51', 1, NULL, NULL),
(370, 21, 8, 265, 292, 7, 75, 2, 0, 0, 0, 0, NULL, 1, 0, '2017-03-02 11:05:51', 1, NULL, NULL),
(371, 21, 8, 421, 562, 7, 81, 2, 0, 0, 0, 0, NULL, 1, 0, '2017-03-02 11:05:51', 1, NULL, NULL),
(372, 21, 14, 379, 72, 1, 89, 2, 10, 3, 0, 1, NULL, 1, 0, '2017-03-02 11:05:52', 1, '2017-03-02 11:17:21', 1),
(373, 21, 14, 582, 0, 8, 12, 1, 0, 0, 0, 0, NULL, 1, 0, '2017-03-02 11:05:52', 1, NULL, NULL),
(374, 21, 14, 167, 0, 8, 60, 2, 0, 0, 0, 0, NULL, 1, 0, '2017-03-02 11:05:52', 1, NULL, NULL),
(375, 21, 14, 580, 608, 7, 35, 1, 0, 0, 0, 0, NULL, 1, 0, '2017-03-02 11:05:52', 1, NULL, NULL),
(376, 21, 14, 43, 447, 7, 64, 2, 0, 0, 0, 0, NULL, 1, 0, '2017-03-02 11:05:52', 1, NULL, NULL),
(377, 21, 14, 583, 607, 7, 72, 2, 0, 0, 0, 0, NULL, 1, 0, '2017-03-02 11:05:52', 1, NULL, NULL),
(378, 22, 9, 407, 0, 8, 22, 1, 0, 0, 0, 0, NULL, 1, 0, '2017-03-02 11:31:05', 1, NULL, NULL),
(379, 22, 9, 448, 381, 7, 68, 2, 0, 0, 0, 0, NULL, 1, 0, '2017-03-02 11:31:06', 1, NULL, NULL),
(380, 22, 9, 594, 10, 7, 81, 2, 0, 0, 0, 0, NULL, 1, 0, '2017-03-02 11:31:06', 1, NULL, NULL),
(381, 22, 9, 613, 407, 7, 86, 2, 0, 0, 0, 0, NULL, 1, 0, '2017-03-02 11:31:06', 1, NULL, NULL),
(382, 22, 1, 259, 413, 1, 61, 2, 15, 3, 0, 6, NULL, 1, 0, '2017-03-02 11:31:06', 1, '2017-03-02 11:37:51', 1),
(383, 22, 1, 433, 0, 8, 30, 1, 0, 0, 0, 0, NULL, 1, 0, '2017-03-02 11:31:06', 1, NULL, NULL),
(384, 22, 1, 244, 0, 8, 69, 2, 0, 0, 0, 0, NULL, 1, 0, '2017-03-02 11:31:06', 1, NULL, NULL),
(385, 22, 1, 491, 433, 7, 59, 2, 0, 0, 0, 0, NULL, 1, 0, '2017-03-02 11:31:06', 1, NULL, NULL),
(386, 22, 1, 316, 509, 7, 70, 2, 0, 0, 0, 0, NULL, 1, 0, '2017-03-02 11:31:06', 1, NULL, NULL),
(387, 22, 1, 313, 259, 7, 78, 2, 0, 0, 0, 0, NULL, 1, 0, '2017-03-02 11:31:06', 1, NULL, NULL),
(388, 23, 2, 32, 79, 1, 32, 1, 14, 2, 0, 3, NULL, 1, 0, '2017-03-02 12:13:22', 1, '2017-03-02 12:18:41', 1),
(389, 23, 2, 13, 410, 1, 62, 2, 14, 2, 0, 1, NULL, 1, 0, '2017-03-02 12:13:22', 1, '2017-03-02 12:22:45', 1),
(390, 23, 2, 13, 92, 1, 87, 2, 14, 1, 0, 4, NULL, 1, 0, '2017-03-02 12:13:22', 1, '2017-03-02 12:26:19', 1),
(391, 23, 2, 410, 92, 1, 91, 2, 14, 2, 0, 3, NULL, 1, 0, '2017-03-02 12:13:22', 1, '2017-03-02 12:27:05', 1),
(392, 23, 2, 13, 0, 3, 21, 1, 0, 2, 0, 1, NULL, 1, 0, '2017-03-02 12:13:22', 1, '2017-03-02 12:16:11', 1),
(393, 23, 2, 13, 0, 3, 27, 1, 0, 2, 0, 1, NULL, 1, 0, '2017-03-02 12:13:22', 1, '2017-03-02 12:16:29', 1),
(394, 23, 2, 358, 0, 8, 40, 1, 0, 0, 0, 0, NULL, 1, 0, '2017-03-02 12:13:22', 1, NULL, NULL),
(395, 23, 2, 150, 0, 8, 85, 2, 0, 0, 0, 0, NULL, 1, 0, '2017-03-02 12:13:22', 1, NULL, NULL),
(396, 23, 2, 13, 0, 8, 86, 2, 0, 0, 0, 0, NULL, 1, 0, '2017-03-02 12:13:22', 1, NULL, NULL),
(397, 23, 2, 92, 358, 7, 74, 2, 0, 0, 0, 0, NULL, 1, 0, '2017-03-02 12:13:22', 1, NULL, NULL),
(398, 23, 2, 150, 32, 7, 74, 2, 0, 0, 0, 0, NULL, 1, 0, '2017-03-02 12:13:22', 1, NULL, NULL),
(399, 23, 2, 398, 124, 7, 81, 2, 0, 0, 0, 0, NULL, 1, 0, '2017-03-02 12:13:22', 1, NULL, NULL),
(400, 23, 18, 117, 45, 1, 38, 1, 6, 2, 0, 6, NULL, 1, 0, '2017-03-02 12:13:22', 1, '2017-03-02 12:21:39', 1),
(401, 23, 18, 45, 218, 1, 70, 2, 10, 2, 0, 1, NULL, 1, 0, '2017-03-02 12:13:22', 1, '2017-03-02 12:25:00', 1),
(402, 23, 18, 356, 0, 8, 19, 1, 0, 0, 0, 0, NULL, 1, 0, '2017-03-02 12:13:22', 1, NULL, NULL),
(403, 23, 18, 492, 0, 8, 84, 2, 0, 0, 0, 0, NULL, 1, 0, '2017-03-02 12:13:22', 1, NULL, NULL),
(404, 23, 18, 494, 155, 7, 38, 1, 0, 0, 0, 0, NULL, 1, 0, '2017-03-02 12:13:22', 1, NULL, NULL),
(405, 23, 18, 76, 355, 7, 64, 2, 0, 0, 0, 0, NULL, 1, 0, '2017-03-02 12:13:22', 1, NULL, NULL),
(406, 23, 18, 187, 218, 7, 71, 2, 0, 0, 0, 0, NULL, 1, 0, '2017-03-02 12:13:22', 1, NULL, NULL),
(407, 32, 18, 134, 117, 1, 4, 1, 9, 2, 0, 1, NULL, 1, 0, '2017-03-05 22:46:54', 1, '2017-03-05 22:51:09', 1),
(408, 32, 18, 218, 0, 8, 25, 1, 0, 0, 0, 0, NULL, 1, 0, '2017-03-05 22:46:55', 1, NULL, NULL),
(409, 32, 18, 45, 0, 8, 66, 2, 0, 0, 0, 0, NULL, 1, 0, '2017-03-05 22:46:55', 1, NULL, NULL),
(410, 32, 18, 610, 0, 8, 73, 2, 0, 0, 0, 0, NULL, 1, 0, '2017-03-05 22:46:55', 1, NULL, NULL),
(411, 32, 18, 355, 45, 7, 68, 2, 0, 0, 0, 0, NULL, 1, 0, '2017-03-05 22:46:55', 1, NULL, NULL),
(412, 32, 18, 191, 218, 7, 84, 2, 0, 0, 0, 0, NULL, 1, 0, '2017-03-05 22:46:55', 1, NULL, NULL),
(413, 32, 18, 155, 493, 7, 89, 2, 0, 0, 0, 0, NULL, 1, 0, '2017-03-05 22:46:55', 1, NULL, NULL),
(414, 32, 15, 101, 0, 8, 14, 1, 0, 0, 0, 0, NULL, 1, 0, '2017-03-05 22:46:55', 1, NULL, NULL),
(415, 32, 15, 132, 0, 8, 59, 2, 0, 0, 0, 0, NULL, 1, 0, '2017-03-05 22:46:55', 1, NULL, NULL),
(416, 32, 15, 149, 604, 7, 59, 2, 0, 0, 0, 0, NULL, 1, 0, '2017-03-05 22:46:55', 1, NULL, NULL),
(417, 32, 15, 262, 101, 7, 87, 2, 0, 0, 0, 0, NULL, 1, 0, '2017-03-05 22:46:55', 1, NULL, NULL),
(418, 30, 16, 51, 34, 1, 94, 2, 15, 2, 0, 2, NULL, 1, 0, '2017-03-05 23:04:09', 1, '2017-03-05 23:16:36', 1),
(419, 30, 16, 276, 0, 8, 66, 2, 0, 0, 0, 0, NULL, 1, 0, '2017-03-05 23:04:09', 1, NULL, NULL),
(420, 30, 16, 558, 270, 7, 60, 2, 0, 0, 0, 0, NULL, 1, 0, '2017-03-05 23:04:09', 1, NULL, NULL),
(421, 30, 16, 559, 273, 7, 62, 2, 0, 0, 0, 0, NULL, 1, 0, '2017-03-05 23:04:09', 1, NULL, NULL),
(422, 30, 16, 51, 228, 7, 76, 2, 0, 0, 0, 0, NULL, 1, 0, '2017-03-05 23:04:09', 1, NULL, NULL),
(423, 30, 4, 392, 11, 1, 22, 1, 15, 3, 0, 6, NULL, 1, 0, '2017-03-05 23:04:09', 1, '2017-03-05 23:09:55', 1),
(424, 30, 4, 516, 514, 1, 38, 1, 10, 1, 0, 1, NULL, 1, 0, '2017-03-05 23:04:09', 1, '2017-03-05 23:11:13', 1),
(425, 30, 4, 231, 392, 1, 50, 2, 10, 1, 0, 3, NULL, 1, 0, '2017-03-05 23:04:09', 1, '2017-03-05 23:12:30', 1),
(426, 30, 4, 231, 516, 1, 57, 2, 11, 2, 0, 2, NULL, 1, 0, '2017-03-05 23:04:09', 1, '2017-03-05 23:14:04', 1),
(427, 30, 4, 231, 516, 1, 94, 2, 10, 1, 0, 1, NULL, 1, 0, '2017-03-05 23:04:09', 1, '2017-03-05 23:15:13', 1),
(428, 30, 4, 513, 0, 8, 49, 2, 0, 0, 0, 0, NULL, 1, 0, '2017-03-05 23:04:09', 1, NULL, NULL),
(429, 30, 4, 128, 514, 7, 58, 2, 0, 0, 0, 0, NULL, 1, 0, '2017-03-05 23:04:09', 1, NULL, NULL),
(430, 30, 4, 517, 513, 7, 65, 2, 0, 0, 0, 0, NULL, 1, 0, '2017-03-05 23:04:09', 1, NULL, NULL),
(431, 30, 4, 519, 11, 7, 72, 2, 0, 0, 0, 0, NULL, 1, 0, '2017-03-05 23:04:09', 1, NULL, NULL),
(432, 31, 11, 568, 364, 1, 57, 2, 10, 2, 0, 3, NULL, 1, 0, '2017-03-05 23:54:52', 1, '2017-03-06 00:00:31', 1),
(433, 31, 11, 568, 0, 3, 35, 1, 0, 3, 0, 3, NULL, 1, 0, '2017-03-05 23:54:53', 1, '2017-03-05 23:59:31', 1),
(434, 31, 11, 185, 0, 8, 70, 2, 0, 0, 0, 0, NULL, 1, 0, '2017-03-05 23:54:53', 1, NULL, NULL),
(435, 31, 11, 364, 0, 5, 89, 2, 0, 0, 0, 0, NULL, 1, 0, '2017-03-05 23:54:53', 1, NULL, NULL),
(436, 31, 11, 108, 28, 7, 52, 2, 0, 0, 0, 0, NULL, 1, 0, '2017-03-05 23:54:53', 1, NULL, NULL),
(437, 31, 11, 114, 20, 7, 64, 2, 0, 0, 0, 0, NULL, 1, 0, '2017-03-05 23:54:53', 1, NULL, NULL),
(438, 31, 11, 570, 567, 7, 68, 2, 0, 0, 0, 0, NULL, 1, 0, '2017-03-05 23:54:53', 1, NULL, NULL),
(439, 31, 12, 596, 66, 1, 13, 1, 15, 3, 0, 2, NULL, 1, 0, '2017-03-05 23:54:53', 1, '2017-03-05 23:58:57', 1),
(440, 31, 12, 598, 595, 1, 77, 2, 14, 2, 0, 2, NULL, 1, 0, '2017-03-05 23:54:53', 1, '2017-03-06 00:02:12', 1),
(441, 31, 12, 324, 0, 8, 82, 2, 0, 0, 0, 0, NULL, 1, 0, '2017-03-05 23:54:53', 1, NULL, NULL),
(442, 31, 12, 596, 0, 8, 84, 2, 0, 0, 0, 0, NULL, 1, 0, '2017-03-05 23:54:53', 1, NULL, NULL),
(443, 31, 12, 595, 0, 5, 89, 2, 0, 0, 0, 0, NULL, 1, 0, '2017-03-05 23:54:53', 1, NULL, NULL),
(444, 31, 12, 599, 628, 7, 52, 2, 0, 0, 0, 0, NULL, 1, 0, '2017-03-05 23:54:53', 1, NULL, NULL),
(445, 31, 12, 598, 322, 7, 61, 2, 0, 0, 0, 0, NULL, 1, 0, '2017-03-05 23:54:53', 1, NULL, NULL),
(446, 31, 12, 121, 66, 7, 79, 2, 0, 0, 0, 0, NULL, 1, 0, '2017-03-05 23:54:53', 1, NULL, NULL),
(447, 29, 14, 142, 583, 1, 32, 1, 11, 1, 0, 4, NULL, 1, 0, '2017-03-06 21:49:32', 1, '2017-03-06 21:53:25', 1),
(448, 29, 14, 72, 0, 8, 58, 2, 0, 0, 0, 0, NULL, 1, 0, '2017-03-06 21:49:32', 1, NULL, NULL),
(449, 29, 14, 641, 0, 8, 63, 2, 0, 0, 0, 0, NULL, 1, 0, '2017-03-06 21:49:32', 1, NULL, NULL),
(450, 29, 14, 644, 581, 7, 71, 2, 0, 0, 0, 0, NULL, 1, 0, '2017-03-06 21:49:32', 1, NULL, NULL),
(451, 29, 14, 415, 72, 7, 79, 2, 0, 0, 0, 0, NULL, 1, 0, '2017-03-06 21:49:32', 1, NULL, NULL),
(452, 29, 14, 447, 580, 7, 88, 2, 0, 0, 0, 0, NULL, 1, 0, '2017-03-06 21:49:32', 1, NULL, NULL),
(453, 29, 9, 443, 10, 1, 50, 2, 10, 1, 0, 4, NULL, 1, 0, '2017-03-06 21:49:32', 1, '2017-03-06 21:54:38', 1),
(454, 29, 9, 374, 10, 1, 77, 2, 14, 2, 0, 6, NULL, 1, 0, '2017-03-06 21:49:32', 1, '2017-03-06 21:55:49', 1),
(455, 29, 9, 407, 0, 8, 44, 1, 0, 0, 0, 0, NULL, 1, 0, '2017-03-06 21:49:32', 1, NULL, NULL),
(456, 29, 9, 325, 0, 8, 53, 2, 0, 0, 0, 0, NULL, 1, 0, '2017-03-06 21:49:32', 1, NULL, NULL),
(457, 29, 9, 225, 0, 8, 65, 2, 0, 0, 0, 0, NULL, 1, 0, '2017-03-06 21:49:32', 1, NULL, NULL),
(458, 29, 9, 613, 0, 8, 93, 2, 0, 0, 0, 0, NULL, 1, 0, '2017-03-06 21:49:32', 1, NULL, NULL),
(459, 29, 9, 225, 443, 7, 63, 2, 0, 0, 0, 0, NULL, 1, 0, '2017-03-06 21:49:32', 1, NULL, NULL),
(460, 29, 9, 593, 318, 7, 70, 2, 0, 0, 0, 0, NULL, 1, 0, '2017-03-06 21:49:32', 1, NULL, NULL),
(461, 29, 9, 33, 591, 7, 74, 2, 0, 0, 0, 0, NULL, 1, 0, '2017-03-06 21:49:32', 1, NULL, NULL),
(462, 34, 3, 406, 502, 1, 16, 1, 10, 1, 0, 3, NULL, 1, 0, '2017-03-06 22:09:01', 1, '2017-03-06 22:12:40', 1),
(463, 34, 3, 279, 233, 1, 30, 1, 15, 1, 0, 2, NULL, 1, 0, '2017-03-06 22:09:01', 1, '2017-03-06 22:13:38', 1),
(465, 34, 3, 252, 0, 8, 18, 1, 0, 0, 0, 0, NULL, 1, 0, '2017-03-06 22:09:01', 1, NULL, NULL),
(466, 34, 3, 59, 406, 7, 46, 2, 0, 0, 0, 0, NULL, 1, 0, '2017-03-06 22:09:01', 1, NULL, NULL),
(467, 34, 3, 506, 91, 7, 79, 2, 0, 0, 0, 0, NULL, 1, 0, '2017-03-06 22:09:01', 1, NULL, NULL),
(468, 34, 3, 504, 233, 7, 80, 2, 0, 0, 0, 0, NULL, 1, 0, '2017-03-06 22:09:01', 1, NULL, NULL),
(469, 34, 6, 332, 496, 1, 9, 1, 15, 2, 0, 2, NULL, 1, 0, '2017-03-06 22:09:01', 1, '2017-03-06 22:11:21', 1),
(470, 34, 6, 499, 0, 1, 55, 2, 6, 1, 0, 6, NULL, 1, 0, '2017-03-06 22:09:01', 1, '2017-03-06 22:18:58', 1),
(471, 34, 6, 291, 0, 8, 58, 2, 0, 0, 0, 0, NULL, 1, 0, '2017-03-06 22:09:01', 1, NULL, NULL),
(472, 34, 6, 500, 0, 5, 84, 2, 0, 0, 0, 0, NULL, 1, 0, '2017-03-06 22:09:01', 1, NULL, NULL),
(473, 34, 6, 238, 102, 7, 43, 1, 0, 0, 0, 0, NULL, 1, 0, '2017-03-06 22:09:01', 1, NULL, NULL),
(474, 34, 6, 500, 332, 7, 53, 2, 0, 0, 0, 0, NULL, 1, 0, '2017-03-06 22:09:01', 1, NULL, NULL),
(475, 34, 6, 266, 199, 7, 64, 2, 0, 0, 0, 0, NULL, 1, 0, '2017-03-06 22:09:01', 1, NULL, NULL),
(476, 34, 6, 291, 0, 2, 50, 2, 0, 0, 0, 0, NULL, 1, 0, '2017-03-06 22:17:53', 1, NULL, NULL),
(477, 28, 13, 289, 621, 1, 35, 1, 12, 3, 0, 1, NULL, 1, 0, '2017-03-07 11:45:36', 1, '2017-03-07 21:12:31', 1),
(478, 28, 13, 621, 196, 1, 67, 2, 10, 1, 0, 4, NULL, 1, 0, '2017-03-07 11:45:36', 1, '2017-03-07 21:15:18', 1),
(479, 28, 13, 532, 118, 1, 86, 2, 14, 3, 0, 6, NULL, 1, 0, '2017-03-07 11:45:36', 1, '2017-03-07 21:19:42', 1),
(480, 28, 13, 196, 0, 8, 28, 1, 0, 0, 0, 0, NULL, 1, 0, '2017-03-07 11:45:36', 1, NULL, NULL),
(481, 28, 13, 95, 0, 8, 76, 2, 0, 0, 0, 0, NULL, 1, 0, '2017-03-07 11:45:36', 1, NULL, NULL),
(482, 28, 13, 254, 622, 7, 72, 2, 0, 0, 0, 0, NULL, 1, 0, '2017-03-07 11:45:36', 1, NULL, NULL),
(483, 28, 13, 165, 289, 7, 80, 2, 0, 0, 0, 0, NULL, 1, 0, '2017-03-07 11:45:36', 1, NULL, NULL),
(484, 28, 8, 217, 300, 1, 82, 2, 10, 2, 0, 2, NULL, 1, 0, '2017-03-07 11:45:36', 1, '2017-03-07 21:17:58', 1),
(485, 28, 8, 562, 0, 8, 22, 1, 0, 0, 0, 0, NULL, 1, 0, '2017-03-07 11:45:36', 1, NULL, NULL),
(486, 28, 8, 376, 0, 8, 71, 2, 0, 0, 0, 0, NULL, 1, 0, '2017-03-07 11:45:36', 1, NULL, NULL),
(487, 28, 8, 257, 0, 8, 74, 2, 0, 0, 0, 0, NULL, 1, 0, '2017-03-07 11:45:36', 1, NULL, NULL),
(488, 28, 8, 257, 144, 7, 42, 1, 0, 0, 0, 0, NULL, 1, 0, '2017-03-07 11:45:36', 1, NULL, NULL),
(489, 28, 8, 421, 562, 7, 44, 1, 0, 0, 0, 0, NULL, 1, 0, '2017-03-07 11:45:36', 1, NULL, NULL),
(490, 28, 8, 195, 421, 7, 62, 2, 0, 0, 0, 0, NULL, 1, 0, '2017-03-07 11:45:37', 1, NULL, NULL),
(492, 36, 17, 614, 306, 1, 85, 2, 15, 2, 0, 3, NULL, 1, 0, '2017-03-07 11:56:32', 1, '2017-03-07 21:56:14', 1),
(494, 36, 17, 542, 0, 8, 7, 1, 0, 0, 0, 0, NULL, 1, 0, '2017-03-07 11:56:32', 1, NULL, NULL),
(495, 36, 17, 543, 0, 8, 31, 1, 0, 0, 0, 0, NULL, 1, 0, '2017-03-07 11:56:32', 1, NULL, NULL),
(496, 36, 17, 306, 0, 8, 91, 2, 0, 0, 0, 0, NULL, 1, 0, '2017-03-07 11:56:33', 1, NULL, NULL),
(497, 36, 17, 368, 0, 8, 93, 2, 0, 0, 0, 0, NULL, 1, 0, '2017-03-07 11:56:33', 1, NULL, NULL),
(498, 36, 17, 614, 541, 7, 64, 2, 0, 0, 0, 0, NULL, 1, 0, '2017-03-07 11:56:33', 1, NULL, NULL),
(499, 36, 2, 150, 79, 1, 66, 2, 6, 2, 0, 3, NULL, 1, 0, '2017-03-07 11:56:33', 1, '2017-03-07 21:51:30', 1),
(500, 36, 2, 150, 0, 3, 18, 1, 0, 2, 0, 2, NULL, 1, 0, '2017-03-07 11:56:33', 1, '2017-03-07 21:34:51', 1),
(501, 36, 2, 150, 0, 3, 92, 2, 0, 2, 0, 2, NULL, 1, 0, '2017-03-07 11:56:33', 1, '2017-03-07 21:57:33', 1),
(502, 36, 2, 37, 0, 8, 33, 1, 0, 0, 0, 0, NULL, 1, 0, '2017-03-07 11:56:33', 1, NULL, NULL),
(503, 36, 2, 32, 0, 8, 42, 1, 0, 0, 0, 0, NULL, 1, 0, '2017-03-07 11:56:33', 1, NULL, NULL),
(504, 36, 2, 150, 0, 8, 46, 1, 0, 0, 0, 0, NULL, 1, 0, '2017-03-07 11:56:33', 1, NULL, NULL),
(505, 36, 2, 79, 0, 8, 47, 1, 0, 0, 0, 0, NULL, 1, 0, '2017-03-07 11:56:33', 1, NULL, NULL),
(506, 36, 2, 92, 37, 7, 46, 2, 0, 0, 0, 0, NULL, 1, 0, '2017-03-07 11:56:33', 1, NULL, NULL),
(507, 36, 2, 8, 124, 7, 46, 2, 0, 0, 0, 0, NULL, 1, 0, '2017-03-07 11:56:33', 1, NULL, NULL),
(508, 36, 2, 245, 85, 7, 94, 2, 0, 0, 0, 0, NULL, 1, 0, '2017-03-07 11:56:33', 1, NULL, NULL),
(509, 33, 7, 578, 572, 1, 83, 2, 6, 2, 0, 1, NULL, 1, 0, '2017-03-07 12:06:36', 1, '2017-03-07 22:08:44', 1),
(510, 33, 7, 573, 0, 3, 69, 2, 0, 2, 0, 3, NULL, 1, 0, '2017-03-07 12:06:36', 1, '2017-03-07 22:06:39', 1),
(511, 33, 7, 436, 0, 8, 22, 1, 0, 0, 0, 0, NULL, 1, 0, '2017-03-07 12:06:36', 1, NULL, NULL),
(512, 33, 7, 158, 0, 8, 47, 1, 0, 0, 0, 0, NULL, 1, 0, '2017-03-07 12:06:36', 1, NULL, NULL),
(513, 33, 7, 178, 157, 7, 59, 2, 0, 0, 0, 0, NULL, 1, 0, '2017-03-07 12:06:36', 1, NULL, NULL),
(514, 33, 7, 578, 573, 7, 76, 2, 0, 0, 0, 0, NULL, 1, 0, '2017-03-07 12:06:36', 1, NULL, NULL),
(515, 33, 7, 242, 436, 7, 86, 2, 0, 0, 0, 0, NULL, 1, 0, '2017-03-07 12:06:36', 1, NULL, NULL),
(516, 33, 10, 201, 0, 8, 9, 1, 0, 0, 0, 0, NULL, 1, 0, '2017-03-07 12:06:37', 1, NULL, NULL),
(517, 33, 10, 201, 0, 6, 20, 1, 0, 0, 0, 0, NULL, 1, 0, '2017-03-07 12:06:37', 1, NULL, NULL),
(518, 33, 10, 547, 0, 8, 24, 1, 0, 0, 0, 0, NULL, 1, 0, '2017-03-07 12:06:37', 1, NULL, NULL),
(519, 33, 10, 40, 0, 8, 50, 2, 0, 0, 0, 0, NULL, 1, 0, '2017-03-07 12:06:37', 1, NULL, NULL),
(520, 33, 10, 348, 0, 8, 71, 2, 0, 0, 0, 0, NULL, 1, 0, '2017-03-07 12:06:37', 1, NULL, NULL),
(521, 33, 10, 551, 550, 7, 62, 2, 0, 0, 0, 0, NULL, 1, 0, '2017-03-07 12:06:37', 1, NULL, NULL),
(522, 33, 10, 123, 145, 7, 80, 2, 0, 0, 0, 0, NULL, 1, 0, '2017-03-07 12:06:37', 1, NULL, NULL),
(523, 33, 10, 549, 394, 7, 87, 2, 0, 0, 0, 0, NULL, 1, 0, '2017-03-07 12:06:37', 1, NULL, NULL),
(524, 37, 5, 462, 0, 8, 21, 1, 0, 0, 0, 0, NULL, 1, 0, '2017-03-07 12:18:00', 1, NULL, NULL),
(525, 37, 5, 41, 0, 8, 28, 1, 0, 0, 0, 0, NULL, 1, 0, '2017-03-07 12:18:00', 1, NULL, NULL),
(526, 37, 5, 103, 54, 7, 57, 2, 0, 0, 0, 0, NULL, 1, 0, '2017-03-07 12:18:00', 1, NULL, NULL),
(527, 37, 5, 617, 24, 7, 62, 2, 0, 0, 0, 0, NULL, 1, 0, '2017-03-07 12:18:00', 1, NULL, NULL),
(528, 37, 5, 183, 346, 7, 77, 2, 0, 0, 0, 0, NULL, 1, 0, '2017-03-07 12:18:00', 1, NULL, NULL),
(529, 37, 1, 12, 509, 1, 13, 1, 6, 2, 0, 3, NULL, 1, 0, '2017-03-07 12:18:01', 1, '2017-03-07 14:05:17', 1),
(530, 37, 1, 259, 413, 1, 55, 2, 12, 2, 0, 5, NULL, 1, 0, '2017-03-07 12:18:01', 1, '2017-03-07 14:07:24', 1),
(531, 37, 1, 413, 235, 1, 77, 2, 10, 1, 0, 1, NULL, 1, 0, '2017-03-07 12:18:01', 1, '2017-03-07 14:09:01', 1),
(532, 37, 1, 244, 0, 8, 21, 1, 0, 0, 0, 0, NULL, 1, 0, '2017-03-07 12:18:01', 1, NULL, NULL),
(533, 37, 1, 491, 0, 8, 28, 1, 0, 0, 0, 0, NULL, 1, 0, '2017-03-07 12:18:01', 1, NULL, NULL),
(534, 37, 1, 12, 0, 8, 45, 1, 0, 0, 0, 0, NULL, 1, 0, '2017-03-07 12:18:01', 1, NULL, NULL),
(535, 37, 1, 433, 259, 7, 70, 2, 0, 0, 0, 0, NULL, 1, 0, '2017-03-07 12:18:01', 1, NULL, NULL),
(536, 37, 1, 323, 235, 7, 80, 2, 0, 0, 0, 0, NULL, 1, 0, '2017-03-07 12:18:01', 1, NULL, NULL),
(537, 37, 1, 152, 98, 7, 82, 2, 0, 0, 0, 0, NULL, 1, 0, '2017-03-07 12:18:01', 1, NULL, NULL),
(538, 36, 17, 542, 0, 3, 34, 1, 0, 2, 0, 5, NULL, 1, 0, '2017-03-07 21:40:16', 1, '2017-03-07 21:40:54', 1),
(539, 36, 17, 542, 0, 1, 38, 1, 14, 1, 0, 1, NULL, 1, 0, '2017-03-07 21:40:16', 1, '2017-03-07 21:41:54', 1),
(540, 27, 6, 84, 0, 5, 86, 2, 0, 0, 0, 0, NULL, 1, 0, '2017-03-07 22:39:02', 1, NULL, NULL),
(541, 46, 5, 462, 103, 1, 39, 1, 15, 2, 0, 1, NULL, 1, 0, '2017-03-09 11:34:19', 1, '2017-03-10 12:04:07', 1),
(542, 46, 5, 24, 0, 1, 91, 2, 5, 1, 0, 6, NULL, 1, 0, '2017-03-09 11:34:19', 1, '2017-03-10 12:08:27', 1),
(543, 46, 5, 617, 0, 3, 36, 1, 0, 1, 0, 3, NULL, 1, 0, '2017-03-09 11:34:19', 1, '2017-03-10 12:02:35', 1),
(544, 46, 5, 103, 0, 8, 75, 2, 0, 0, 0, 0, NULL, 1, 0, '2017-03-09 11:34:19', 1, NULL, NULL),
(545, 46, 5, 54, 462, 7, 69, 2, 0, 0, 0, 0, NULL, 1, 0, '2017-03-09 11:34:19', 1, NULL, NULL),
(546, 46, 5, 627, 176, 7, 72, 2, 0, 0, 0, 0, NULL, 1, 0, '2017-03-09 11:34:19', 1, NULL, NULL),
(547, 46, 5, 24, 346, 7, 83, 2, 0, 0, 0, 0, NULL, 1, 0, '2017-03-09 11:34:19', 1, NULL, NULL),
(548, 46, 14, 142, 379, 1, 12, 1, 11, 1, 0, 6, NULL, 1, 0, '2017-03-09 11:34:19', 1, '2017-03-10 12:01:57', 1),
(549, 46, 14, 585, 0, 8, 82, 2, 0, 0, 0, 0, NULL, 1, 0, '2017-03-09 11:34:19', 1, NULL, NULL),
(550, 46, 14, 415, 0, 8, 89, 2, 0, 0, 0, 0, NULL, 1, 0, '2017-03-09 11:34:19', 1, NULL, NULL),
(551, 46, 14, 581, 643, 7, 79, 2, 0, 0, 0, 0, NULL, 1, 0, '2017-03-09 11:34:19', 1, NULL, NULL),
(552, 40, 4, 516, 514, 1, 17, 1, 15, 2, 0, 3, NULL, 1, 0, '2017-03-09 11:42:28', 1, '2017-03-10 13:31:51', 1),
(553, 40, 4, 231, 516, 1, 20, 1, 11, 2, 0, 2, NULL, 1, 0, '2017-03-09 11:42:28', 1, '2017-03-10 13:33:49', 1),
(554, 40, 4, 516, 514, 1, 39, 1, 14, 1, 0, 2, NULL, 1, 0, '2017-03-09 11:42:28', 1, '2017-03-10 13:35:21', 1),
(555, 40, 4, 392, 0, 3, 90, 2, 0, 2, 0, 2, NULL, 1, 0, '2017-03-09 11:42:28', 1, '2017-03-10 13:36:28', 1),
(556, 40, 4, 517, 0, 8, 74, 2, 0, 0, 0, 0, NULL, 1, 0, '2017-03-09 11:42:28', 1, NULL, NULL),
(557, 40, 4, 392, 0, 8, 77, 2, 0, 0, 0, 0, NULL, 1, 0, '2017-03-09 11:42:28', 1, NULL, NULL),
(558, 40, 4, 515, 0, 8, 92, 2, 0, 0, 0, 0, NULL, 1, 0, '2017-03-09 11:42:28', 1, NULL, NULL),
(559, 40, 4, 128, 11, 7, 65, 2, 0, 0, 0, 0, NULL, 1, 0, '2017-03-09 11:42:28', 1, NULL, NULL),
(560, 40, 4, 517, 25, 7, 73, 2, 0, 0, 0, 0, NULL, 1, 0, '2017-03-09 11:42:28', 1, NULL, NULL),
(561, 40, 4, 281, 516, 7, 82, 2, 0, 0, 0, 0, NULL, 1, 0, '2017-03-09 11:42:28', 1, NULL, NULL),
(562, 40, 11, 567, 0, 8, 45, 1, 0, 0, 0, 0, NULL, 1, 0, '2017-03-09 11:42:28', 1, NULL, NULL),
(563, 40, 11, 295, 0, 8, 67, 2, 0, 0, 0, 0, NULL, 1, 0, '2017-03-09 11:42:28', 1, NULL, NULL),
(564, 40, 11, 107, 0, 5, 77, 2, 0, 0, 0, 0, NULL, 1, 0, '2017-03-09 11:42:28', 1, NULL, NULL),
(565, 40, 11, 295, 327, 7, 46, 2, 0, 0, 0, 0, NULL, 1, 0, '2017-03-09 11:42:29', 1, NULL, NULL),
(566, 40, 11, 185, 571, 7, 46, 2, 0, 0, 0, 0, NULL, 1, 0, '2017-03-09 11:42:29', 1, NULL, NULL),
(567, 40, 11, 188, 208, 7, 83, 2, 0, 0, 0, 0, NULL, 1, 0, '2017-03-09 11:42:29', 1, NULL, NULL),
(568, 38, 12, 330, 0, 8, 41, 1, 0, 0, 0, 0, NULL, 1, 0, '2017-03-09 11:50:08', 1, NULL, NULL),
(569, 38, 12, 628, 319, 7, 71, 2, 0, 0, 0, 0, NULL, 1, 0, '2017-03-09 11:50:08', 1, NULL, NULL),
(570, 38, 12, 121, 66, 7, 71, 2, 0, 0, 0, 0, NULL, 1, 0, '2017-03-09 11:50:08', 1, NULL, NULL),
(571, 38, 12, 322, 599, 7, 75, 2, 0, 0, 0, 0, NULL, 1, 0, '2017-03-09 11:50:08', 1, NULL, NULL),
(572, 38, 1, 12, 235, 1, 59, 2, 6, 2, 0, 2, NULL, 1, 0, '2017-03-09 11:50:08', 1, '2017-03-10 14:11:05', 1),
(573, 38, 1, 433, 413, 1, 88, 2, 13, 2, 0, 3, NULL, 1, 0, '2017-03-09 11:50:08', 1, '2017-03-10 14:13:17', 1);
INSERT INTO `match_event` (`id`, `match_id`, `club_id`, `player_id`, `second_player_id`, `event_id`, `minute`, `period`, `area_of_shoot`, `shoot_by`, `is_freekick`, `part_of_goal_shot`, `description`, `status`, `deleted`, `created_date`, `created_by`, `modified_date`, `modified_by`) VALUES
(574, 38, 1, 259, 0, 3, 12, 1, 0, 2, 0, 2, NULL, 1, 0, '2017-03-09 11:50:08', 1, '2017-03-10 14:09:21', 1),
(575, 38, 1, 152, 0, 8, 27, 1, 0, 0, 0, 0, NULL, 1, 0, '2017-03-09 11:50:08', 1, NULL, NULL),
(576, 38, 1, 316, 510, 7, 55, 2, 0, 0, 0, 0, NULL, 1, 0, '2017-03-09 11:50:08', 1, NULL, NULL),
(577, 38, 1, 253, 152, 7, 72, 2, 0, 0, 0, 0, NULL, 1, 0, '2017-03-09 11:50:08', 1, NULL, NULL),
(578, 38, 1, 433, 259, 7, 78, 2, 0, 0, 0, 0, NULL, 1, 0, '2017-03-09 11:50:08', 1, NULL, NULL),
(579, 45, 15, 132, 125, 1, 32, 1, 14, 2, 0, 2, NULL, 1, 0, '2017-03-09 11:57:17', 1, '2017-03-10 14:26:25', 1),
(580, 45, 15, 154, 101, 1, 54, 2, 10, 1, 0, 4, NULL, 1, 0, '2017-03-09 11:57:17', 1, '2017-03-10 14:30:12', 1),
(581, 45, 15, 140, 55, 1, 79, 2, 15, 3, 0, 4, NULL, 1, 0, '2017-03-09 11:57:17', 1, '2017-03-10 14:31:41', 1),
(582, 45, 15, 140, 0, 8, 83, 2, 0, 0, 0, 0, NULL, 1, 0, '2017-03-09 11:57:17', 1, NULL, NULL),
(583, 45, 15, 207, 262, 7, 68, 2, 0, 0, 0, 0, NULL, 1, 0, '2017-03-09 11:57:17', 1, NULL, NULL),
(584, 45, 15, 149, 125, 7, 91, 2, 0, 0, 0, 0, NULL, 1, 0, '2017-03-09 11:57:17', 1, NULL, NULL),
(585, 45, 15, 9, 140, 7, 93, 2, 0, 0, 0, 0, NULL, 1, 0, '2017-03-09 11:57:17', 1, NULL, NULL),
(586, 45, 17, 309, 614, 1, 21, 1, 14, 3, 0, 1, NULL, 1, 0, '2017-03-09 11:57:17', 1, '2017-03-10 14:24:56', 1),
(587, 45, 17, 309, 614, 1, 42, 1, 15, 3, 0, 2, NULL, 1, 0, '2017-03-09 11:57:17', 1, '2017-03-10 14:27:56', 1),
(588, 45, 17, 365, 0, 8, 78, 2, 0, 0, 0, 0, NULL, 1, 0, '2017-03-09 11:57:17', 1, NULL, NULL),
(589, 45, 17, 541, 614, 7, 65, 2, 0, 0, 0, 0, NULL, 1, 0, '2017-03-09 11:57:17', 1, NULL, NULL),
(590, 45, 17, 301, 543, 7, 66, 2, 0, 0, 0, 0, NULL, 1, 0, '2017-03-09 11:57:17', 1, NULL, NULL),
(591, 45, 17, 366, 365, 7, 83, 2, 0, 0, 0, 0, NULL, 1, 0, '2017-03-09 11:57:17', 1, NULL, NULL),
(592, 41, 10, 552, 285, 1, 53, 2, 10, 1, 0, 5, NULL, 1, 0, '2017-03-09 12:04:14', 1, '2017-03-10 14:38:18', 1),
(593, 41, 10, 285, 0, 8, 55, 2, 0, 0, 0, 0, NULL, 1, 0, '2017-03-09 12:04:14', 1, NULL, NULL),
(594, 41, 10, 209, 0, 8, 77, 2, 0, 0, 0, 0, NULL, 1, 0, '2017-03-09 12:04:14', 1, NULL, NULL),
(595, 41, 10, 351, 0, 8, 94, 2, 0, 0, 0, 0, NULL, 1, 0, '2017-03-09 12:04:15', 1, NULL, NULL),
(596, 41, 10, 209, 348, 7, 25, 1, 0, 0, 0, 0, NULL, 1, 0, '2017-03-09 12:04:15', 1, NULL, NULL),
(597, 41, 10, 351, 4, 7, 64, 2, 0, 0, 0, 0, NULL, 1, 0, '2017-03-09 12:04:15', 1, NULL, NULL),
(598, 41, 10, 201, 550, 7, 68, 2, 0, 0, 0, 0, NULL, 1, 0, '2017-03-09 12:04:15', 1, NULL, NULL),
(599, 41, 3, 48, 205, 1, 67, 2, 11, 2, 0, 6, NULL, 1, 0, '2017-03-09 12:04:15', 1, '2017-03-10 14:43:03', 1),
(600, 41, 3, 91, 0, 8, 46, 1, 0, 0, 0, 0, NULL, 1, 0, '2017-03-09 12:04:15', 1, NULL, NULL),
(601, 41, 3, 506, 0, 8, 77, 2, 0, 0, 0, 0, NULL, 1, 0, '2017-03-09 12:04:15', 1, NULL, NULL),
(602, 41, 3, 2, 0, 8, 84, 2, 0, 0, 0, 0, NULL, 1, 0, '2017-03-09 12:04:15', 1, NULL, NULL),
(603, 41, 3, 59, 502, 7, 64, 2, 0, 0, 0, 0, NULL, 1, 0, '2017-03-09 12:04:15', 1, NULL, NULL),
(604, 41, 3, 48, 233, 7, 66, 2, 0, 0, 0, 0, NULL, 1, 0, '2017-03-09 12:04:15', 1, NULL, NULL),
(605, 41, 3, 504, 507, 7, 82, 2, 0, 0, 0, 0, NULL, 1, 0, '2017-03-09 12:04:15', 1, NULL, NULL),
(606, 44, 8, 564, 565, 7, 60, 2, 0, 0, 0, 0, NULL, 1, 0, '2017-03-09 13:37:59', 1, NULL, NULL),
(607, 44, 8, 265, 195, 7, 68, 2, 0, 0, 0, 0, NULL, 1, 0, '2017-03-09 13:37:59', 1, NULL, NULL),
(608, 44, 8, 561, 292, 7, 75, 2, 0, 0, 0, 0, NULL, 1, 0, '2017-03-09 13:37:59', 1, NULL, NULL),
(609, 44, 6, 499, 291, 1, 24, 1, 10, 1, 0, 1, NULL, 1, 0, '2017-03-09 13:37:59', 1, '2017-03-10 14:51:58', 1),
(610, 44, 6, 266, 497, 1, 29, 1, 10, 3, 0, 6, NULL, 1, 0, '2017-03-09 13:37:59', 1, '2017-03-10 14:55:27', 1),
(611, 44, 6, 496, 0, 1, 57, 2, 11, 1, 0, 5, NULL, 1, 0, '2017-03-09 13:37:59', 1, '2017-03-10 14:58:29', 1),
(612, 44, 6, 57, 0, 8, 39, 1, 0, 0, 0, 0, NULL, 1, 0, '2017-03-09 13:37:59', 1, NULL, NULL),
(613, 44, 6, 199, 0, 8, 78, 2, 0, 0, 0, 0, NULL, 1, 0, '2017-03-09 13:37:59', 1, NULL, NULL),
(614, 44, 6, 105, 0, 8, 89, 2, 0, 0, 0, 0, NULL, 1, 0, '2017-03-09 13:37:59', 1, NULL, NULL),
(615, 44, 6, 332, 497, 7, 46, 2, 0, 0, 0, 0, NULL, 1, 0, '2017-03-09 13:37:59', 1, NULL, NULL),
(616, 44, 6, 102, 238, 7, 71, 2, 0, 0, 0, 0, NULL, 1, 0, '2017-03-09 13:37:59', 1, NULL, NULL),
(617, 44, 6, 331, 199, 7, 78, 2, 0, 0, 0, 0, NULL, 1, 0, '2017-03-09 13:37:59', 1, NULL, NULL),
(618, 39, 9, 203, 21, 1, 70, 2, 14, 3, 0, 4, NULL, 1, 0, '2017-03-09 13:57:57', 1, '2017-03-10 15:05:39', 1),
(619, 39, 9, 407, 0, 8, 61, 2, 0, 0, 0, 0, NULL, 1, 0, '2017-03-09 13:57:58', 1, NULL, NULL),
(620, 39, 9, 21, 0, 8, 72, 2, 0, 0, 0, 0, NULL, 1, 0, '2017-03-09 13:57:58', 1, NULL, NULL),
(621, 39, 9, 443, 97, 7, 63, 2, 0, 0, 0, 0, NULL, 1, 0, '2017-03-09 13:57:58', 1, NULL, NULL),
(622, 39, 9, 318, 593, 7, 73, 2, 0, 0, 0, 0, NULL, 1, 0, '2017-03-09 13:57:58', 1, NULL, NULL),
(623, 39, 9, 10, 225, 7, 93, 2, 0, 0, 0, 0, NULL, 1, 0, '2017-03-09 13:57:58', 1, NULL, NULL),
(624, 39, 13, 622, 0, 8, 33, 1, 0, 0, 0, 0, NULL, 1, 0, '2017-03-09 13:57:58', 1, NULL, NULL),
(625, 39, 13, 531, 0, 8, 66, 2, 0, 0, 0, 0, NULL, 1, 0, '2017-03-09 13:57:58', 1, NULL, NULL),
(626, 39, 13, 531, 622, 7, 61, 2, 0, 0, 0, 0, NULL, 1, 0, '2017-03-09 13:57:58', 1, NULL, NULL),
(627, 39, 13, 538, 531, 7, 76, 2, 0, 0, 0, 0, NULL, 1, 0, '2017-03-09 13:57:58', 1, NULL, NULL),
(628, 39, 13, 254, 621, 7, 86, 2, 0, 0, 0, 0, NULL, 1, 0, '2017-03-09 13:57:58', 1, NULL, NULL),
(629, 43, 2, 636, 0, 8, 35, 1, 0, 0, 0, 0, NULL, 1, 0, '2017-03-09 14:09:27', 1, NULL, NULL),
(630, 43, 2, 124, 63, 7, 46, 1, 0, 0, 0, 0, NULL, 1, 0, '2017-03-09 14:09:27', 1, NULL, NULL),
(631, 43, 2, 120, 86, 7, 46, 2, 0, 0, 0, 0, NULL, 1, 0, '2017-03-09 14:09:27', 1, NULL, NULL),
(632, 43, 2, 222, 37, 7, 64, 2, 0, 0, 0, 0, NULL, 1, 0, '2017-03-09 14:09:27', 1, NULL, NULL),
(633, 43, 7, 578, 0, 1, 47, 2, 6, 1, 0, 5, NULL, 1, 0, '2017-03-09 14:09:27', 1, '2017-03-10 15:11:04', 1),
(634, 43, 7, 312, 157, 1, 52, 2, 6, 2, 0, 5, NULL, 1, 0, '2017-03-09 14:09:27', 1, '2017-03-10 15:12:43', 1),
(635, 43, 7, 572, 0, 3, 70, 2, 0, 2, 0, 1, NULL, 1, 0, '2017-03-09 14:09:27', 1, '2017-03-10 15:13:34', 1),
(636, 43, 7, 157, 0, 8, 47, 1, 0, 0, 0, 0, NULL, 1, 0, '2017-03-09 14:09:27', 1, NULL, NULL),
(637, 43, 7, 242, 0, 8, 93, 2, 0, 0, 0, 0, NULL, 1, 0, '2017-03-09 14:09:27', 1, NULL, NULL),
(638, 43, 7, 49, 157, 7, 66, 2, 0, 0, 0, 0, NULL, 1, 0, '2017-03-09 14:09:27', 1, NULL, NULL),
(639, 43, 7, 130, 312, 7, 77, 2, 0, 0, 0, 0, NULL, 1, 0, '2017-03-09 14:09:27', 1, NULL, NULL),
(640, 43, 7, 242, 572, 7, 81, 2, 0, 0, 0, 0, NULL, 1, 0, '2017-03-09 14:09:27', 1, NULL, NULL),
(641, 42, 16, 557, 559, 1, 46, 1, 10, 1, 0, 1, NULL, 1, 0, '2017-03-09 14:21:19', 1, '2017-03-10 15:19:59', 1),
(642, 42, 16, 559, 34, 1, 49, 2, 6, 2, 0, 3, NULL, 1, 0, '2017-03-09 14:21:19', 1, '2017-03-10 15:21:12', 1),
(643, 42, 16, 228, 417, 1, 54, 2, 14, 2, 0, 3, NULL, 1, 0, '2017-03-09 14:21:19', 1, '2017-03-10 15:23:04', 1),
(644, 42, 16, 34, 51, 1, 85, 2, 15, 2, 0, 3, NULL, 1, 0, '2017-03-09 14:21:19', 1, '2017-03-10 15:25:43', 1),
(645, 42, 16, 34, 0, 3, 15, 1, 0, 0, 0, 0, NULL, 1, 0, '2017-03-09 14:21:19', 1, NULL, NULL),
(646, 42, 16, 223, 0, 8, 68, 2, 0, 0, 0, 0, NULL, 1, 0, '2017-03-09 14:21:19', 1, NULL, NULL),
(647, 42, 16, 557, 0, 8, 76, 2, 0, 0, 0, 0, NULL, 1, 0, '2017-03-09 14:21:19', 1, NULL, NULL),
(648, 42, 16, 559, 0, 8, 92, 2, 0, 0, 0, 0, NULL, 1, 0, '2017-03-09 14:21:19', 1, NULL, NULL),
(649, 42, 16, 229, 554, 7, 63, 2, 0, 0, 0, 0, NULL, 1, 0, '2017-03-09 14:21:19', 1, NULL, NULL),
(650, 42, 16, 51, 557, 7, 76, 2, 0, 0, 0, 0, NULL, 1, 0, '2017-03-09 14:21:19', 1, NULL, NULL),
(651, 42, 16, 558, 34, 7, 87, 2, 0, 0, 0, 0, NULL, 1, 0, '2017-03-09 14:21:20', 1, NULL, NULL),
(652, 42, 18, 218, 0, 1, 70, 2, 6, 2, 1, 6, NULL, 1, 0, '2017-03-09 14:21:20', 1, '2017-03-10 15:24:03', 1),
(653, 42, 18, 492, 0, 8, 47, 1, 0, 0, 0, 0, NULL, 1, 0, '2017-03-09 14:21:20', 1, NULL, NULL),
(654, 42, 18, 76, 0, 8, 56, 2, 0, 0, 0, 0, NULL, 1, 0, '2017-03-09 14:21:20', 1, NULL, NULL),
(655, 42, 18, 134, 0, 8, 87, 2, 0, 0, 0, 0, NULL, 1, 0, '2017-03-09 14:21:20', 1, NULL, NULL),
(656, 42, 18, 432, 0, 8, 94, 2, 0, 0, 0, 0, NULL, 1, 0, '2017-03-09 14:21:20', 1, NULL, NULL),
(657, 42, 18, 432, 493, 7, 36, 1, 0, 0, 0, 0, NULL, 1, 0, '2017-03-09 14:21:20', 1, NULL, NULL),
(658, 42, 18, 45, 455, 7, 46, 2, 0, 0, 0, 0, NULL, 1, 0, '2017-03-09 14:21:20', 1, NULL, NULL),
(659, 42, 18, 218, 76, 7, 56, 2, 0, 0, 0, 0, NULL, 1, 0, '2017-03-09 14:21:20', 1, NULL, NULL),
(661, 47, 17, 541, 614, 1, 26, 1, 14, 3, 0, 1, NULL, 1, 0, '2017-03-12 00:25:37', 1, '2017-03-14 10:03:50', 1),
(662, 47, 17, 614, 306, 1, 38, 1, 11, 1, 0, 1, NULL, 1, 0, '2017-03-12 00:25:37', 1, '2017-03-14 10:04:58', 1),
(663, 47, 17, 309, 614, 1, 83, 2, 14, 3, 0, 3, NULL, 1, 0, '2017-03-12 00:25:37', 1, '2017-03-14 10:08:18', 1),
(664, 47, 17, 372, 0, 8, 58, 2, 0, 0, 0, 0, NULL, 1, 0, '2017-03-12 00:25:37', 1, NULL, NULL),
(665, 47, 17, 304, 0, 8, 80, 2, 0, 0, 0, 0, NULL, 1, 0, '2017-03-12 00:25:37', 1, NULL, NULL),
(666, 47, 17, 119, 372, 7, 62, 2, 0, 0, 0, 0, NULL, 1, 0, '2017-03-12 00:25:37', 1, NULL, NULL),
(667, 47, 17, 542, 541, 7, 68, 2, 0, 0, 0, 0, NULL, 1, 0, '2017-03-12 00:25:37', 1, NULL, NULL),
(668, 47, 17, 305, 418, 7, 90, 2, 0, 0, 0, 0, NULL, 1, 0, '2017-03-12 00:25:37', 1, NULL, NULL),
(669, 47, 16, 270, 229, 1, 55, 2, 6, 2, 0, 6, NULL, 1, 0, '2017-03-12 00:25:37', 1, '2017-03-14 10:07:14', 1),
(670, 47, 16, 270, 0, 8, 41, 1, 0, 0, 0, 0, NULL, 1, 0, '2017-03-12 00:25:37', 1, NULL, NULL),
(671, 47, 16, 559, 0, 8, 51, 2, 0, 0, 0, 0, NULL, 1, 0, '2017-03-12 00:25:37', 1, NULL, NULL),
(672, 47, 16, 34, 0, 8, 80, 2, 0, 0, 0, 0, NULL, 1, 0, '2017-03-12 00:25:37', 1, NULL, NULL),
(673, 47, 16, 624, 0, 8, 91, 2, 0, 0, 0, 0, NULL, 1, 0, '2017-03-12 00:25:37', 1, NULL, NULL),
(674, 47, 16, 270, 554, 7, 37, 1, 0, 0, 0, 0, NULL, 1, 0, '2017-03-12 00:25:37', 1, NULL, NULL),
(675, 47, 16, 229, 557, 7, 46, 2, 0, 0, 0, 0, NULL, 1, 0, '2017-03-12 00:25:37', 1, NULL, NULL),
(676, 47, 16, 51, 228, 7, 73, 2, 0, 0, 0, 0, NULL, 1, 0, '2017-03-12 00:25:38', 1, NULL, NULL),
(677, 48, 7, 575, 436, 1, 75, 2, 14, 2, 0, 1, NULL, 1, 0, '2017-03-12 00:31:56', 1, '2017-03-14 10:19:03', 1),
(678, 48, 7, 572, 575, 1, 84, 2, 15, 2, 0, 2, NULL, 1, 0, '2017-03-12 00:31:57', 1, '2017-03-14 10:21:16', 1),
(679, 48, 7, 572, 157, 1, 86, 2, 15, 3, 0, 5, NULL, 1, 0, '2017-03-12 00:31:57', 1, '2017-03-14 10:23:35', 1),
(680, 48, 7, 430, 0, 8, 34, 1, 0, 0, 0, 0, NULL, 1, 0, '2017-03-12 00:31:57', 1, NULL, NULL),
(681, 48, 7, 436, 0, 8, 83, 2, 0, 0, 0, 0, NULL, 1, 0, '2017-03-12 00:31:57', 1, NULL, NULL),
(682, 48, 7, 572, 0, 8, 86, 2, 0, 0, 0, 0, NULL, 1, 0, '2017-03-12 00:31:57', 1, NULL, NULL),
(683, 48, 7, 157, 578, 7, 58, 2, 0, 0, 0, 0, NULL, 1, 0, '2017-03-12 00:31:57', 1, NULL, NULL),
(684, 48, 7, 242, 576, 7, 79, 2, 0, 0, 0, 0, NULL, 1, 0, '2017-03-12 00:31:57', 1, NULL, NULL),
(685, 48, 7, 49, 572, 7, 90, 2, 0, 0, 0, 0, NULL, 1, 0, '2017-03-12 00:31:57', 1, NULL, NULL),
(686, 48, 15, 132, 140, 1, 32, 1, 6, 1, 0, 1, NULL, 1, 0, '2017-03-12 00:31:57', 1, '2017-03-14 10:15:15', 1),
(687, 48, 15, 132, 154, 1, 37, 1, 6, 1, 0, 1, NULL, 1, 0, '2017-03-12 00:31:57', 1, '2017-03-14 10:17:28', 1),
(688, 48, 15, 263, 0, 8, 88, 2, 0, 0, 0, 0, NULL, 1, 0, '2017-03-12 00:31:57', 1, NULL, NULL),
(689, 48, 15, 603, 0, 5, 93, 2, 0, 0, 0, 0, NULL, 1, 0, '2017-03-12 00:31:57', 1, NULL, NULL),
(690, 48, 15, 263, 55, 7, 19, 1, 0, 0, 0, 0, NULL, 1, 0, '2017-03-12 00:31:57', 1, NULL, NULL),
(691, 48, 15, 101, 9, 7, 59, 2, 0, 0, 0, 0, NULL, 1, 0, '2017-03-12 00:31:57', 1, NULL, NULL),
(692, 48, 15, 149, 262, 7, 70, 2, 0, 0, 0, 0, NULL, 1, 0, '2017-03-12 00:31:57', 1, NULL, NULL),
(693, 49, 18, 356, 0, 8, 13, 1, 0, 0, 0, 0, NULL, 1, 0, '2017-03-12 00:40:02', 1, NULL, NULL),
(694, 49, 18, 155, 0, 8, 22, 1, 0, 0, 0, 0, NULL, 1, 0, '2017-03-12 00:40:02', 1, NULL, NULL),
(695, 49, 18, 62, 0, 8, 32, 1, 0, 0, 0, 0, NULL, 1, 0, '2017-03-12 00:40:02', 1, NULL, NULL),
(696, 49, 18, 117, 0, 8, 80, 2, 0, 0, 0, 0, NULL, 1, 0, '2017-03-12 00:40:02', 1, NULL, NULL),
(697, 49, 18, 493, 494, 7, 66, 2, 0, 0, 0, 0, NULL, 1, 0, '2017-03-12 00:40:02', 1, NULL, NULL),
(698, 49, 18, 492, 62, 7, 85, 2, 0, 0, 0, 0, NULL, 1, 0, '2017-03-12 00:40:02', 1, NULL, NULL),
(699, 49, 18, 45, 355, 7, 85, 2, 0, 0, 0, 0, NULL, 1, 0, '2017-03-12 00:40:02', 1, NULL, NULL),
(700, 49, 4, 514, 0, 8, 19, 1, 0, 0, 0, 0, NULL, 1, 0, '2017-03-12 00:40:02', 1, NULL, NULL),
(701, 49, 4, 392, 0, 8, 32, 1, 0, 0, 0, 0, NULL, 1, 0, '2017-03-12 00:40:02', 1, NULL, NULL),
(702, 49, 4, 515, 0, 8, 64, 2, 0, 0, 0, 0, NULL, 1, 0, '2017-03-12 00:40:02', 1, NULL, NULL),
(703, 49, 4, 392, 0, 6, 70, 2, 0, 0, 0, 0, NULL, 1, 0, '2017-03-12 00:40:02', 1, NULL, NULL),
(704, 49, 4, 11, 0, 8, 93, 2, 0, 0, 0, 0, NULL, 1, 0, '2017-03-12 00:40:02', 1, NULL, NULL),
(705, 49, 4, 128, 399, 7, 59, 2, 0, 0, 0, 0, NULL, 1, 0, '2017-03-12 00:40:02', 1, NULL, NULL),
(706, 49, 4, 281, 514, 7, 75, 2, 0, 0, 0, 0, NULL, 1, 0, '2017-03-12 00:40:02', 1, NULL, NULL),
(707, 49, 4, 426, 231, 7, 88, 2, 0, 0, 0, 0, NULL, 1, 0, '2017-03-12 00:40:02', 1, NULL, NULL),
(720, 50, 3, 502, 0, 1, 30, 1, 6, 0, 1, 5, NULL, 1, 0, '2017-03-12 10:31:51', 1, '2017-03-13 21:56:04', 1),
(721, 50, 3, 233, 205, 1, 62, 2, 6, 2, 0, 1, NULL, 1, 0, '2017-03-12 10:31:52', 1, '2017-03-13 21:59:47', 1),
(722, 50, 3, 48, 0, 1, 81, 2, 7, 2, 0, 1, NULL, 1, 0, '2017-03-12 10:31:52', 1, '2017-03-13 22:02:02', 1),
(723, 50, 3, 505, 0, 8, 39, 1, 0, 0, 0, 0, NULL, 1, 0, '2017-03-12 10:31:52', 1, NULL, NULL),
(724, 50, 3, 506, 0, 8, 93, 2, 0, 0, 0, 0, NULL, 1, 0, '2017-03-12 10:31:52', 1, NULL, NULL),
(725, 50, 3, 503, 252, 7, 27, 1, 0, 0, 0, 0, NULL, 1, 0, '2017-03-12 10:31:52', 1, NULL, NULL),
(726, 50, 3, 48, 279, 7, 54, 2, 0, 0, 0, 0, NULL, 1, 0, '2017-03-12 10:31:52', 1, NULL, NULL),
(727, 50, 3, 504, 205, 7, 87, 2, 0, 0, 0, 0, NULL, 1, 0, '2017-03-12 10:31:52', 1, NULL, NULL),
(728, 50, 2, 222, 124, 1, 22, 1, 10, 3, 0, 6, NULL, 1, 0, '2017-03-12 10:31:52', 1, '2017-03-13 21:48:31', 1),
(729, 50, 2, 124, 79, 1, 68, 2, 11, 3, 0, 6, NULL, 1, 0, '2017-03-12 10:31:52', 1, '2017-03-13 22:01:19', 1),
(730, 50, 2, 8, 0, 8, 27, 1, 0, 0, 0, 0, NULL, 1, 0, '2017-03-12 10:31:53', 1, NULL, NULL),
(731, 50, 2, 393, 0, 8, 34, 1, 0, 0, 0, 0, NULL, 1, 0, '2017-03-12 10:31:53', 1, NULL, NULL),
(732, 50, 2, 358, 0, 8, 64, 2, 0, 0, 0, 0, NULL, 1, 0, '2017-03-12 10:31:53', 1, NULL, NULL),
(733, 50, 2, 410, 0, 8, 85, 2, 0, 0, 0, 0, NULL, 1, 0, '2017-03-12 10:31:53', 1, NULL, NULL),
(734, 50, 2, 245, 0, 8, 92, 2, 0, 0, 0, 0, NULL, 1, 0, '2017-03-12 10:31:53', 1, NULL, NULL),
(735, 50, 2, 393, 8, 7, 30, 1, 0, 0, 0, 0, NULL, 1, 0, '2017-03-12 10:31:53', 1, NULL, NULL),
(736, 50, 2, 245, 393, 7, 66, 2, 0, 0, 0, 0, NULL, 1, 0, '2017-03-12 10:31:53', 1, NULL, NULL),
(737, 50, 2, 13, 32, 7, 88, 2, 0, 0, 0, 0, NULL, 1, 0, '2017-03-12 10:31:54', 1, NULL, NULL),
(738, 51, 1, 433, 259, 1, 20, 1, 15, 3, 0, 2, NULL, 1, 0, '2017-03-12 11:49:01', 1, '2017-03-13 22:22:22', 1),
(739, 51, 1, 12, 152, 1, 63, 2, 12, 2, 0, 1, NULL, 1, 0, '2017-03-12 11:49:01', 1, '2017-03-13 22:23:45', 1),
(740, 51, 1, 313, 433, 7, 72, 2, 0, 0, 0, 0, NULL, 1, 0, '2017-03-12 11:49:01', 1, NULL, NULL),
(741, 51, 1, 491, 259, 7, 72, 2, 0, 0, 0, 0, NULL, 1, 0, '2017-03-12 11:49:01', 1, NULL, NULL),
(742, 51, 1, 235, 12, 7, 80, 2, 0, 0, 0, 0, NULL, 1, 0, '2017-03-12 11:49:01', 1, NULL, NULL),
(743, 51, 11, 20, 0, 8, 82, 2, 0, 0, 0, 0, NULL, 1, 0, '2017-03-12 11:49:02', 1, NULL, NULL),
(744, 51, 11, 20, 362, 7, 46, 2, 0, 0, 0, 0, NULL, 1, 0, '2017-03-12 11:49:02', 1, NULL, NULL),
(745, 51, 11, 114, 391, 7, 59, 2, 0, 0, 0, 0, NULL, 1, 0, '2017-03-12 11:49:02', 1, NULL, NULL),
(746, 51, 11, 241, 188, 7, 66, 2, 0, 0, 0, 0, NULL, 1, 0, '2017-03-12 11:49:02', 1, NULL, NULL),
(747, 52, 6, 500, 653, 1, 18, 1, 6, 2, 0, 1, NULL, 1, 0, '2017-03-13 09:49:51', 1, '2017-03-13 21:16:03', 1),
(748, 52, 6, 57, 0, 8, 60, 2, 0, 0, 0, 0, NULL, 1, 0, '2017-03-13 09:49:52', 1, NULL, NULL),
(749, 52, 6, 335, 0, 8, 84, 2, 0, 0, 0, 0, NULL, 1, 0, '2017-03-13 09:49:52', 1, NULL, NULL),
(750, 52, 6, 57, 0, 6, 87, 2, 0, 0, 0, 0, NULL, 1, 0, '2017-03-13 09:49:52', 1, NULL, NULL),
(751, 52, 6, 497, 496, 7, 16, 1, 0, 0, 0, 0, NULL, 1, 0, '2017-03-13 09:49:52', 1, NULL, NULL),
(752, 52, 6, 102, 500, 7, 70, 2, 0, 0, 0, 0, NULL, 1, 0, '2017-03-13 09:49:52', 1, NULL, NULL),
(753, 52, 6, 199, 653, 7, 86, 2, 0, 0, 0, 0, NULL, 1, 0, '2017-03-13 09:49:52', 1, NULL, NULL),
(754, 52, 9, 325, 0, 8, 60, 2, 0, 0, 0, 0, NULL, 1, 0, '2017-03-13 09:49:52', 1, NULL, NULL),
(755, 52, 9, 613, 0, 8, 64, 2, 0, 0, 0, 0, NULL, 1, 0, '2017-03-13 09:49:52', 1, NULL, NULL),
(756, 52, 9, 381, 0, 8, 78, 2, 0, 0, 0, 0, NULL, 1, 0, '2017-03-13 09:49:52', 1, NULL, NULL),
(757, 52, 9, 21, 225, 7, 46, 2, 0, 0, 0, 0, NULL, 1, 0, '2017-03-13 09:49:52', 1, NULL, NULL),
(758, 52, 9, 33, 407, 7, 67, 2, 0, 0, 0, 0, NULL, 1, 0, '2017-03-13 09:49:52', 1, NULL, NULL),
(759, 52, 9, 381, 10, 7, 75, 2, 0, 0, 0, 0, NULL, 1, 0, '2017-03-13 09:49:52', 1, NULL, NULL),
(760, 53, 8, 560, 217, 1, 47, 2, 15, 2, 0, 4, NULL, 1, 0, '2017-03-13 10:08:49', 1, '2017-03-14 09:39:26', 1),
(761, 53, 8, 217, 300, 1, 68, 2, 14, 2, 0, 1, NULL, 1, 0, '2017-03-13 10:08:49', 1, '2017-03-14 09:42:49', 1),
(762, 53, 8, 560, 50, 4, 36, 1, 0, 2, 0, 0, NULL, 1, 0, '2017-03-13 10:08:49', 1, '2017-03-14 09:49:36', 1),
(763, 53, 8, 565, 0, 8, 52, 2, 0, 0, 0, 0, NULL, 1, 0, '2017-03-13 10:08:49', 1, NULL, NULL),
(764, 53, 8, 563, 0, 8, 61, 2, 0, 0, 0, 0, NULL, 1, 0, '2017-03-13 10:08:50', 1, NULL, NULL),
(765, 53, 8, 454, 0, 8, 90, 2, 0, 0, 0, 0, NULL, 1, 0, '2017-03-13 10:08:50', 1, NULL, NULL),
(766, 53, 8, 265, 564, 7, 63, 2, 0, 0, 0, 0, NULL, 1, 0, '2017-03-13 10:08:50', 1, NULL, NULL),
(767, 53, 8, 219, 560, 7, 72, 2, 0, 0, 0, 0, NULL, 1, 0, '2017-03-13 10:08:50', 1, NULL, NULL),
(768, 53, 8, 423, 299, 7, 80, 2, 0, 0, 0, 0, NULL, 1, 0, '2017-03-13 10:08:50', 1, NULL, NULL),
(769, 53, 10, 285, 201, 1, 34, 1, 6, 2, 0, 4, NULL, 1, 0, '2017-03-13 10:08:50', 1, '2017-03-14 09:38:10', 1),
(770, 53, 10, 547, 145, 1, 58, 2, 14, 1, 0, 6, NULL, 1, 0, '2017-03-13 10:08:50', 1, '2017-03-14 09:40:51', 1),
(771, 53, 10, 547, 145, 1, 88, 2, 13, 3, 0, 6, NULL, 1, 0, '2017-03-13 10:08:50', 1, '2017-03-14 09:43:44', 1),
(772, 53, 10, 40, 0, 8, 36, 1, 0, 0, 0, 0, NULL, 1, 0, '2017-03-13 10:08:50', 1, NULL, NULL),
(773, 53, 10, 552, 0, 8, 61, 2, 0, 0, 0, 0, NULL, 1, 0, '2017-03-13 10:08:50', 1, NULL, NULL),
(774, 53, 10, 4, 0, 8, 65, 2, 0, 0, 0, 0, NULL, 1, 0, '2017-03-13 10:08:50', 1, NULL, NULL),
(775, 53, 10, 14, 40, 7, 42, 1, 0, 0, 0, 0, NULL, 1, 0, '2017-03-13 10:08:50', 1, NULL, NULL),
(776, 53, 10, 123, 552, 7, 74, 2, 0, 0, 0, 0, NULL, 1, 0, '2017-03-13 10:08:50', 1, NULL, NULL),
(777, 53, 10, 550, 145, 7, 88, 2, 0, 0, 0, 0, NULL, 1, 0, '2017-03-13 10:08:50', 1, NULL, NULL),
(778, 54, 14, 142, 379, 1, 10, 1, 11, 1, 0, 3, NULL, 1, 0, '2017-03-13 10:33:26', 1, '2017-03-13 21:25:11', 1),
(779, 54, 14, 416, 0, 8, 19, 1, 0, 0, 0, 0, NULL, 1, 0, '2017-03-13 10:33:26', 1, NULL, NULL),
(780, 54, 14, 582, 0, 8, 76, 2, 0, 0, 0, 0, NULL, 1, 0, '2017-03-13 10:33:27', 1, NULL, NULL),
(781, 54, 14, 608, 584, 7, 76, 2, 0, 0, 0, 0, NULL, 1, 0, '2017-03-13 10:33:27', 1, NULL, NULL),
(782, 54, 14, 580, 43, 7, 77, 2, 0, 0, 0, 0, NULL, 1, 0, '2017-03-13 10:33:27', 1, NULL, NULL),
(783, 54, 14, 447, 72, 7, 87, 2, 0, 0, 0, 0, NULL, 1, 0, '2017-03-13 10:33:27', 1, NULL, NULL),
(784, 54, 12, 628, 598, 1, 23, 1, 6, 1, 0, 3, NULL, 1, 0, '2017-03-13 10:33:27', 1, '2017-03-13 21:26:14', 1),
(785, 54, 12, 598, 330, 1, 73, 2, 15, 3, 0, 2, NULL, 1, 0, '2017-03-13 10:33:27', 1, '2017-03-13 21:28:21', 1),
(786, 54, 12, 298, 330, 1, 93, 2, 6, 2, 0, 6, NULL, 1, 0, '2017-03-13 10:33:27', 1, '2017-03-13 21:29:26', 1),
(787, 54, 12, 598, 0, 8, 31, 1, 0, 0, 0, 0, NULL, 1, 0, '2017-03-13 10:33:27', 1, NULL, NULL),
(788, 54, 12, 319, 628, 7, 46, 2, 0, 0, 0, 0, NULL, 1, 0, '2017-03-13 10:33:27', 1, NULL, NULL),
(789, 54, 12, 66, 129, 7, 46, 2, 0, 0, 0, 0, NULL, 1, 0, '2017-03-13 10:33:27', 1, NULL, NULL),
(790, 54, 12, 65, 121, 7, 85, 2, 0, 0, 0, 0, NULL, 1, 0, '2017-03-13 10:33:27', 1, NULL, NULL),
(792, 55, 13, 621, 0, 8, 43, 1, 0, 0, 0, 0, NULL, 1, 0, '2017-03-13 10:45:27', 1, NULL, NULL),
(793, 55, 13, 540, 0, 8, 83, 2, 0, 0, 0, 0, NULL, 1, 0, '2017-03-13 10:45:27', 1, NULL, NULL),
(794, 55, 13, 166, 0, 8, 83, 2, 0, 0, 0, 0, NULL, 1, 0, '2017-03-13 10:45:27', 1, NULL, NULL),
(795, 55, 13, 532, 0, 5, 55, 2, 0, 0, 0, 0, NULL, 1, 0, '2017-03-13 10:45:27', 1, NULL, NULL),
(796, 55, 13, 533, 196, 7, 75, 2, 0, 0, 0, 0, NULL, 1, 0, '2017-03-13 10:45:27', 1, NULL, NULL),
(797, 55, 13, 538, 289, 7, 77, 2, 0, 0, 0, 0, NULL, 1, 0, '2017-03-13 10:45:27', 1, NULL, NULL),
(798, 55, 13, 254, 622, 7, 86, 2, 0, 0, 0, 0, NULL, 1, 0, '2017-03-13 10:45:27', 1, NULL, NULL),
(801, 55, 5, 103, 0, 8, 79, 2, 0, 0, 0, 0, NULL, 1, 0, '2017-03-13 10:45:27', 1, NULL, NULL),
(802, 55, 5, 77, 0, 8, 88, 2, 0, 0, 0, 0, NULL, 1, 0, '2017-03-13 10:45:27', 1, NULL, NULL),
(803, 55, 5, 176, 0, 5, 55, 2, 0, 0, 0, 0, NULL, 1, 0, '2017-03-13 10:45:27', 1, NULL, NULL),
(804, 55, 5, 183, 24, 7, 46, 2, 0, 0, 0, 0, NULL, 1, 0, '2017-03-13 10:45:27', 1, NULL, NULL),
(805, 55, 5, 462, 346, 7, 46, 2, 0, 0, 0, 0, NULL, 1, 0, '2017-03-13 10:45:27', 1, NULL, NULL),
(806, 55, 5, 526, 103, 7, 80, 2, 0, 0, 0, 0, NULL, 1, 0, '2017-03-13 10:45:27', 1, NULL, NULL),
(807, 55, 13, 532, 0, 3, 15, 1, 0, 2, 0, 1, NULL, 1, 0, '2017-03-13 22:11:13', 1, '2017-03-13 22:11:48', 1),
(809, 55, 5, 617, 0, 3, 56, 2, 0, 1, 0, 3, NULL, 1, 0, '2017-03-13 22:15:13', 1, '2017-03-13 22:15:27', 1),
(810, 55, 5, 617, 103, 1, 77, 2, 11, 3, 0, 6, NULL, 1, 0, '2017-03-13 22:15:42', 1, '2017-03-13 22:17:12', 1),
(811, 61, 5, 617, 0, 3, 77, 2, 0, 1, 0, 1, NULL, 1, 0, '2017-04-04 10:10:06', 1, '2017-04-04 10:12:28', 1),
(812, 61, 5, 617, 0, 3, 90, 2, 0, 1, 0, 6, NULL, 1, 0, '2017-04-04 10:10:06', 1, '2017-04-04 10:13:50', 1),
(813, 61, 5, 462, 54, 7, 70, 2, 0, 0, 0, 0, NULL, 1, 0, '2017-04-04 10:10:06', 1, NULL, NULL),
(814, 61, 5, 23, 183, 7, 70, 2, 0, 0, 0, 0, NULL, 1, 0, '2017-04-04 10:10:06', 1, NULL, NULL),
(815, 61, 5, 346, 103, 7, 90, 2, 0, 0, 0, 0, NULL, 1, 0, '2017-04-04 10:10:06', 1, NULL, NULL),
(816, 61, 6, 500, 0, 8, 25, 1, 0, 0, 0, 0, NULL, 1, 0, '2017-04-04 10:10:06', 1, NULL, NULL),
(817, 61, 6, 57, 0, 8, 90, 2, 0, 0, 0, 0, NULL, 1, 0, '2017-04-04 10:10:06', 1, NULL, NULL),
(818, 61, 6, 497, 266, 7, 65, 2, 0, 0, 0, 0, NULL, 1, 0, '2017-04-04 10:10:06', 1, NULL, NULL),
(819, 61, 6, 199, 500, 7, 81, 2, 0, 0, 0, 0, NULL, 1, 0, '2017-04-04 10:10:06', 1, NULL, NULL),
(820, 61, 6, 332, 127, 7, 88, 2, 0, 0, 0, 0, NULL, 1, 0, '2017-04-04 10:10:06', 1, NULL, NULL),
(821, 56, 18, 637, 134, 1, 57, 2, 12, 1, 0, 1, NULL, 1, 0, '2017-04-04 17:28:47', 1, '2017-04-04 17:33:12', 1),
(822, 56, 18, 218, 0, 8, 74, 2, 0, 0, 0, 0, NULL, 1, 0, '2017-04-04 17:28:47', 1, NULL, NULL),
(823, 56, 18, 493, 0, 8, 81, 2, 0, 0, 0, 0, NULL, 1, 0, '2017-04-04 17:28:47', 1, NULL, NULL),
(824, 56, 18, 45, 0, 8, 86, 2, 0, 0, 0, 0, NULL, 1, 0, '2017-04-04 17:28:47', 1, NULL, NULL),
(825, 56, 18, 155, 0, 8, 93, 2, 0, 0, 0, 0, NULL, 1, 0, '2017-04-04 17:28:47', 1, NULL, NULL),
(826, 56, 18, 88, 0, 8, 95, 2, 0, 0, 0, 0, NULL, 1, 0, '2017-04-04 17:28:47', 1, NULL, NULL),
(827, 56, 18, 45, 355, 7, 65, 2, 0, 0, 0, 0, NULL, 1, 0, '2017-04-04 17:28:47', 1, NULL, NULL),
(828, 60, 4, 516, 395, 1, 5, 1, 15, 3, 0, 5, NULL, 1, 0, '2017-04-04 17:46:21', 1, '2017-04-04 17:47:46', 1),
(829, 60, 4, 514, 392, 1, 83, 2, 15, 2, 0, 3, NULL, 1, 0, '2017-04-04 17:46:21', 1, '2017-04-04 17:49:09', 1),
(830, 60, 4, 513, 0, 8, 44, 1, 0, 0, 0, 0, NULL, 1, 0, '2017-04-04 17:46:21', 1, NULL, NULL),
(831, 60, 4, 395, 0, 8, 50, 2, 0, 0, 0, 0, NULL, 1, 0, '2017-04-04 17:46:21', 1, NULL, NULL),
(832, 60, 4, 215, 440, 7, 68, 2, 0, 0, 0, 0, NULL, 1, 0, '2017-04-04 17:46:21', 1, NULL, NULL),
(833, 60, 4, 426, 215, 7, 92, 2, 0, 0, 0, 0, NULL, 1, 0, '2017-04-04 17:46:21', 1, NULL, NULL),
(834, 60, 1, 12, 0, 8, 42, 1, 0, 0, 0, 0, NULL, 1, 0, '2017-04-04 17:46:21', 1, NULL, NULL),
(835, 60, 1, 512, 0, 8, 59, 2, 0, 0, 0, 0, NULL, 1, 0, '2017-04-04 17:46:21', 1, NULL, NULL),
(836, 60, 1, 98, 0, 8, 66, 2, 0, 0, 0, 0, NULL, 1, 0, '2017-04-04 17:46:21', 1, NULL, NULL),
(837, 60, 1, 244, 0, 8, 82, 2, 0, 0, 0, 0, NULL, 1, 0, '2017-04-04 17:46:21', 1, NULL, NULL),
(838, 60, 1, 512, 0, 6, 93, 2, 0, 0, 0, 0, NULL, 1, 0, '2017-04-04 17:46:21', 1, NULL, NULL),
(839, 60, 1, 259, 313, 7, 56, 2, 0, 0, 0, 0, NULL, 1, 0, '2017-04-04 17:46:21', 1, NULL, NULL),
(840, 60, 1, 152, 98, 7, 86, 2, 0, 0, 0, 0, NULL, 1, 0, '2017-04-04 17:46:21', 1, NULL, NULL),
(841, 63, 11, 114, 0, 1, 14, 1, 0, 0, 0, 0, NULL, 1, 1, '2017-04-04 18:36:32', 1, '2017-04-04 18:36:44', 1),
(842, 63, 11, 114, 0, 1, 18, 1, 0, 0, 0, 0, NULL, 1, 1, '2017-04-04 18:36:32', 1, '2017-04-04 18:36:46', 1),
(843, 63, 11, 567, 0, 1, 35, 1, 0, 0, 0, 0, NULL, 1, 1, '2017-04-04 18:36:32', 1, '2017-04-04 18:36:46', 1),
(844, 63, 11, 20, 0, 1, 75, 2, 0, 0, 0, 0, NULL, 1, 1, '2017-04-04 18:36:32', 1, '2017-04-04 18:36:47', 1),
(845, 63, 11, 241, 0, 8, 92, 2, 0, 0, 0, 0, NULL, 1, 1, '2017-04-04 18:36:32', 1, '2017-04-04 18:36:49', 1),
(846, 63, 11, 571, 0, 8, 94, 2, 0, 0, 0, 0, NULL, 1, 1, '2017-04-04 18:36:32', 1, '2017-04-04 18:36:49', 1),
(847, 63, 11, 20, 188, 7, 59, 2, 0, 0, 0, 0, NULL, 1, 1, '2017-04-04 18:36:32', 1, '2017-04-04 18:36:47', 1),
(848, 63, 11, 571, 568, 7, 77, 2, 0, 0, 0, 0, NULL, 1, 1, '2017-04-04 18:36:32', 1, '2017-04-04 18:36:48', 1),
(849, 63, 11, 241, 364, 7, 84, 2, 0, 0, 0, 0, NULL, 1, 1, '2017-04-04 18:36:32', 1, '2017-04-04 18:36:48', 1),
(850, 63, 11, 567, 0, 8, 17, 1, 0, 0, 0, 0, NULL, 1, 1, '2017-04-04 18:36:32', 1, '2017-04-04 18:36:45', 1),
(851, 63, 11, 114, 0, 1, 14, 1, 6, 2, 1, 1, NULL, 1, 0, '2017-04-04 18:37:58', 1, '2017-04-04 18:39:28', 1),
(852, 63, 11, 114, 0, 1, 18, 1, 3, 2, 1, 1, NULL, 1, 0, '2017-04-04 18:37:58', 1, '2017-04-04 18:41:57', 1),
(853, 63, 11, 567, 114, 1, 35, 1, 10, 2, 0, 4, NULL, 1, 0, '2017-04-04 18:37:58', 1, '2017-04-04 18:42:57', 1),
(854, 63, 11, 20, 364, 1, 75, 2, 10, 2, 0, 3, NULL, 1, 0, '2017-04-04 18:37:58', 1, '2017-04-04 18:44:11', 1),
(855, 63, 11, 241, 0, 8, 92, 2, 0, 0, 0, 0, NULL, 1, 0, '2017-04-04 18:37:58', 1, NULL, NULL),
(856, 63, 11, 571, 0, 8, 94, 2, 0, 0, 0, 0, NULL, 1, 0, '2017-04-04 18:37:58', 1, NULL, NULL),
(857, 63, 11, 20, 188, 7, 59, 2, 0, 0, 0, 0, NULL, 1, 0, '2017-04-04 18:37:58', 1, NULL, NULL),
(858, 63, 11, 571, 568, 7, 77, 2, 0, 0, 0, 0, NULL, 1, 0, '2017-04-04 18:37:58', 1, NULL, NULL),
(859, 63, 11, 241, 364, 7, 84, 2, 0, 0, 0, 0, NULL, 1, 0, '2017-04-04 18:37:58', 1, NULL, NULL),
(860, 63, 14, 579, 0, 8, 17, 1, 0, 0, 0, 0, NULL, 1, 0, '2017-04-04 18:37:58', 1, NULL, NULL),
(861, 63, 14, 142, 0, 8, 47, 1, 0, 0, 0, 0, NULL, 1, 0, '2017-04-04 18:37:58', 1, NULL, NULL),
(862, 63, 14, 607, 0, 8, 54, 2, 0, 0, 0, 0, NULL, 1, 0, '2017-04-04 18:37:58', 1, NULL, NULL),
(863, 63, 14, 608, 584, 7, 68, 2, 0, 0, 0, 0, NULL, 1, 0, '2017-04-04 18:37:58', 1, NULL, NULL),
(864, 63, 14, 447, 580, 7, 68, 2, 0, 0, 0, 0, NULL, 1, 0, '2017-04-04 18:37:58', 1, NULL, NULL),
(865, 63, 14, 643, 142, 7, 78, 2, 0, 0, 0, 0, NULL, 1, 0, '2017-04-04 18:37:58', 1, NULL, NULL),
(866, 62, 12, 598, 596, 1, 2, 1, 15, 1, 0, 3, NULL, 1, 0, '2017-04-04 22:39:04', 1, '2017-04-04 22:44:24', 1),
(867, 62, 12, 298, 598, 1, 71, 2, 6, 2, 0, 1, NULL, 1, 0, '2017-04-04 22:39:04', 1, '2017-04-04 22:46:57', 1),
(868, 62, 12, 596, 0, 8, 60, 2, 0, 0, 0, 0, NULL, 1, 0, '2017-04-04 22:39:04', 1, NULL, NULL),
(869, 62, 12, 598, 0, 8, 76, 2, 0, 0, 0, 0, NULL, 1, 0, '2017-04-04 22:39:04', 1, NULL, NULL),
(870, 62, 12, 330, 0, 8, 85, 2, 0, 0, 0, 0, NULL, 1, 0, '2017-04-04 22:39:04', 1, NULL, NULL),
(871, 62, 12, 121, 66, 7, 77, 2, 0, 0, 0, 0, NULL, 1, 0, '2017-04-04 22:39:04', 1, NULL, NULL),
(872, 62, 12, 322, 596, 7, 92, 2, 0, 0, 0, 0, NULL, 1, 0, '2017-04-04 22:39:04', 1, NULL, NULL),
(873, 62, 13, 118, 200, 1, 84, 2, 15, 2, 0, 1, NULL, 1, 0, '2017-04-04 22:39:04', 1, '2017-04-04 22:51:07', 1),
(874, 62, 13, 166, 0, 8, 43, 1, 0, 0, 0, 0, NULL, 1, 0, '2017-04-04 22:39:04', 1, NULL, NULL),
(875, 62, 13, 200, 0, 8, 72, 2, 0, 0, 0, 0, NULL, 1, 0, '2017-04-04 22:39:04', 1, NULL, NULL),
(876, 62, 13, 151, 254, 7, 63, 2, 0, 0, 0, 0, NULL, 1, 0, '2017-04-04 22:39:04', 1, NULL, NULL),
(877, 62, 13, 534, 621, 7, 83, 2, 0, 0, 0, 0, NULL, 1, 0, '2017-04-04 22:39:04', 1, NULL, NULL),
(878, 62, 13, 538, 289, 7, 88, 2, 0, 0, 0, 0, NULL, 1, 0, '2017-04-04 22:39:04', 1, NULL, NULL),
(879, 57, 15, 207, 0, 1, 46, 1, 6, 2, 1, 6, NULL, 1, 0, '2017-04-05 10:36:58', 1, '2017-04-05 10:41:38', 1),
(880, 57, 15, 154, 0, 1, 75, 2, 6, 1, 1, 6, NULL, 1, 0, '2017-04-05 10:36:58', 1, '2017-04-05 10:45:02', 1),
(881, 57, 15, 262, 0, 8, 32, 1, 0, 0, 0, 0, NULL, 1, 0, '2017-04-05 10:36:58', 1, NULL, NULL),
(882, 57, 15, 56, 0, 8, 71, 2, 0, 0, 0, 0, NULL, 1, 0, '2017-04-05 10:36:58', 1, NULL, NULL),
(883, 57, 15, 620, 0, 5, 59, 2, 0, 0, 0, 0, NULL, 1, 0, '2017-04-05 10:36:58', 1, NULL, NULL),
(884, 57, 15, 58, 125, 7, 48, 1, 0, 0, 0, 0, NULL, 1, 0, '2017-04-05 10:36:58', 1, NULL, NULL),
(885, 57, 15, 263, 604, 7, 72, 2, 0, 0, 0, 0, NULL, 1, 0, '2017-04-05 10:36:58', 1, NULL, NULL),
(886, 57, 15, 181, 207, 7, 84, 2, 0, 0, 0, 0, NULL, 1, 0, '2017-04-05 10:36:58', 1, NULL, NULL),
(887, 57, 3, 506, 0, 1, 28, 1, 5, 2, 0, 6, NULL, 1, 0, '2017-04-05 10:36:58', 1, '2017-04-05 10:40:51', 1),
(888, 57, 3, 233, 279, 1, 65, 2, 14, 2, 0, 1, NULL, 1, 0, '2017-04-05 10:36:58', 1, '2017-04-05 10:42:53', 1),
(889, 57, 3, 279, 0, 1, 69, 2, 10, 2, 0, 3, NULL, 1, 0, '2017-04-05 10:36:58', 1, '2017-04-05 10:44:19', 1),
(890, 57, 3, 46, 0, 8, 39, 1, 0, 0, 0, 0, NULL, 1, 0, '2017-04-05 10:36:58', 1, NULL, NULL),
(891, 57, 3, 505, 0, 8, 42, 1, 0, 0, 0, 0, NULL, 1, 0, '2017-04-05 10:36:58', 1, NULL, NULL),
(892, 57, 3, 91, 0, 8, 52, 2, 0, 0, 0, 0, NULL, 1, 0, '2017-04-05 10:36:58', 1, NULL, NULL),
(893, 57, 3, 233, 0, 8, 63, 2, 0, 0, 0, 0, NULL, 1, 0, '2017-04-05 10:36:58', 1, NULL, NULL),
(894, 57, 3, 505, 0, 6, 73, 2, 0, 0, 0, 0, NULL, 1, 0, '2017-04-05 10:36:58', 1, NULL, NULL),
(895, 57, 3, 3, 205, 7, 77, 2, 0, 0, 0, 0, NULL, 1, 0, '2017-04-05 10:36:58', 1, NULL, NULL),
(896, 57, 3, 340, 506, 7, 87, 2, 0, 0, 0, 0, NULL, 1, 0, '2017-04-05 10:36:58', 1, NULL, NULL),
(897, 57, 3, 48, 279, 7, 93, 2, 0, 0, 0, 0, NULL, 1, 0, '2017-04-05 10:36:58', 1, NULL, NULL),
(898, 64, 9, 10, 448, 1, 14, 1, 14, 2, 0, 3, NULL, 1, 0, '2017-04-05 11:02:59', 1, '2017-04-05 11:09:13', 1),
(899, 64, 9, 374, 21, 1, 20, 1, 14, 2, 0, 6, NULL, 1, 0, '2017-04-05 11:02:59', 1, '2017-04-05 11:10:33', 1),
(900, 64, 9, 374, 50, 4, 83, 2, 0, 2, 0, 0, NULL, 1, 0, '2017-04-05 11:02:59', 1, '2017-04-05 11:05:54', 1),
(901, 64, 9, 658, 0, 8, 19, 1, 0, 0, 0, 0, NULL, 1, 0, '2017-04-05 11:02:59', 1, NULL, NULL),
(902, 64, 9, 658, 0, 6, 36, 1, 0, 0, 0, 0, NULL, 1, 0, '2017-04-05 11:02:59', 1, NULL, NULL),
(903, 64, 9, 590, 0, 8, 60, 2, 0, 0, 0, 0, NULL, 1, 0, '2017-04-05 11:02:59', 1, NULL, NULL),
(904, 64, 9, 203, 0, 8, 68, 2, 0, 0, 0, 0, NULL, 1, 0, '2017-04-05 11:02:59', 1, NULL, NULL),
(905, 64, 9, 10, 0, 8, 72, 2, 0, 0, 0, 0, NULL, 1, 0, '2017-04-05 11:02:59', 1, NULL, NULL),
(906, 64, 9, 97, 0, 8, 90, 2, 0, 0, 0, 0, NULL, 1, 0, '2017-04-05 11:02:59', 1, NULL, NULL),
(907, 64, 9, 594, 589, 7, 75, 2, 0, 0, 0, 0, NULL, 1, 0, '2017-04-05 11:02:59', 1, NULL, NULL),
(908, 64, 9, 97, 10, 7, 79, 2, 0, 0, 0, 0, NULL, 1, 0, '2017-04-05 11:02:59', 1, NULL, NULL),
(909, 64, 9, 612, 21, 7, 88, 2, 0, 0, 0, 0, NULL, 1, 0, '2017-04-05 11:02:59', 1, NULL, NULL),
(910, 64, 10, 552, 285, 1, 6, 1, 15, 3, 0, 1, NULL, 1, 0, '2017-04-05 11:02:59', 1, '2017-04-05 11:08:19', 1),
(911, 64, 10, 4, 0, 1, 65, 2, 14, 2, 0, 3, NULL, 1, 0, '2017-04-05 11:02:59', 1, '2017-04-05 11:13:49', 1),
(912, 64, 10, 547, 0, 8, 35, 1, 0, 0, 0, 0, NULL, 1, 0, '2017-04-05 11:02:59', 1, NULL, NULL),
(913, 64, 10, 285, 0, 8, 50, 2, 0, 0, 0, 0, NULL, 1, 0, '2017-04-05 11:02:59', 1, NULL, NULL),
(914, 64, 10, 31, 0, 8, 52, 2, 0, 0, 0, 0, NULL, 1, 0, '2017-04-05 11:02:59', 1, NULL, NULL),
(915, 64, 10, 14, 0, 8, 71, 2, 0, 0, 0, 0, NULL, 1, 0, '2017-04-05 11:02:59', 1, NULL, NULL),
(916, 64, 10, 552, 0, 8, 89, 2, 0, 0, 0, 0, NULL, 1, 0, '2017-04-05 11:02:59', 1, NULL, NULL),
(917, 64, 10, 14, 40, 7, 38, 1, 0, 0, 0, 0, NULL, 1, 0, '2017-04-05 11:02:59', 1, NULL, NULL),
(918, 64, 10, 351, 547, 7, 56, 2, 0, 0, 0, 0, NULL, 1, 0, '2017-04-05 11:02:59', 1, NULL, NULL),
(919, 64, 10, 201, 548, 7, 80, 2, 0, 0, 0, 0, NULL, 1, 0, '2017-04-05 11:02:59', 1, NULL, NULL),
(920, 59, 2, 222, 124, 1, 7, 1, 14, 2, 0, 1, NULL, 1, 0, '2017-04-05 11:29:16', 1, '2017-04-05 11:30:53', 1),
(921, 59, 2, 222, 358, 1, 25, 1, 14, 3, 0, 3, NULL, 1, 0, '2017-04-05 11:29:16', 1, '2017-04-05 11:32:11', 1),
(922, 59, 2, 410, 124, 1, 69, 2, 11, 2, 0, 6, NULL, 1, 0, '2017-04-05 11:29:16', 1, '2017-04-05 11:36:45', 1),
(923, 59, 2, 150, 0, 3, 47, 1, 0, 2, 0, 1, NULL, 1, 0, '2017-04-05 11:29:16', 1, '2017-04-05 11:32:54', 1),
(924, 59, 2, 636, 0, 8, 85, 2, 0, 0, 0, 0, NULL, 1, 0, '2017-04-05 11:29:16', 1, NULL, NULL),
(925, 59, 2, 32, 358, 7, 60, 2, 0, 0, 0, 0, NULL, 1, 0, '2017-04-05 11:29:16', 1, NULL, NULL),
(926, 59, 2, 37, 79, 7, 76, 2, 0, 0, 0, 0, NULL, 1, 0, '2017-04-05 11:29:16', 1, NULL, NULL),
(927, 59, 8, 300, 219, 1, 55, 2, 14, 3, 0, 6, NULL, 1, 0, '2017-04-05 11:29:16', 1, '2017-04-05 11:34:32', 1),
(928, 59, 8, 300, 243, 1, 65, 2, 10, 2, 0, 3, NULL, 1, 0, '2017-04-05 11:29:16', 1, '2017-04-05 11:35:49', 1),
(929, 59, 8, 300, 0, 8, 47, 1, 0, 0, 0, 0, NULL, 1, 0, '2017-04-05 11:29:16', 1, NULL, NULL),
(930, 59, 8, 376, 0, 8, 61, 2, 0, 0, 0, 0, NULL, 1, 0, '2017-04-05 11:29:16', 1, NULL, NULL),
(931, 59, 8, 564, 0, 8, 84, 2, 0, 0, 0, 0, NULL, 1, 0, '2017-04-05 11:29:16', 1, NULL, NULL),
(932, 59, 8, 423, 0, 8, 94, 2, 0, 0, 0, 0, NULL, 1, 0, '2017-04-05 11:29:16', 1, NULL, NULL),
(933, 59, 8, 376, 565, 7, 52, 2, 0, 0, 0, 0, NULL, 1, 0, '2017-04-05 11:29:16', 1, NULL, NULL),
(934, 59, 8, 292, 560, 7, 57, 2, 0, 0, 0, 0, NULL, 1, 0, '2017-04-05 11:29:16', 1, NULL, NULL),
(935, 59, 8, 561, 219, 7, 78, 2, 0, 0, 0, 0, NULL, 1, 0, '2017-04-05 11:29:16', 1, NULL, NULL),
(936, 58, 16, 228, 0, 8, 20, 1, 0, 0, 0, 0, NULL, 1, 0, '2017-04-05 11:46:19', 1, NULL, NULL),
(937, 58, 16, 223, 0, 8, 22, 1, 0, 0, 0, 0, NULL, 1, 0, '2017-04-05 11:46:19', 1, NULL, NULL),
(938, 58, 16, 175, 0, 8, 24, 1, 0, 0, 0, 0, NULL, 1, 0, '2017-04-05 11:46:19', 1, NULL, NULL),
(939, 58, 16, 559, 273, 7, 46, 2, 0, 0, 0, 0, NULL, 1, 0, '2017-04-05 11:46:19', 1, NULL, NULL),
(940, 58, 16, 229, 557, 7, 46, 2, 0, 0, 0, 0, NULL, 1, 0, '2017-04-05 11:46:19', 1, NULL, NULL),
(941, 58, 16, 51, 228, 7, 56, 2, 0, 0, 0, 0, NULL, 1, 0, '2017-04-05 11:46:19', 1, NULL, NULL),
(942, 58, 7, 572, 157, 1, 1, 1, 10, 2, 0, 1, NULL, 1, 0, '2017-04-05 11:46:19', 1, '2017-04-05 11:48:48', 1),
(943, 58, 7, 574, 573, 1, 15, 1, 10, 2, 0, 1, NULL, 1, 0, '2017-04-05 11:46:19', 1, '2017-04-05 11:50:26', 1),
(944, 58, 7, 573, 0, 3, 47, 2, 0, 2, 0, 3, NULL, 1, 0, '2017-04-05 11:46:19', 1, '2017-04-05 11:51:06', 1),
(945, 58, 7, 220, 0, 8, 37, 1, 0, 0, 0, 0, NULL, 1, 0, '2017-04-05 11:46:19', 1, NULL, NULL),
(946, 58, 7, 436, 0, 8, 39, 1, 0, 0, 0, 0, NULL, 1, 0, '2017-04-05 11:46:19', 1, NULL, NULL),
(947, 58, 7, 578, 573, 7, 65, 2, 0, 0, 0, 0, NULL, 1, 0, '2017-04-05 11:46:19', 1, NULL, NULL),
(948, 58, 7, 232, 157, 7, 77, 2, 0, 0, 0, 0, NULL, 1, 0, '2017-04-05 11:46:19', 1, NULL, NULL),
(949, 58, 7, 130, 312, 7, 85, 2, 0, 0, 0, 0, NULL, 1, 0, '2017-04-05 11:46:19', 1, NULL, NULL);

-- --------------------------------------------------------

--
-- Table structure for table `match_player`
--

CREATE TABLE `match_player` (
  `id` int(10) UNSIGNED NOT NULL,
  `match_id` int(10) UNSIGNED NOT NULL,
  `player_id` int(10) UNSIGNED NOT NULL,
  `club_id` int(10) UNSIGNED NOT NULL,
  `start_11` int(1) UNSIGNED NOT NULL DEFAULT '0',
  `captain` int(1) UNSIGNED NOT NULL DEFAULT '0',
  `shirt_no` int(2) UNSIGNED NOT NULL DEFAULT '0',
  `description` text COLLATE utf8_unicode_ci,
  `status` int(1) UNSIGNED NOT NULL DEFAULT '1',
  `deleted` int(1) UNSIGNED NOT NULL DEFAULT '0',
  `created_date` datetime NOT NULL DEFAULT CURRENT_TIMESTAMP,
  `created_by` int(10) UNSIGNED NOT NULL DEFAULT '1',
  `modified_date` datetime DEFAULT NULL,
  `modified_by` int(11) DEFAULT NULL
) ENGINE=MyISAM DEFAULT CHARSET=utf8 COLLATE=utf8_unicode_ci;

--
-- Dumping data for table `match_player`
--

INSERT INTO `match_player` (`id`, `match_id`, `player_id`, `club_id`, `start_11`, `captain`, `shirt_no`, `description`, `status`, `deleted`, `created_date`, `created_by`, `modified_date`, `modified_by`) VALUES
(1, 1, 492, 18, 1, 0, 4, NULL, 1, 0, '2017-02-18 18:48:57', 1, NULL, NULL),
(2, 1, 493, 18, 1, 0, 5, NULL, 1, 0, '2017-02-18 18:52:33', 1, NULL, NULL),
(3, 1, 218, 18, 1, 0, 9, NULL, 1, 0, '2017-02-18 18:53:41', 1, NULL, NULL),
(4, 1, 494, 18, 1, 0, 10, NULL, 1, 0, '2017-02-18 18:55:29', 1, NULL, NULL),
(5, 1, 117, 18, 1, 0, 16, NULL, 1, 0, '2017-02-18 18:55:42', 1, NULL, NULL),
(6, 1, 189, 18, 1, 0, 17, NULL, 1, 0, '2017-02-18 18:57:19', 1, NULL, NULL),
(7, 1, 355, 18, 1, 0, 18, NULL, 1, 0, '2017-02-18 18:57:43', 1, NULL, NULL),
(8, 1, 356, 18, 1, 1, 22, NULL, 1, 0, '2017-02-18 18:58:01', 1, '2017-02-19 00:58:33', 1),
(9, 1, 288, 18, 1, 0, 23, NULL, 1, 0, '2017-02-18 18:58:26', 1, NULL, NULL),
(10, 1, 134, 18, 1, 0, 34, NULL, 1, 0, '2017-02-18 18:58:46', 1, NULL, NULL),
(11, 1, 495, 18, 1, 0, 88, NULL, 1, 0, '2017-02-18 19:02:55', 1, NULL, NULL),
(12, 1, 83, 18, 0, 0, 1, NULL, 1, 0, '2017-02-18 19:03:11', 1, NULL, NULL),
(13, 1, 62, 18, 0, 0, 6, NULL, 1, 0, '2017-02-18 19:03:25', 1, NULL, NULL),
(14, 1, 76, 18, 0, 0, 8, NULL, 1, 0, '2017-02-18 19:03:39', 1, NULL, NULL),
(15, 1, 155, 18, 0, 0, 13, NULL, 1, 0, '2017-02-18 19:03:55', 1, NULL, NULL),
(16, 1, 187, 18, 0, 0, 14, NULL, 1, 0, '2017-02-18 19:04:06', 1, NULL, NULL),
(17, 1, 280, 18, 0, 0, 19, NULL, 1, 0, '2017-02-18 19:04:33', 1, NULL, NULL),
(18, 1, 191, 18, 0, 0, 20, NULL, 1, 0, '2017-02-18 19:04:50', 1, NULL, NULL),
(19, 1, 455, 18, 0, 0, 97, NULL, 1, 0, '2017-02-18 19:05:03', 1, NULL, NULL),
(20, 1, 45, 18, 0, 0, 99, NULL, 1, 0, '2017-02-18 19:05:11', 1, NULL, NULL),
(21, 1, 127, 6, 1, 0, 2, NULL, 1, 0, '2017-02-18 19:05:50', 1, NULL, NULL),
(22, 1, 291, 6, 1, 1, 3, NULL, 1, 0, '2017-02-18 19:06:13', 1, '2017-02-19 00:58:35', 1),
(23, 1, 84, 6, 1, 0, 6, NULL, 1, 0, '2017-02-18 19:06:52', 1, NULL, NULL),
(24, 1, 102, 6, 1, 0, 7, NULL, 1, 0, '2017-02-18 19:07:16', 1, NULL, NULL),
(25, 1, 332, 6, 1, 0, 9, NULL, 1, 0, '2017-02-18 19:07:29', 1, NULL, NULL),
(26, 1, 496, 6, 1, 0, 10, NULL, 1, 0, '2017-02-18 19:08:43', 1, NULL, NULL),
(27, 1, 497, 6, 1, 0, 11, NULL, 1, 0, '2017-02-18 19:10:20', 1, NULL, NULL),
(28, 1, 104, 6, 1, 0, 17, NULL, 1, 0, '2017-02-18 19:10:41', 1, NULL, NULL),
(29, 1, 498, 6, 1, 0, 18, NULL, 1, 0, '2017-02-18 19:11:52', 1, NULL, NULL),
(30, 1, 105, 6, 1, 0, 27, NULL, 1, 0, '2017-02-18 19:12:07', 1, NULL, NULL),
(31, 1, 499, 6, 1, 0, 37, NULL, 1, 0, '2017-02-18 19:13:07', 1, NULL, NULL),
(33, 1, 500, 6, 0, 0, 5, NULL, 1, 0, '2017-02-18 19:15:02', 1, NULL, NULL),
(34, 1, 199, 6, 0, 0, 13, NULL, 1, 0, '2017-02-18 19:15:15', 1, NULL, NULL),
(35, 1, 501, 6, 0, 0, 15, NULL, 1, 0, '2017-02-18 19:16:27', 1, NULL, NULL),
(36, 1, 57, 6, 0, 0, 19, NULL, 1, 0, '2017-02-18 19:16:53', 1, NULL, NULL),
(37, 1, 266, 6, 0, 0, 24, NULL, 1, 0, '2017-02-18 19:18:07', 1, NULL, NULL),
(38, 1, 335, 6, 0, 0, 31, NULL, 1, 0, '2017-02-18 19:18:48', 1, NULL, NULL),
(39, 1, 75, 6, 0, 0, 32, NULL, 1, 0, '2017-02-18 19:18:59', 1, NULL, NULL),
(40, 1, 238, 6, 0, 0, 35, NULL, 1, 0, '2017-02-18 19:19:12', 1, NULL, NULL),
(41, 1, 245, 6, 0, 0, 40, NULL, 1, 0, '2017-02-18 19:19:21', 1, NULL, NULL),
(42, 3, 46, 3, 1, 0, 1, NULL, 1, 0, '2017-02-18 21:54:47', 1, NULL, NULL),
(43, 3, 249, 3, 1, 1, 4, NULL, 1, 0, '2017-02-18 21:54:59', 1, '2017-02-19 00:59:15', 1),
(44, 3, 279, 3, 1, 0, 7, NULL, 1, 0, '2017-02-18 21:55:20', 1, NULL, NULL),
(45, 3, 406, 3, 1, 0, 10, NULL, 1, 0, '2017-02-18 21:57:59', 1, NULL, NULL),
(46, 3, 3, 3, 1, 0, 17, NULL, 1, 0, '2017-02-18 22:01:01', 1, NULL, NULL),
(47, 3, 502, 3, 1, 0, 21, NULL, 1, 0, '2017-02-18 22:06:31', 1, NULL, NULL),
(48, 3, 2, 3, 1, 0, 23, NULL, 1, 0, '2017-02-18 22:06:41', 1, NULL, NULL),
(49, 3, 210, 3, 1, 0, 34, NULL, 1, 0, '2017-02-18 22:06:53', 1, NULL, NULL),
(50, 3, 252, 3, 1, 0, 35, NULL, 1, 0, '2017-02-18 22:07:05', 1, NULL, NULL),
(51, 3, 205, 3, 1, 0, 39, NULL, 1, 0, '2017-02-18 22:07:12', 1, NULL, NULL),
(52, 3, 503, 3, 0, 0, 2, NULL, 1, 0, '2017-02-18 22:14:47', 1, NULL, NULL),
(53, 3, 504, 3, 0, 0, 3, NULL, 1, 0, '2017-02-18 22:16:32', 1, NULL, NULL),
(54, 3, 91, 3, 0, 0, 5, NULL, 1, 0, '2017-02-18 22:16:41', 1, NULL, NULL),
(55, 3, 59, 3, 0, 0, 9, NULL, 1, 0, '2017-02-18 22:16:51', 1, NULL, NULL),
(56, 3, 505, 3, 0, 0, 18, NULL, 1, 0, '2017-02-18 22:17:55', 1, NULL, NULL),
(57, 3, 506, 3, 0, 0, 22, NULL, 1, 0, '2017-02-18 22:23:01', 1, NULL, NULL),
(58, 3, 507, 3, 0, 0, 28, NULL, 1, 0, '2017-02-18 22:23:52', 1, NULL, NULL),
(59, 3, 48, 3, 0, 0, 29, NULL, 1, 0, '2017-02-18 22:24:01', 1, NULL, NULL),
(60, 3, 508, 3, 0, 0, 93, NULL, 1, 0, '2017-02-18 22:25:24', 1, NULL, NULL),
(62, 3, 233, 3, 1, 0, 8, NULL, 1, 0, '2017-02-18 22:26:41', 1, NULL, NULL),
(63, 3, 22, 1, 1, 0, 1, NULL, 1, 0, '2017-02-18 22:28:20', 1, NULL, NULL),
(64, 3, 413, 1, 1, 0, 3, NULL, 1, 0, '2017-02-18 22:28:29', 1, NULL, NULL),
(65, 3, 244, 1, 1, 0, 5, NULL, 1, 0, '2017-02-18 22:28:39', 1, NULL, NULL),
(66, 3, 172, 1, 1, 0, 6, NULL, 1, 0, '2017-02-18 22:28:49', 1, NULL, NULL),
(67, 3, 491, 1, 1, 0, 9, NULL, 1, 0, '2017-02-18 22:29:14', 1, NULL, NULL),
(68, 3, 12, 1, 1, 1, 10, NULL, 1, 0, '2017-02-18 22:29:23', 1, '2017-02-19 00:59:17', 1),
(69, 3, 235, 1, 1, 0, 18, NULL, 1, 0, '2017-02-18 22:29:55', 1, NULL, NULL),
(70, 3, 98, 1, 1, 0, 19, NULL, 1, 0, '2017-02-18 22:30:01', 1, NULL, NULL),
(71, 3, 94, 1, 1, 0, 23, NULL, 1, 0, '2017-02-18 22:30:15', 1, NULL, NULL),
(72, 3, 412, 1, 1, 0, 25, NULL, 1, 0, '2017-02-18 22:30:26', 1, NULL, NULL),
(73, 3, 316, 1, 1, 0, 34, NULL, 1, 0, '2017-02-18 22:30:52', 1, NULL, NULL),
(74, 3, 313, 1, 0, 0, 2, NULL, 1, 0, '2017-02-18 22:31:02', 1, NULL, NULL),
(75, 3, 259, 1, 0, 0, 11, NULL, 1, 0, '2017-02-18 22:31:21', 1, NULL, NULL),
(76, 3, 509, 1, 0, 0, 13, NULL, 1, 0, '2017-02-18 22:32:16', 1, NULL, NULL),
(77, 3, 510, 1, 0, 0, 15, NULL, 1, 0, '2017-02-18 22:36:26', 1, NULL, NULL),
(78, 3, 511, 1, 0, 0, 16, NULL, 1, 0, '2017-02-18 22:41:26', 1, NULL, NULL),
(79, 3, 433, 1, 0, 0, 22, NULL, 1, 0, '2017-02-18 22:41:34', 1, NULL, NULL),
(80, 3, 253, 1, 0, 0, 26, NULL, 1, 0, '2017-02-18 22:41:57', 1, NULL, NULL),
(81, 3, 126, 1, 0, 0, 28, NULL, 1, 0, '2017-02-18 22:42:05', 1, NULL, NULL),
(82, 3, 512, 1, 0, 0, 29, NULL, 1, 0, '2017-02-18 22:53:58', 1, NULL, NULL),
(83, 6, 68, 4, 1, 0, 1, NULL, 1, 0, '2017-02-18 23:10:14', 1, NULL, NULL),
(84, 6, 513, 4, 1, 0, 7, NULL, 1, 0, '2017-02-18 23:11:36', 1, NULL, NULL),
(85, 6, 514, 4, 1, 0, 8, NULL, 1, 0, '2017-02-18 23:15:18', 1, NULL, NULL),
(86, 6, 11, 4, 1, 1, 10, NULL, 1, 0, '2017-02-18 23:15:35', 1, '2017-02-19 00:59:44', 1),
(87, 6, 395, 4, 1, 0, 11, NULL, 1, 0, '2017-02-18 23:15:42', 1, NULL, NULL),
(88, 6, 25, 4, 1, 0, 14, NULL, 1, 0, '2017-02-18 23:15:50', 1, NULL, NULL),
(89, 6, 426, 4, 1, 0, 15, NULL, 1, 0, '2017-02-18 23:15:58', 1, NULL, NULL),
(90, 6, 36, 4, 1, 0, 16, NULL, 1, 0, '2017-02-18 23:16:05', 1, NULL, NULL),
(91, 6, 515, 4, 1, 0, 23, NULL, 1, 0, '2017-02-18 23:17:08', 1, NULL, NULL),
(92, 6, 399, 4, 1, 0, 26, NULL, 1, 0, '2017-02-18 23:17:16', 1, NULL, NULL),
(93, 6, 516, 4, 1, 0, 50, NULL, 1, 0, '2017-02-18 23:18:02', 1, NULL, NULL),
(94, 6, 517, 4, 0, 0, 2, NULL, 1, 0, '2017-02-18 23:18:54', 1, NULL, NULL),
(95, 6, 518, 4, 0, 0, 3, NULL, 1, 0, '2017-02-18 23:19:52', 1, NULL, NULL),
(96, 6, 519, 4, 0, 0, 4, NULL, 1, 0, '2017-02-18 23:21:02', 1, NULL, NULL),
(97, 6, 128, 4, 0, 0, 13, NULL, 1, 0, '2017-02-18 23:21:09', 1, NULL, NULL),
(98, 6, 281, 4, 0, 0, 22, NULL, 1, 0, '2017-02-18 23:21:19', 1, NULL, NULL),
(99, 6, 520, 4, 0, 0, 29, NULL, 1, 0, '2017-02-18 23:23:14', 1, NULL, NULL),
(100, 6, 521, 4, 0, 0, 32, NULL, 1, 0, '2017-02-18 23:23:56', 1, NULL, NULL),
(101, 6, 77, 5, 1, 0, 2, NULL, 1, 0, '2017-02-18 23:24:32', 1, NULL, NULL),
(102, 6, 176, 5, 1, 0, 4, NULL, 1, 0, '2017-02-18 23:24:41', 1, NULL, NULL),
(103, 6, 179, 5, 1, 0, 6, NULL, 1, 0, '2017-02-18 23:25:32', 1, NULL, NULL),
(104, 6, 522, 5, 1, 0, 7, NULL, 1, 0, '2017-02-18 23:26:41', 1, NULL, NULL),
(105, 6, 54, 5, 1, 0, 11, NULL, 1, 0, '2017-02-18 23:26:54', 1, NULL, NULL),
(106, 6, 523, 5, 1, 0, 18, NULL, 1, 0, '2017-02-18 23:30:18', 1, NULL, NULL),
(107, 6, 41, 5, 1, 1, 25, NULL, 1, 0, '2017-02-18 23:30:28', 1, '2017-02-19 00:59:47', 1),
(108, 6, 462, 5, 1, 0, 29, NULL, 1, 0, '2017-02-18 23:30:43', 1, NULL, NULL),
(109, 6, 103, 5, 1, 0, 31, NULL, 1, 0, '2017-02-18 23:30:50', 1, NULL, NULL),
(110, 6, 174, 5, 1, 0, 35, NULL, 1, 0, '2017-02-18 23:31:00', 1, NULL, NULL),
(111, 6, 346, 5, 1, 0, 88, NULL, 1, 0, '2017-02-18 23:31:13', 1, NULL, NULL),
(112, 6, 524, 5, 0, 0, 1, NULL, 1, 0, '2017-02-18 23:35:59', 1, NULL, NULL),
(113, 6, 525, 5, 0, 0, 3, NULL, 1, 0, '2017-02-18 23:37:12', 1, NULL, NULL),
(114, 6, 42, 5, 0, 0, 10, NULL, 1, 0, '2017-02-18 23:37:20', 1, NULL, NULL),
(115, 6, 23, 5, 0, 0, 15, NULL, 1, 0, '2017-02-18 23:37:32', 1, NULL, NULL),
(116, 6, 215, 5, 0, 0, 17, NULL, 1, 0, '2017-02-18 23:37:58', 1, NULL, NULL),
(117, 6, 24, 5, 0, 0, 21, NULL, 1, 0, '2017-02-18 23:38:25', 1, NULL, NULL),
(118, 6, 183, 5, 0, 0, 24, NULL, 1, 0, '2017-02-18 23:38:33', 1, NULL, NULL),
(119, 6, 526, 5, 0, 0, 40, NULL, 1, 0, '2017-02-18 23:40:34', 1, NULL, NULL),
(120, 6, 527, 5, 0, 0, 42, NULL, 1, 0, '2017-02-18 23:41:13', 1, NULL, NULL),
(121, 2, 528, 13, 1, 0, 1, NULL, 1, 0, '2017-02-19 01:03:28', 1, NULL, NULL),
(122, 2, 529, 13, 1, 0, 2, NULL, 1, 0, '2017-02-19 01:04:46', 1, NULL, NULL),
(123, 2, 530, 13, 1, 0, 5, NULL, 1, 0, '2017-02-19 01:05:35', 1, NULL, NULL),
(124, 2, 531, 13, 1, 0, 10, NULL, 1, 0, '2017-02-19 01:06:53', 1, NULL, NULL),
(125, 2, 532, 13, 1, 0, 11, NULL, 1, 0, '2017-02-19 01:07:50', 1, NULL, NULL),
(126, 2, 200, 13, 1, 1, 17, NULL, 1, 0, '2017-02-19 01:08:04', 1, '2017-02-19 01:08:05', 1),
(127, 2, 533, 13, 1, 0, 19, NULL, 1, 0, '2017-02-19 01:08:58', 1, NULL, NULL),
(128, 2, 95, 13, 1, 0, 25, NULL, 1, 0, '2017-02-19 01:09:07', 1, NULL, NULL),
(129, 2, 118, 13, 1, 0, 37, NULL, 1, 0, '2017-02-19 01:09:24', 1, NULL, NULL),
(130, 2, 534, 13, 1, 0, 39, NULL, 1, 0, '2017-02-19 01:10:54', 1, NULL, NULL),
(131, 2, 535, 13, 1, 0, 40, NULL, 1, 0, '2017-02-19 01:11:50', 1, NULL, NULL),
(132, 2, 166, 13, 0, 0, 3, NULL, 1, 0, '2017-02-19 01:12:53', 1, NULL, NULL),
(133, 2, 289, 13, 0, 0, 4, NULL, 1, 0, '2017-02-19 01:13:02', 1, NULL, NULL),
(134, 2, 536, 13, 0, 0, 6, NULL, 1, 0, '2017-02-19 01:13:53', 1, NULL, NULL),
(135, 2, 537, 13, 0, 0, 7, NULL, 1, 0, '2017-02-19 01:15:47', 1, NULL, NULL),
(136, 2, 254, 13, 0, 0, 13, NULL, 1, 0, '2017-02-19 01:16:06', 1, NULL, NULL),
(137, 2, 538, 13, 0, 0, 14, NULL, 1, 0, '2017-02-19 01:18:11', 1, NULL, NULL),
(138, 2, 196, 13, 0, 0, 16, NULL, 1, 0, '2017-02-19 01:18:23', 1, NULL, NULL),
(139, 2, 539, 13, 0, 0, 22, NULL, 1, 0, '2017-02-19 01:19:12', 1, NULL, NULL),
(140, 2, 540, 13, 0, 0, 35, NULL, 1, 0, '2017-02-19 01:19:59', 1, NULL, NULL),
(141, 2, 304, 17, 1, 0, 1, NULL, 1, 0, '2017-02-19 01:20:33', 1, NULL, NULL),
(142, 2, 309, 17, 1, 1, 6, NULL, 1, 0, '2017-02-19 01:20:45', 1, '2017-02-19 01:20:47', 1),
(143, 2, 541, 17, 1, 0, 7, NULL, 1, 0, '2017-02-19 01:22:20', 1, NULL, NULL),
(144, 2, 542, 17, 1, 0, 8, NULL, 1, 0, '2017-02-19 01:24:43', 1, NULL, NULL),
(145, 2, 368, 17, 1, 0, 11, NULL, 1, 0, '2017-02-19 01:24:55', 1, NULL, NULL),
(146, 2, 307, 17, 1, 0, 14, NULL, 1, 0, '2017-02-19 01:25:04', 1, NULL, NULL),
(147, 2, 543, 17, 1, 0, 17, NULL, 1, 0, '2017-02-19 01:26:42', 1, NULL, NULL),
(148, 2, 366, 17, 1, 0, 22, NULL, 1, 0, '2017-02-19 01:26:52', 1, NULL, NULL),
(149, 2, 39, 17, 1, 0, 25, NULL, 1, 0, '2017-02-19 01:26:59', 1, NULL, NULL),
(150, 2, 372, 17, 1, 0, 27, NULL, 1, 0, '2017-02-19 01:27:10', 1, NULL, NULL),
(151, 2, 306, 17, 1, 0, 35, NULL, 1, 0, '2017-02-19 01:27:17', 1, NULL, NULL),
(152, 2, 305, 17, 0, 0, 4, NULL, 1, 0, '2017-02-19 01:27:27', 1, NULL, NULL),
(153, 2, 301, 17, 0, 0, 5, NULL, 1, 0, '2017-02-19 01:27:34', 1, NULL, NULL),
(154, 2, 419, 17, 0, 0, 9, NULL, 1, 0, '2017-02-19 01:27:45', 1, NULL, NULL),
(155, 2, 367, 17, 0, 0, 10, NULL, 1, 0, '2017-02-19 01:27:54', 1, NULL, NULL),
(156, 2, 119, 17, 0, 0, 15, NULL, 1, 0, '2017-02-19 01:28:02', 1, NULL, NULL),
(157, 2, 544, 17, 0, 0, 18, NULL, 1, 0, '2017-02-19 01:28:53', 1, NULL, NULL),
(158, 2, 418, 17, 0, 0, 19, NULL, 1, 0, '2017-02-19 01:29:27', 1, NULL, NULL),
(159, 2, 545, 17, 0, 0, 23, NULL, 1, 0, '2017-02-19 01:30:41', 1, NULL, NULL),
(160, 2, 546, 17, 0, 0, 24, NULL, 1, 0, '2017-02-19 01:31:37', 1, NULL, NULL),
(161, 4, 348, 10, 1, 0, 2, NULL, 1, 0, '2017-02-19 09:43:27', 1, NULL, NULL),
(162, 4, 547, 10, 1, 0, 3, NULL, 1, 0, '2017-02-19 09:45:21', 1, NULL, NULL),
(163, 4, 548, 10, 1, 0, 5, NULL, 1, 0, '2017-02-19 09:46:14', 1, NULL, NULL),
(164, 4, 4, 10, 1, 0, 6, NULL, 1, 0, '2017-02-19 09:46:21', 1, NULL, NULL),
(165, 4, 145, 10, 1, 0, 7, NULL, 1, 0, '2017-02-19 09:46:31', 1, NULL, NULL),
(166, 4, 549, 10, 1, 0, 8, NULL, 1, 0, '2017-02-19 09:47:26', 1, NULL, NULL),
(167, 4, 285, 10, 1, 0, 9, NULL, 1, 0, '2017-02-19 09:47:45', 1, NULL, NULL),
(168, 4, 550, 10, 1, 0, 10, NULL, 1, 0, '2017-02-19 09:49:42', 1, NULL, NULL),
(169, 4, 50, 10, 1, 1, 18, NULL, 1, 0, '2017-02-19 09:49:49', 1, '2017-02-19 09:50:11', 1),
(170, 4, 394, 10, 1, 0, 19, NULL, 1, 0, '2017-02-19 09:49:58', 1, NULL, NULL),
(171, 4, 14, 10, 1, 0, 32, NULL, 1, 0, '2017-02-19 09:50:05', 1, NULL, NULL),
(172, 4, 427, 10, 0, 0, 11, NULL, 1, 0, '2017-02-19 09:50:23', 1, NULL, NULL),
(173, 4, 350, 10, 0, 0, 17, NULL, 1, 0, '2017-02-19 09:50:31', 1, NULL, NULL),
(174, 4, 551, 10, 0, 0, 20, NULL, 1, 0, '2017-02-19 09:52:24', 1, NULL, NULL),
(175, 4, 209, 10, 0, 0, 21, NULL, 1, 0, '2017-02-19 09:52:31', 1, NULL, NULL),
(176, 4, 351, 10, 0, 0, 25, NULL, 1, 0, '2017-02-19 09:52:38', 1, NULL, NULL),
(177, 4, 123, 10, 0, 0, 28, NULL, 1, 0, '2017-02-19 09:52:46', 1, NULL, NULL),
(178, 4, 552, 10, 0, 0, 34, NULL, 1, 0, '2017-02-19 09:53:40', 1, NULL, NULL),
(179, 4, 553, 10, 0, 0, 35, NULL, 1, 0, '2017-02-19 09:54:37', 1, NULL, NULL),
(180, 4, 201, 10, 0, 0, 40, NULL, 1, 0, '2017-02-19 09:54:44', 1, NULL, NULL),
(181, 4, 268, 16, 1, 0, 3, NULL, 1, 0, '2017-02-19 09:54:59', 1, NULL, NULL),
(182, 4, 223, 16, 1, 0, 5, NULL, 1, 0, '2017-02-19 09:55:14', 1, NULL, NULL),
(183, 4, 417, 16, 1, 0, 7, NULL, 1, 0, '2017-02-19 09:55:31', 1, NULL, NULL),
(184, 4, 229, 16, 1, 0, 8, NULL, 1, 0, '2017-02-19 09:55:46', 1, NULL, NULL),
(185, 4, 34, 16, 1, 0, 9, NULL, 1, 0, '2017-02-19 09:55:57', 1, NULL, NULL),
(186, 4, 270, 16, 1, 0, 11, NULL, 1, 0, '2017-02-19 09:56:06', 1, NULL, NULL),
(187, 4, 175, 16, 1, 1, 13, NULL, 1, 0, '2017-02-19 09:56:15', 1, '2017-02-19 09:57:02', 1),
(188, 4, 554, 16, 1, 0, 15, NULL, 1, 0, '2017-02-19 09:56:59', 1, NULL, NULL),
(189, 4, 228, 16, 1, 0, 19, NULL, 1, 0, '2017-02-19 09:57:13', 1, NULL, NULL),
(190, 4, 273, 16, 1, 0, 20, NULL, 1, 0, '2017-02-19 09:57:22', 1, NULL, NULL),
(191, 4, 275, 16, 1, 0, 24, NULL, 1, 0, '2017-02-19 09:57:30', 1, NULL, NULL),
(192, 4, 555, 16, 0, 0, 4, NULL, 1, 0, '2017-02-19 09:58:23', 1, NULL, NULL),
(193, 4, 227, 16, 0, 0, 12, NULL, 1, 0, '2017-02-19 09:58:30', 1, NULL, NULL),
(194, 4, 556, 16, 0, 0, 17, NULL, 1, 0, '2017-02-19 09:59:22', 1, NULL, NULL),
(195, 4, 51, 16, 0, 0, 18, NULL, 1, 0, '2017-02-19 10:00:03', 1, NULL, NULL),
(196, 4, 557, 16, 0, 0, 23, NULL, 1, 0, '2017-02-19 10:00:58', 1, NULL, NULL),
(197, 4, 558, 16, 0, 0, 25, NULL, 1, 0, '2017-02-19 10:01:51', 1, NULL, NULL),
(198, 4, 276, 16, 0, 0, 26, NULL, 1, 0, '2017-02-19 10:02:03', 1, NULL, NULL),
(199, 4, 277, 16, 0, 0, 31, NULL, 1, 0, '2017-02-19 10:02:13', 1, NULL, NULL),
(200, 4, 559, 16, 0, 0, 40, NULL, 1, 0, '2017-02-19 10:03:22', 1, NULL, NULL),
(201, 9, 299, 8, 1, 1, 5, NULL, 1, 0, '2017-02-19 17:13:43', 1, '2017-02-19 17:13:46', 1),
(202, 9, 423, 8, 1, 0, 7, NULL, 1, 0, '2017-02-19 17:13:56', 1, NULL, NULL),
(203, 9, 560, 8, 1, 0, 9, NULL, 1, 0, '2017-02-19 17:15:40', 1, NULL, NULL),
(204, 9, 217, 8, 1, 0, 10, NULL, 1, 0, '2017-02-19 17:15:50', 1, NULL, NULL),
(205, 9, 89, 8, 1, 0, 13, NULL, 1, 0, '2017-02-19 17:16:04', 1, NULL, NULL),
(206, 9, 561, 8, 1, 0, 17, NULL, 1, 0, '2017-02-19 17:17:15', 1, NULL, NULL),
(207, 9, 292, 8, 1, 0, 20, NULL, 1, 0, '2017-02-19 17:17:24', 1, NULL, NULL),
(208, 9, 311, 8, 1, 0, 25, NULL, 1, 0, '2017-02-19 17:17:38', 1, NULL, NULL),
(209, 9, 300, 8, 1, 0, 27, NULL, 1, 0, '2017-02-19 17:17:49', 1, NULL, NULL),
(210, 9, 219, 8, 1, 0, 34, NULL, 1, 0, '2017-02-19 17:17:58', 1, NULL, NULL),
(211, 9, 144, 8, 1, 0, 35, NULL, 1, 0, '2017-02-19 17:18:06', 1, NULL, NULL),
(212, 9, 376, 8, 0, 0, 2, NULL, 1, 0, '2017-02-19 17:18:17', 1, NULL, NULL),
(213, 9, 562, 8, 0, 0, 6, NULL, 1, 0, '2017-02-19 17:19:20', 1, NULL, NULL),
(214, 9, 265, 8, 0, 0, 11, NULL, 1, 0, '2017-02-19 17:19:35', 1, NULL, NULL),
(215, 9, 563, 8, 0, 0, 18, NULL, 1, 0, '2017-02-19 17:20:54', 1, NULL, NULL),
(216, 9, 421, 8, 0, 0, 22, NULL, 1, 0, '2017-02-19 17:21:03', 1, NULL, NULL),
(217, 9, 564, 8, 0, 0, 24, NULL, 1, 0, '2017-02-19 17:22:51', 1, NULL, NULL),
(218, 9, 565, 8, 0, 0, 28, NULL, 1, 0, '2017-02-19 17:23:41', 1, NULL, NULL),
(219, 9, 153, 8, 0, 0, 31, NULL, 1, 0, '2017-02-19 17:23:48', 1, NULL, NULL),
(220, 9, 566, 8, 0, 0, 37, NULL, 1, 0, '2017-02-19 17:24:37', 1, NULL, NULL),
(221, 9, 107, 11, 1, 1, 4, NULL, 1, 0, '2017-02-19 21:36:37', 1, '2017-02-19 21:36:40', 1),
(222, 9, 567, 11, 1, 0, 5, NULL, 1, 0, '2017-02-19 21:40:25', 1, NULL, NULL),
(223, 9, 208, 11, 1, 0, 7, NULL, 1, 0, '2017-02-19 21:40:57', 1, NULL, NULL),
(224, 9, 364, 11, 1, 0, 10, NULL, 1, 0, '2017-02-19 21:41:08', 1, NULL, NULL),
(225, 9, 137, 11, 1, 0, 15, NULL, 1, 0, '2017-02-19 21:41:23', 1, NULL, NULL),
(226, 9, 20, 11, 1, 0, 17, NULL, 1, 0, '2017-02-19 21:41:34', 1, NULL, NULL),
(227, 9, 163, 11, 1, 0, 18, NULL, 1, 0, '2017-02-19 21:41:44', 1, NULL, NULL),
(228, 9, 114, 11, 1, 0, 27, NULL, 1, 0, '2017-02-19 21:42:00', 1, NULL, NULL),
(229, 9, 568, 11, 1, 0, 28, NULL, 1, 0, '2017-02-19 21:43:18', 1, NULL, NULL),
(230, 9, 28, 11, 1, 0, 32, NULL, 1, 0, '2017-02-19 21:43:26', 1, NULL, NULL),
(231, 9, 185, 11, 1, 0, 33, NULL, 1, 0, '2017-02-19 21:43:38', 1, NULL, NULL),
(232, 9, 241, 11, 0, 0, 9, NULL, 1, 0, '2017-02-19 21:43:50', 1, NULL, NULL),
(233, 9, 108, 11, 0, 0, 25, NULL, 1, 0, '2017-02-19 21:43:59', 1, NULL, NULL),
(234, 9, 362, 11, 0, 0, 26, NULL, 1, 0, '2017-02-19 21:44:13', 1, NULL, NULL),
(235, 9, 569, 11, 0, 0, 30, NULL, 1, 0, '2017-02-19 21:45:17', 1, NULL, NULL),
(236, 9, 363, 11, 0, 0, 34, NULL, 1, 0, '2017-02-19 21:45:28', 1, NULL, NULL),
(237, 9, 188, 11, 0, 0, 35, NULL, 1, 0, '2017-02-19 21:45:39', 1, NULL, NULL),
(238, 9, 327, 11, 0, 0, 37, NULL, 1, 0, '2017-02-19 21:45:55', 1, NULL, NULL),
(239, 9, 570, 11, 0, 0, 39, NULL, 1, 0, '2017-02-19 21:46:42', 1, NULL, NULL),
(240, 9, 571, 11, 0, 0, 99, NULL, 1, 0, '2017-02-19 21:47:37', 1, NULL, NULL),
(252, 7, 220, 7, 1, 0, 4, NULL, 1, 0, '2017-02-20 21:33:39', 1, NULL, NULL),
(253, 7, 430, 7, 1, 0, 5, NULL, 1, 0, '2017-02-20 21:37:13', 1, NULL, NULL),
(254, 7, 436, 7, 1, 0, 8, NULL, 1, 0, '2017-02-20 21:37:21', 1, NULL, NULL),
(255, 7, 572, 7, 1, 0, 9, NULL, 1, 0, '2017-02-20 21:38:30', 1, NULL, NULL),
(256, 7, 573, 7, 1, 0, 10, NULL, 1, 0, '2017-02-20 21:39:28', 1, NULL, NULL),
(257, 7, 574, 7, 1, 0, 11, NULL, 1, 0, '2017-02-20 21:40:20', 1, NULL, NULL),
(258, 7, 312, 7, 1, 1, 17, NULL, 1, 0, '2017-02-20 21:40:28', 1, '2017-02-20 21:53:27', 1),
(259, 7, 446, 7, 1, 0, 18, NULL, 1, 0, '2017-02-20 21:40:43', 1, NULL, NULL),
(260, 7, 157, 7, 1, 0, 21, NULL, 1, 0, '2017-02-20 21:40:55', 1, NULL, NULL),
(261, 7, 575, 7, 1, 0, 28, NULL, 1, 0, '2017-02-20 21:41:44', 1, NULL, NULL),
(262, 7, 158, 7, 1, 0, 30, NULL, 1, 0, '2017-02-20 21:41:51', 1, NULL, NULL),
(263, 7, 78, 7, 0, 0, 3, NULL, 1, 0, '2017-02-20 21:42:06', 1, NULL, NULL),
(264, 7, 130, 7, 0, 0, 6, NULL, 1, 0, '2017-02-20 21:42:13', 1, NULL, NULL),
(265, 7, 576, 7, 0, 0, 15, NULL, 1, 0, '2017-02-20 21:44:22', 1, NULL, NULL),
(266, 7, 577, 7, 0, 0, 20, NULL, 1, 0, '2017-02-20 21:48:09', 1, NULL, NULL),
(267, 7, 341, 7, 0, 0, 24, NULL, 1, 0, '2017-02-20 21:48:28', 1, NULL, NULL),
(268, 7, 49, 7, 0, 0, 29, NULL, 1, 0, '2017-02-20 21:48:43', 1, NULL, NULL),
(269, 7, 242, 7, 0, 0, 33, NULL, 1, 0, '2017-02-20 21:48:56', 1, NULL, NULL),
(270, 7, 232, 7, 0, 0, 36, NULL, 1, 0, '2017-02-20 21:49:05', 1, NULL, NULL),
(271, 7, 578, 7, 0, 0, 38, NULL, 1, 0, '2017-02-20 21:49:55', 1, NULL, NULL),
(272, 7, 167, 14, 1, 0, 1, NULL, 1, 0, '2017-02-20 21:50:25', 1, NULL, NULL),
(273, 7, 447, 14, 1, 0, 2, NULL, 1, 0, '2017-02-20 21:51:01', 1, NULL, NULL),
(274, 7, 579, 14, 1, 0, 5, NULL, 1, 0, '2017-02-20 21:52:58', 1, NULL, NULL),
(275, 7, 416, 14, 1, 0, 6, NULL, 1, 0, '2017-02-20 21:53:08', 1, NULL, NULL),
(276, 7, 72, 14, 1, 1, 8, NULL, 1, 0, '2017-02-20 21:53:18', 1, '2017-02-20 21:53:20', 1),
(277, 7, 379, 14, 1, 0, 10, NULL, 1, 0, '2017-02-20 21:53:41', 1, NULL, NULL),
(278, 7, 142, 14, 1, 0, 11, NULL, 1, 0, '2017-02-20 21:54:09', 1, NULL, NULL),
(279, 7, 194, 14, 1, 0, 15, NULL, 1, 0, '2017-02-20 21:54:19', 1, NULL, NULL),
(280, 7, 580, 14, 1, 0, 19, NULL, 1, 0, '2017-02-20 22:01:38', 1, NULL, NULL),
(281, 7, 581, 14, 1, 0, 21, NULL, 1, 0, '2017-02-20 22:02:54', 1, NULL, NULL),
(282, 7, 582, 14, 1, 0, 33, NULL, 1, 0, '2017-02-20 22:03:44', 1, NULL, NULL),
(283, 7, 583, 14, 0, 0, 3, NULL, 1, 0, '2017-02-20 22:04:35', 1, NULL, NULL),
(284, 7, 5, 14, 0, 0, 23, NULL, 1, 0, '2017-02-20 22:04:44', 1, NULL, NULL),
(285, 7, 43, 14, 0, 0, 28, NULL, 1, 0, '2017-02-20 22:04:55', 1, NULL, NULL),
(286, 7, 584, 14, 0, 0, 39, NULL, 1, 0, '2017-02-20 22:05:52', 1, NULL, NULL),
(287, 7, 375, 14, 0, 0, 69, NULL, 1, 0, '2017-02-20 22:06:06', 1, NULL, NULL),
(288, 7, 585, 14, 0, 0, 77, NULL, 1, 0, '2017-02-20 22:06:56', 1, NULL, NULL),
(289, 7, 586, 14, 0, 0, 80, NULL, 1, 0, '2017-02-20 22:07:58', 1, NULL, NULL),
(290, 7, 587, 14, 0, 0, 89, NULL, 1, 0, '2017-02-20 22:08:48', 1, NULL, NULL),
(291, 7, 588, 14, 0, 0, 99, NULL, 1, 0, '2017-02-20 22:10:01', 1, NULL, NULL),
(292, 5, 325, 9, 1, 0, 5, NULL, 1, 0, '2017-02-21 21:21:22', 1, NULL, NULL),
(293, 5, 203, 9, 1, 0, 6, NULL, 1, 0, '2017-02-21 21:21:35', 1, NULL, NULL),
(294, 5, 10, 9, 1, 1, 7, NULL, 1, 0, '2017-02-21 21:23:06', 1, '2017-02-21 21:23:20', 1),
(295, 5, 374, 9, 1, 0, 9, NULL, 1, 0, '2017-02-21 21:23:19', 1, NULL, NULL),
(296, 5, 589, 9, 1, 0, 10, NULL, 1, 0, '2017-02-21 21:24:11', 1, NULL, NULL),
(297, 5, 590, 9, 1, 0, 11, NULL, 1, 0, '2017-02-21 21:25:28', 1, NULL, NULL),
(298, 5, 97, 9, 1, 0, 17, NULL, 1, 0, '2017-02-21 21:25:40', 1, NULL, NULL),
(299, 5, 443, 9, 1, 0, 24, NULL, 1, 0, '2017-02-21 21:25:50', 1, NULL, NULL),
(300, 5, 33, 9, 1, 0, 26, NULL, 1, 0, '2017-02-21 21:25:58', 1, NULL, NULL),
(301, 5, 26, 9, 1, 0, 28, NULL, 1, 0, '2017-02-21 21:26:06', 1, NULL, NULL),
(302, 5, 318, 9, 1, 0, 34, NULL, 1, 0, '2017-02-21 21:26:13', 1, NULL, NULL),
(303, 5, 591, 9, 0, 0, 2, NULL, 1, 0, '2017-02-21 21:27:23', 1, NULL, NULL),
(304, 5, 448, 9, 0, 0, 4, NULL, 1, 0, '2017-02-21 21:27:29', 1, NULL, NULL),
(305, 5, 592, 9, 0, 0, 13, NULL, 1, 0, '2017-02-21 21:28:39', 1, NULL, NULL),
(306, 5, 381, 9, 0, 0, 14, NULL, 1, 0, '2017-02-21 21:28:52', 1, NULL, NULL),
(307, 5, 593, 9, 0, 0, 15, NULL, 1, 0, '2017-02-21 21:29:40', 1, NULL, NULL),
(308, 5, 21, 9, 0, 0, 19, NULL, 1, 0, '2017-02-21 21:29:47', 1, NULL, NULL),
(309, 5, 407, 9, 0, 0, 20, NULL, 1, 0, '2017-02-21 21:29:56', 1, NULL, NULL),
(310, 5, 225, 9, 0, 0, 21, NULL, 1, 0, '2017-02-21 21:30:03', 1, NULL, NULL),
(311, 5, 594, 9, 0, 0, 40, NULL, 1, 0, '2017-02-21 21:31:00', 1, NULL, NULL),
(312, 5, 595, 12, 1, 1, 3, NULL, 1, 0, '2017-02-21 21:33:14', 1, '2017-02-21 21:33:17', 1),
(313, 5, 324, 12, 1, 0, 4, NULL, 1, 0, '2017-02-21 21:33:25', 1, NULL, NULL),
(314, 5, 596, 12, 1, 0, 6, NULL, 1, 0, '2017-02-21 21:34:53', 1, NULL, NULL),
(315, 5, 298, 12, 1, 0, 8, NULL, 1, 0, '2017-02-21 21:35:03', 1, NULL, NULL),
(316, 5, 319, 12, 1, 0, 11, NULL, 1, 0, '2017-02-21 21:35:26', 1, NULL, NULL),
(317, 5, 597, 12, 1, 0, 14, NULL, 1, 0, '2017-02-21 21:37:50', 1, NULL, NULL),
(318, 5, 129, 12, 1, 0, 17, NULL, 1, 0, '2017-02-21 21:37:59', 1, NULL, NULL),
(319, 5, 598, 12, 1, 0, 18, NULL, 1, 0, '2017-02-21 21:39:15', 1, NULL, NULL),
(320, 5, 599, 12, 1, 0, 19, NULL, 1, 0, '2017-02-21 21:40:41', 1, NULL, NULL),
(321, 5, 192, 12, 1, 0, 24, NULL, 1, 0, '2017-02-21 21:40:53', 1, NULL, NULL),
(322, 5, 65, 12, 1, 0, 37, NULL, 1, 0, '2017-02-21 21:41:01', 1, NULL, NULL),
(323, 5, 184, 12, 0, 0, 1, NULL, 1, 0, '2017-02-21 21:41:12', 1, NULL, NULL),
(324, 5, 330, 12, 0, 0, 10, NULL, 1, 0, '2017-02-21 21:41:20', 1, NULL, NULL),
(325, 5, 66, 12, 0, 0, 13, NULL, 1, 0, '2017-02-21 21:41:28', 1, NULL, NULL),
(326, 5, 258, 12, 0, 0, 21, NULL, 1, 0, '2017-02-21 21:41:34', 1, NULL, NULL),
(327, 5, 482, 12, 0, 0, 26, NULL, 1, 0, '2017-02-21 21:41:43', 1, NULL, NULL),
(328, 5, 600, 12, 0, 0, 27, NULL, 1, 0, '2017-02-21 21:42:32', 1, NULL, NULL),
(329, 5, 601, 12, 0, 0, 32, NULL, 1, 0, '2017-02-21 21:43:11', 1, NULL, NULL),
(330, 5, 322, 12, 0, 0, 35, NULL, 1, 0, '2017-02-21 21:43:18', 1, NULL, NULL),
(331, 5, 121, 12, 0, 0, 38, NULL, 1, 0, '2017-02-21 21:43:26', 1, NULL, NULL),
(332, 8, 86, 2, 1, 0, 1, NULL, 1, 0, '2017-02-21 21:56:30', 1, NULL, NULL),
(333, 8, 124, 2, 1, 0, 5, NULL, 1, 0, '2017-02-21 21:56:41', 1, NULL, NULL),
(334, 8, 139, 2, 1, 0, 6, NULL, 1, 0, '2017-02-21 21:56:51', 1, NULL, NULL),
(335, 8, 150, 2, 1, 0, 7, NULL, 1, 0, '2017-02-21 21:57:43', 1, NULL, NULL),
(336, 8, 410, 2, 1, 0, 10, NULL, 1, 0, '2017-02-21 21:57:53', 1, NULL, NULL),
(337, 8, 85, 2, 1, 0, 16, NULL, 1, 0, '2017-02-21 21:57:59', 1, NULL, NULL),
(338, 8, 92, 2, 1, 0, 20, NULL, 1, 0, '2017-02-21 21:58:09', 1, NULL, NULL),
(339, 8, 222, 2, 1, 0, 22, NULL, 1, 0, '2017-02-21 21:58:17', 1, NULL, NULL),
(340, 8, 79, 2, 1, 1, 29, NULL, 1, 0, '2017-02-21 21:58:25', 1, '2017-02-21 21:58:27', 1),
(341, 8, 32, 2, 1, 0, 39, NULL, 1, 0, '2017-02-21 21:58:36', 1, NULL, NULL),
(342, 8, 465, 2, 1, 0, 40, NULL, 1, 0, '2017-02-21 21:58:46', 1, NULL, NULL),
(343, 8, 63, 2, 0, 0, 2, NULL, 1, 0, '2017-02-21 21:58:59', 1, NULL, NULL),
(344, 8, 37, 2, 0, 0, 8, NULL, 1, 0, '2017-02-21 21:59:10', 1, NULL, NULL),
(345, 8, 358, 2, 0, 0, 11, NULL, 1, 0, '2017-02-21 21:59:16', 1, NULL, NULL),
(346, 8, 359, 2, 0, 0, 13, NULL, 1, 0, '2017-02-21 21:59:26', 1, NULL, NULL),
(347, 8, 13, 2, 0, 0, 14, NULL, 1, 0, '2017-02-21 21:59:33', 1, NULL, NULL),
(348, 8, 398, 2, 0, 0, 18, NULL, 1, 0, '2017-02-21 21:59:41', 1, NULL, NULL),
(349, 8, 602, 2, 0, 0, 23, NULL, 1, 0, '2017-02-21 22:01:03', 1, NULL, NULL),
(350, 8, 393, 2, 0, 0, 31, NULL, 1, 0, '2017-02-21 22:01:12', 1, NULL, NULL),
(351, 8, 120, 2, 0, 0, 34, NULL, 1, 0, '2017-02-21 22:01:21', 1, NULL, NULL),
(352, 8, 603, 15, 1, 0, 5, NULL, 1, 0, '2017-02-21 22:02:18', 1, NULL, NULL),
(353, 8, 9, 15, 1, 1, 6, NULL, 1, 0, '2017-02-21 22:02:28', 1, '2017-02-21 22:02:30', 1),
(354, 8, 140, 15, 1, 0, 11, NULL, 1, 0, '2017-02-21 22:02:39', 1, NULL, NULL),
(355, 8, 101, 15, 1, 0, 18, NULL, 1, 0, '2017-02-21 22:02:47', 1, NULL, NULL),
(356, 8, 18, 15, 1, 0, 19, NULL, 1, 0, '2017-02-21 22:02:59', 1, NULL, NULL),
(357, 8, 207, 15, 1, 0, 22, NULL, 1, 0, '2017-02-21 22:03:10', 1, NULL, NULL),
(358, 8, 132, 15, 1, 0, 23, NULL, 1, 0, '2017-02-21 22:03:24', 1, NULL, NULL),
(359, 8, 58, 15, 1, 0, 27, NULL, 1, 0, '2017-02-21 22:03:34', 1, NULL, NULL),
(360, 8, 47, 15, 1, 0, 31, NULL, 1, 0, '2017-02-21 22:03:41', 1, NULL, NULL),
(361, 8, 149, 15, 1, 0, 39, NULL, 1, 0, '2017-02-21 22:03:50', 1, NULL, NULL),
(362, 8, 154, 15, 1, 0, 40, NULL, 1, 0, '2017-02-21 22:04:04', 1, NULL, NULL),
(363, 8, 262, 15, 0, 0, 4, NULL, 1, 0, '2017-02-21 22:04:16', 1, NULL, NULL),
(364, 8, 604, 15, 0, 0, 8, NULL, 1, 0, '2017-02-21 22:04:51', 1, NULL, NULL),
(365, 8, 181, 15, 0, 0, 9, NULL, 1, 0, '2017-02-21 22:05:00', 1, NULL, NULL),
(366, 8, 125, 15, 0, 0, 10, NULL, 1, 0, '2017-02-21 22:05:10', 1, NULL, NULL),
(367, 8, 263, 15, 0, 0, 14, NULL, 1, 0, '2017-02-21 22:05:20', 1, NULL, NULL),
(368, 8, 55, 15, 0, 0, 15, NULL, 1, 0, '2017-02-21 22:05:29', 1, NULL, NULL),
(369, 8, 56, 15, 0, 0, 16, NULL, 1, 0, '2017-02-21 22:05:36', 1, NULL, NULL),
(370, 8, 605, 15, 0, 0, 28, NULL, 1, 0, '2017-02-21 22:06:31', 1, NULL, NULL),
(371, 8, 606, 15, 0, 0, 29, NULL, 1, 0, '2017-02-21 22:07:53', 1, NULL, NULL),
(372, 12, 167, 14, 1, 0, 1, NULL, 1, 0, '2017-02-22 09:42:10', 1, NULL, NULL),
(373, 12, 416, 14, 1, 0, 6, NULL, 1, 0, '2017-02-22 09:42:11', 1, NULL, NULL),
(376, 12, 142, 14, 1, 0, 11, NULL, 1, 0, '2017-02-22 09:42:11', 1, NULL, NULL),
(377, 12, 43, 14, 1, 0, 28, NULL, 1, 0, '2017-02-22 09:42:11', 1, NULL, NULL),
(378, 12, 582, 14, 1, 0, 33, NULL, 1, 0, '2017-02-22 09:42:11', 1, NULL, NULL),
(379, 12, 584, 14, 1, 0, 39, NULL, 1, 0, '2017-02-22 09:42:11', 1, NULL, NULL),
(380, 12, 586, 14, 1, 0, 80, NULL, 1, 0, '2017-02-22 09:42:11', 1, NULL, NULL),
(381, 12, 415, 14, 1, 0, 14, NULL, 1, 0, '2017-02-22 09:43:19', 1, NULL, NULL),
(382, 12, 607, 14, 1, 0, 36, NULL, 1, 0, '2017-02-22 09:45:26', 1, NULL, NULL),
(383, 12, 447, 14, 0, 0, 2, NULL, 1, 0, '2017-02-22 09:51:19', 1, NULL, NULL),
(384, 12, 579, 14, 0, 0, 5, NULL, 1, 0, '2017-02-22 09:51:19', 1, NULL, NULL),
(385, 12, 580, 14, 0, 0, 19, NULL, 1, 0, '2017-02-22 09:51:19', 1, NULL, NULL),
(386, 12, 581, 14, 0, 0, 21, NULL, 1, 0, '2017-02-22 09:51:19', 1, NULL, NULL),
(387, 12, 5, 14, 0, 0, 23, NULL, 1, 0, '2017-02-22 09:51:19', 1, NULL, NULL),
(388, 12, 585, 14, 0, 0, 77, NULL, 1, 0, '2017-02-22 09:51:19', 1, NULL, NULL),
(389, 12, 588, 14, 0, 0, 99, NULL, 1, 0, '2017-02-22 09:51:19', 1, NULL, NULL),
(390, 12, 608, 14, 0, 0, 4, NULL, 1, 0, '2017-02-22 09:53:47', 1, NULL, NULL),
(391, 12, 609, 14, 0, 0, 7, NULL, 1, 0, '2017-02-22 09:54:46', 1, NULL, NULL),
(395, 12, 72, 14, 1, 1, 8, NULL, 1, 0, '2017-02-22 09:55:05', 1, '2017-02-22 09:55:54', 1),
(396, 12, 379, 14, 1, 0, 10, NULL, 1, 0, '2017-02-22 09:55:05', 1, NULL, NULL),
(400, 12, 46, 3, 1, 0, 1, NULL, 1, 0, '2017-02-22 09:56:14', 1, NULL, NULL),
(401, 12, 249, 3, 1, 1, 4, NULL, 1, 0, '2017-02-22 09:56:14', 1, '2017-02-25 09:52:53', 1),
(402, 12, 279, 3, 1, 0, 7, NULL, 1, 0, '2017-02-22 09:56:14', 1, NULL, NULL),
(403, 12, 233, 3, 1, 0, 8, NULL, 1, 0, '2017-02-22 09:56:14', 1, NULL, NULL),
(404, 12, 406, 3, 1, 0, 10, NULL, 1, 0, '2017-02-22 09:56:14', 1, NULL, NULL),
(405, 12, 505, 3, 1, 0, 18, NULL, 1, 0, '2017-02-22 09:56:14', 1, NULL, NULL),
(406, 12, 502, 3, 1, 0, 21, NULL, 1, 0, '2017-02-22 09:56:14', 1, NULL, NULL),
(407, 12, 2, 3, 1, 0, 23, NULL, 1, 0, '2017-02-22 09:56:14', 1, NULL, NULL),
(408, 12, 210, 3, 1, 0, 34, NULL, 1, 0, '2017-02-22 09:56:14', 1, NULL, NULL),
(409, 12, 252, 3, 1, 0, 35, NULL, 1, 0, '2017-02-22 09:56:14', 1, NULL, NULL),
(410, 12, 205, 3, 1, 0, 39, NULL, 1, 0, '2017-02-22 09:56:14', 1, NULL, NULL),
(411, 12, 503, 3, 0, 0, 2, NULL, 1, 0, '2017-02-22 09:56:47', 1, NULL, NULL),
(412, 12, 504, 3, 0, 0, 3, NULL, 1, 0, '2017-02-22 09:56:47', 1, NULL, NULL),
(413, 12, 91, 3, 0, 0, 5, NULL, 1, 0, '2017-02-22 09:56:47', 1, NULL, NULL),
(414, 12, 59, 3, 0, 0, 9, NULL, 1, 0, '2017-02-22 09:56:47', 1, NULL, NULL),
(415, 12, 506, 3, 0, 0, 22, NULL, 1, 0, '2017-02-22 09:56:47', 1, NULL, NULL),
(416, 12, 507, 3, 0, 0, 28, NULL, 1, 0, '2017-02-22 09:56:47', 1, NULL, NULL),
(417, 12, 48, 3, 0, 0, 29, NULL, 1, 0, '2017-02-22 09:56:47', 1, NULL, NULL),
(418, 12, 508, 3, 0, 0, 93, NULL, 1, 0, '2017-02-22 09:56:47', 1, NULL, NULL),
(419, 12, 340, 3, 0, 0, 32, NULL, 1, 0, '2017-02-22 09:57:09', 1, NULL, NULL),
(420, 17, 492, 18, 1, 0, 4, NULL, 1, 0, '2017-02-25 09:51:49', 1, NULL, NULL),
(421, 17, 493, 18, 1, 0, 5, NULL, 1, 0, '2017-02-25 09:51:49', 1, NULL, NULL),
(422, 17, 218, 18, 1, 0, 9, NULL, 1, 0, '2017-02-25 09:51:49', 1, NULL, NULL),
(423, 17, 494, 18, 1, 0, 10, NULL, 1, 0, '2017-02-25 09:51:49', 1, NULL, NULL),
(424, 17, 155, 18, 1, 0, 13, NULL, 1, 0, '2017-02-25 09:51:49', 1, NULL, NULL),
(425, 17, 117, 18, 1, 0, 16, NULL, 1, 0, '2017-02-25 09:51:49', 1, NULL, NULL),
(426, 17, 189, 18, 1, 0, 17, NULL, 1, 0, '2017-02-25 09:51:49', 1, NULL, NULL),
(427, 17, 355, 18, 1, 0, 18, NULL, 1, 0, '2017-02-25 09:51:49', 1, NULL, NULL),
(428, 17, 280, 18, 1, 0, 19, NULL, 1, 0, '2017-02-25 09:51:49', 1, NULL, NULL),
(429, 17, 356, 18, 1, 1, 22, NULL, 1, 0, '2017-02-25 09:51:49', 1, '2017-02-25 09:52:26', 1),
(430, 17, 134, 18, 1, 0, 34, NULL, 1, 0, '2017-02-25 09:51:49', 1, NULL, NULL),
(431, 17, 62, 18, 0, 0, 6, NULL, 1, 0, '2017-02-25 09:52:21', 1, NULL, NULL),
(432, 17, 76, 18, 0, 0, 8, NULL, 1, 0, '2017-02-25 09:52:21', 1, NULL, NULL),
(433, 17, 187, 18, 0, 0, 14, NULL, 1, 0, '2017-02-25 09:52:21', 1, NULL, NULL),
(434, 17, 191, 18, 0, 0, 20, NULL, 1, 0, '2017-02-25 09:52:21', 1, NULL, NULL),
(435, 17, 288, 18, 0, 0, 23, NULL, 1, 0, '2017-02-25 09:52:21', 1, NULL, NULL),
(436, 17, 45, 18, 0, 0, 99, NULL, 1, 0, '2017-02-25 09:52:21', 1, NULL, NULL),
(437, 17, 6, 18, 0, 0, 7, NULL, 1, 0, '2017-02-25 09:53:17', 1, NULL, NULL),
(438, 17, 88, 18, 0, 0, 36, NULL, 1, 0, '2017-02-25 09:53:38', 1, NULL, NULL),
(439, 17, 610, 18, 0, 0, 39, NULL, 1, 0, '2017-02-25 09:56:03', 1, NULL, NULL),
(440, 17, 348, 10, 1, 0, 2, NULL, 1, 0, '2017-02-25 09:57:00', 1, NULL, NULL),
(441, 17, 547, 10, 1, 0, 3, NULL, 1, 0, '2017-02-25 09:57:00', 1, NULL, NULL),
(442, 17, 548, 10, 1, 0, 5, NULL, 1, 0, '2017-02-25 09:57:00', 1, NULL, NULL),
(443, 17, 4, 10, 1, 0, 6, NULL, 1, 0, '2017-02-25 09:57:00', 1, NULL, NULL),
(444, 17, 145, 10, 1, 0, 7, NULL, 1, 0, '2017-02-25 09:57:01', 1, NULL, NULL),
(445, 17, 285, 10, 1, 0, 9, NULL, 1, 0, '2017-02-25 09:57:01', 1, NULL, NULL),
(446, 17, 50, 10, 1, 1, 18, NULL, 1, 0, '2017-02-25 09:57:01', 1, '2017-02-25 09:57:19', 1),
(447, 17, 394, 10, 1, 0, 19, NULL, 1, 0, '2017-02-25 09:57:01', 1, NULL, NULL),
(448, 17, 14, 10, 1, 0, 32, NULL, 1, 0, '2017-02-25 09:57:01', 1, NULL, NULL),
(449, 17, 552, 10, 1, 0, 34, NULL, 1, 0, '2017-02-25 09:57:01', 1, NULL, NULL),
(450, 17, 201, 10, 1, 0, 40, NULL, 1, 0, '2017-02-25 09:57:01', 1, NULL, NULL),
(451, 17, 549, 10, 0, 0, 8, NULL, 1, 0, '2017-02-25 09:57:49', 1, NULL, NULL),
(452, 17, 427, 10, 0, 0, 11, NULL, 1, 0, '2017-02-25 09:57:49', 1, NULL, NULL),
(453, 17, 350, 10, 0, 0, 17, NULL, 1, 0, '2017-02-25 09:57:49', 1, NULL, NULL),
(454, 17, 209, 10, 0, 0, 21, NULL, 1, 0, '2017-02-25 09:57:49', 1, NULL, NULL),
(455, 17, 351, 10, 0, 0, 25, NULL, 1, 0, '2017-02-25 09:57:49', 1, NULL, NULL),
(456, 17, 123, 10, 0, 0, 28, NULL, 1, 0, '2017-02-25 09:57:50', 1, NULL, NULL),
(457, 17, 553, 10, 0, 0, 35, NULL, 1, 0, '2017-02-25 09:57:50', 1, NULL, NULL),
(458, 17, 361, 10, 0, 0, 13, NULL, 1, 0, '2017-02-25 09:58:27', 1, NULL, NULL),
(459, 17, 31, 10, 0, 0, 38, NULL, 1, 0, '2017-02-25 09:58:42', 1, NULL, NULL),
(460, 16, 107, 11, 1, 1, 4, NULL, 1, 0, '2017-02-25 10:30:16', 1, '2017-02-25 10:30:22', 1),
(461, 16, 208, 11, 1, 0, 7, NULL, 1, 0, '2017-02-25 10:30:16', 1, NULL, NULL),
(462, 16, 364, 11, 1, 0, 10, NULL, 1, 0, '2017-02-25 10:30:16', 1, NULL, NULL),
(463, 16, 137, 11, 1, 0, 15, NULL, 1, 0, '2017-02-25 10:30:16', 1, NULL, NULL),
(464, 16, 20, 11, 1, 0, 17, NULL, 1, 0, '2017-02-25 10:30:16', 1, NULL, NULL),
(465, 16, 163, 11, 1, 0, 18, NULL, 1, 0, '2017-02-25 10:30:16', 1, NULL, NULL),
(466, 16, 114, 11, 1, 0, 27, NULL, 1, 0, '2017-02-25 10:30:16', 1, NULL, NULL),
(467, 16, 568, 11, 1, 0, 28, NULL, 1, 0, '2017-02-25 10:30:16', 1, NULL, NULL),
(468, 16, 28, 11, 1, 0, 32, NULL, 1, 0, '2017-02-25 10:30:16', 1, NULL, NULL),
(469, 16, 185, 11, 1, 0, 33, NULL, 1, 0, '2017-02-25 10:30:16', 1, NULL, NULL),
(470, 16, 295, 11, 1, 0, 22, NULL, 1, 0, '2017-02-25 10:30:46', 1, NULL, NULL),
(471, 16, 241, 11, 0, 0, 9, NULL, 1, 0, '2017-02-25 10:31:05', 1, NULL, NULL),
(472, 16, 108, 11, 0, 0, 25, NULL, 1, 0, '2017-02-25 10:31:05', 1, NULL, NULL),
(473, 16, 362, 11, 0, 0, 26, NULL, 1, 0, '2017-02-25 10:31:05', 1, NULL, NULL),
(474, 16, 569, 11, 0, 0, 30, NULL, 1, 0, '2017-02-25 10:31:05', 1, NULL, NULL),
(475, 16, 363, 11, 0, 0, 34, NULL, 1, 0, '2017-02-25 10:31:05', 1, NULL, NULL),
(476, 16, 188, 11, 0, 0, 35, NULL, 1, 0, '2017-02-25 10:31:05', 1, NULL, NULL),
(477, 16, 327, 11, 0, 0, 37, NULL, 1, 0, '2017-02-25 10:31:05', 1, NULL, NULL),
(478, 16, 570, 11, 0, 0, 39, NULL, 1, 0, '2017-02-25 10:31:05', 1, NULL, NULL),
(479, 16, 611, 11, 0, 0, 11, NULL, 1, 0, '2017-02-25 10:32:21', 1, NULL, NULL),
(480, 16, 325, 9, 1, 0, 5, NULL, 1, 0, '2017-02-25 10:32:40', 1, NULL, NULL),
(481, 16, 203, 9, 1, 0, 6, NULL, 1, 0, '2017-02-25 10:32:40', 1, NULL, NULL),
(482, 16, 10, 9, 1, 1, 7, NULL, 1, 0, '2017-02-25 10:32:40', 1, '2017-02-25 10:32:44', 1),
(483, 16, 374, 9, 1, 0, 9, NULL, 1, 0, '2017-02-25 10:32:40', 1, NULL, NULL),
(484, 16, 589, 9, 1, 0, 10, NULL, 1, 0, '2017-02-25 10:32:40', 1, NULL, NULL),
(485, 16, 590, 9, 1, 0, 11, NULL, 1, 0, '2017-02-25 10:32:40', 1, NULL, NULL),
(486, 16, 97, 9, 1, 0, 17, NULL, 1, 0, '2017-02-25 10:32:40', 1, NULL, NULL),
(487, 16, 443, 9, 1, 0, 24, NULL, 1, 0, '2017-02-25 10:32:40', 1, NULL, NULL),
(488, 16, 33, 9, 1, 0, 26, NULL, 1, 0, '2017-02-25 10:32:40', 1, NULL, NULL),
(489, 16, 26, 9, 1, 0, 28, NULL, 1, 0, '2017-02-25 10:32:40', 1, NULL, NULL),
(490, 16, 318, 9, 1, 0, 34, NULL, 1, 0, '2017-02-25 10:32:40', 1, NULL, NULL),
(491, 16, 591, 9, 0, 0, 2, NULL, 1, 0, '2017-02-25 10:33:10', 1, NULL, NULL),
(492, 16, 448, 9, 0, 0, 4, NULL, 1, 0, '2017-02-25 10:33:10', 1, NULL, NULL),
(493, 16, 592, 9, 0, 0, 13, NULL, 1, 0, '2017-02-25 10:33:10', 1, NULL, NULL),
(494, 16, 381, 9, 0, 0, 14, NULL, 1, 0, '2017-02-25 10:33:10', 1, NULL, NULL),
(495, 16, 593, 9, 0, 0, 15, NULL, 1, 0, '2017-02-25 10:33:10', 1, NULL, NULL),
(496, 16, 21, 9, 0, 0, 19, NULL, 1, 0, '2017-02-25 10:33:10', 1, NULL, NULL),
(497, 16, 225, 9, 0, 0, 21, NULL, 1, 0, '2017-02-25 10:33:10', 1, NULL, NULL),
(498, 16, 612, 9, 0, 0, 16, NULL, 1, 0, '2017-02-25 10:34:07', 1, NULL, NULL),
(499, 16, 613, 9, 0, 0, 23, NULL, 1, 0, '2017-02-25 10:35:20', 1, NULL, NULL),
(500, 18, 304, 17, 1, 0, 1, NULL, 1, 0, '2017-02-25 10:46:37', 1, NULL, NULL),
(501, 18, 309, 17, 1, 1, 6, NULL, 1, 0, '2017-02-25 10:46:37', 1, '2017-02-25 10:46:41', 1),
(502, 18, 541, 17, 1, 0, 7, NULL, 1, 0, '2017-02-25 10:46:37', 1, NULL, NULL),
(503, 18, 542, 17, 1, 0, 8, NULL, 1, 0, '2017-02-25 10:46:37', 1, NULL, NULL),
(504, 18, 368, 17, 1, 0, 11, NULL, 1, 0, '2017-02-25 10:46:37', 1, NULL, NULL),
(505, 18, 307, 17, 1, 0, 14, NULL, 1, 0, '2017-02-25 10:46:37', 1, NULL, NULL),
(506, 18, 543, 17, 1, 0, 17, NULL, 1, 0, '2017-02-25 10:46:37', 1, NULL, NULL),
(507, 18, 39, 17, 1, 0, 25, NULL, 1, 0, '2017-02-25 10:46:37', 1, NULL, NULL),
(508, 18, 372, 17, 1, 0, 27, NULL, 1, 0, '2017-02-25 10:46:37', 1, NULL, NULL),
(509, 18, 306, 17, 1, 0, 35, NULL, 1, 0, '2017-02-25 10:46:37', 1, NULL, NULL),
(510, 18, 365, 17, 1, 0, 3, NULL, 1, 0, '2017-02-25 10:47:23', 1, NULL, NULL),
(511, 18, 305, 17, 0, 0, 4, NULL, 1, 0, '2017-02-25 10:47:38', 1, NULL, NULL),
(512, 18, 301, 17, 0, 0, 5, NULL, 1, 0, '2017-02-25 10:47:39', 1, NULL, NULL),
(513, 18, 367, 17, 0, 0, 10, NULL, 1, 0, '2017-02-25 10:47:39', 1, NULL, NULL),
(514, 18, 119, 17, 0, 0, 15, NULL, 1, 0, '2017-02-25 10:47:39', 1, NULL, NULL),
(515, 18, 418, 17, 0, 0, 19, NULL, 1, 0, '2017-02-25 10:47:39', 1, NULL, NULL),
(516, 18, 366, 17, 0, 0, 22, NULL, 1, 0, '2017-02-25 10:47:39', 1, NULL, NULL),
(517, 18, 546, 17, 0, 0, 24, NULL, 1, 0, '2017-02-25 10:47:39', 1, NULL, NULL),
(518, 18, 614, 17, 0, 0, 20, NULL, 1, 0, '2017-02-25 10:48:53', 1, NULL, NULL),
(519, 18, 615, 17, 0, 0, 26, NULL, 1, 0, '2017-02-25 10:49:35', 1, NULL, NULL),
(520, 18, 127, 6, 1, 0, 2, NULL, 1, 0, '2017-02-25 10:50:12', 1, NULL, NULL),
(521, 18, 291, 6, 1, 1, 3, NULL, 1, 0, '2017-02-25 10:50:12', 1, '2017-02-25 10:50:16', 1),
(522, 18, 84, 6, 1, 0, 6, NULL, 1, 0, '2017-02-25 10:50:12', 1, NULL, NULL),
(523, 18, 102, 6, 1, 0, 7, NULL, 1, 0, '2017-02-25 10:50:12', 1, NULL, NULL),
(524, 18, 332, 6, 1, 0, 9, NULL, 1, 0, '2017-02-25 10:50:12', 1, NULL, NULL),
(525, 18, 496, 6, 1, 0, 10, NULL, 1, 0, '2017-02-25 10:50:12', 1, NULL, NULL),
(526, 18, 104, 6, 1, 0, 17, NULL, 1, 0, '2017-02-25 10:50:12', 1, NULL, NULL),
(527, 18, 498, 6, 1, 0, 18, NULL, 1, 0, '2017-02-25 10:50:12', 1, NULL, NULL),
(528, 18, 266, 6, 1, 0, 24, NULL, 1, 0, '2017-02-25 10:50:12', 1, NULL, NULL),
(529, 18, 105, 6, 1, 0, 27, NULL, 1, 0, '2017-02-25 10:50:12', 1, NULL, NULL),
(530, 18, 499, 6, 1, 0, 37, NULL, 1, 0, '2017-02-25 10:50:12', 1, NULL, NULL),
(531, 18, 500, 6, 0, 0, 5, NULL, 1, 0, '2017-02-25 10:50:38', 1, NULL, NULL),
(532, 18, 497, 6, 0, 0, 11, NULL, 1, 0, '2017-02-25 10:50:38', 1, NULL, NULL),
(533, 18, 199, 6, 0, 0, 13, NULL, 1, 0, '2017-02-25 10:50:39', 1, NULL, NULL),
(534, 18, 501, 6, 0, 0, 15, NULL, 1, 0, '2017-02-25 10:50:39', 1, NULL, NULL),
(535, 18, 57, 6, 0, 0, 19, NULL, 1, 0, '2017-02-25 10:50:39', 1, NULL, NULL),
(536, 18, 335, 6, 0, 0, 31, NULL, 1, 0, '2017-02-25 10:50:39', 1, NULL, NULL),
(537, 18, 75, 6, 0, 0, 32, NULL, 1, 0, '2017-02-25 10:50:39', 1, NULL, NULL),
(538, 18, 238, 6, 0, 0, 35, NULL, 1, 0, '2017-02-25 10:50:39', 1, NULL, NULL),
(539, 15, 595, 12, 1, 1, 3, NULL, 1, 0, '2017-02-25 12:20:22', 1, '2017-02-25 12:20:36', 1),
(540, 15, 324, 12, 1, 0, 4, NULL, 1, 0, '2017-02-25 12:20:22', 1, NULL, NULL),
(541, 15, 596, 12, 1, 0, 6, NULL, 1, 0, '2017-02-25 12:20:22', 1, NULL, NULL),
(542, 15, 298, 12, 1, 0, 8, NULL, 1, 0, '2017-02-25 12:20:22', 1, NULL, NULL),
(543, 15, 330, 12, 1, 0, 10, NULL, 1, 0, '2017-02-25 12:20:22', 1, NULL, NULL),
(544, 15, 66, 12, 1, 0, 13, NULL, 1, 0, '2017-02-25 12:20:22', 1, NULL, NULL),
(545, 15, 597, 12, 1, 0, 14, NULL, 1, 0, '2017-02-25 12:20:22', 1, NULL, NULL),
(546, 15, 598, 12, 1, 0, 18, NULL, 1, 0, '2017-02-25 12:20:22', 1, NULL, NULL),
(547, 15, 599, 12, 1, 0, 19, NULL, 1, 0, '2017-02-25 12:20:22', 1, NULL, NULL),
(548, 15, 258, 12, 1, 0, 21, NULL, 1, 0, '2017-02-25 12:20:22', 1, NULL, NULL),
(549, 15, 192, 12, 1, 0, 24, NULL, 1, 0, '2017-02-25 12:20:22', 1, NULL, NULL),
(550, 15, 184, 12, 0, 0, 1, NULL, 1, 0, '2017-02-25 12:20:51', 1, NULL, NULL),
(551, 15, 129, 12, 0, 0, 17, NULL, 1, 0, '2017-02-25 12:20:51', 1, NULL, NULL),
(552, 15, 482, 12, 0, 0, 26, NULL, 1, 0, '2017-02-25 12:20:51', 1, NULL, NULL),
(553, 15, 600, 12, 0, 0, 27, NULL, 1, 0, '2017-02-25 12:20:51', 1, NULL, NULL),
(554, 15, 601, 12, 0, 0, 32, NULL, 1, 0, '2017-02-25 12:20:51', 1, NULL, NULL),
(555, 15, 322, 12, 0, 0, 35, NULL, 1, 0, '2017-02-25 12:20:51', 1, NULL, NULL),
(556, 15, 65, 12, 0, 0, 37, NULL, 1, 0, '2017-02-25 12:20:51', 1, NULL, NULL),
(557, 15, 121, 12, 0, 0, 38, NULL, 1, 0, '2017-02-25 12:20:51', 1, NULL, NULL),
(558, 15, 616, 12, 0, 0, 20, NULL, 1, 0, '2017-02-25 12:22:16', 1, NULL, NULL),
(559, 15, 77, 5, 1, 0, 2, NULL, 1, 0, '2017-02-25 12:22:35', 1, NULL, NULL),
(560, 15, 176, 5, 1, 0, 4, NULL, 1, 0, '2017-02-25 12:22:35', 1, NULL, NULL),
(561, 15, 522, 5, 1, 0, 7, NULL, 1, 0, '2017-02-25 12:22:35', 1, NULL, NULL),
(562, 15, 54, 5, 1, 0, 11, NULL, 1, 0, '2017-02-25 12:22:35', 1, NULL, NULL),
(563, 15, 23, 5, 1, 0, 15, NULL, 1, 0, '2017-02-25 12:22:35', 1, NULL, NULL),
(564, 15, 523, 5, 1, 0, 18, NULL, 1, 0, '2017-02-25 12:22:35', 1, NULL, NULL),
(565, 15, 41, 5, 1, 1, 25, NULL, 1, 0, '2017-02-25 12:22:35', 1, '2017-02-25 12:22:54', 1),
(566, 15, 462, 5, 1, 0, 29, NULL, 1, 0, '2017-02-25 12:22:35', 1, NULL, NULL),
(567, 15, 103, 5, 1, 0, 31, NULL, 1, 0, '2017-02-25 12:22:35', 1, NULL, NULL),
(568, 15, 174, 5, 1, 0, 35, NULL, 1, 0, '2017-02-25 12:22:35', 1, NULL, NULL),
(569, 15, 346, 5, 1, 0, 88, NULL, 1, 0, '2017-02-25 12:22:35', 1, NULL, NULL),
(570, 15, 524, 5, 0, 0, 1, NULL, 1, 0, '2017-02-25 12:23:06', 1, NULL, NULL),
(571, 15, 179, 5, 0, 0, 6, NULL, 1, 0, '2017-02-25 12:23:06', 1, NULL, NULL),
(572, 15, 42, 5, 0, 0, 10, NULL, 1, 0, '2017-02-25 12:23:06', 1, NULL, NULL),
(573, 15, 24, 5, 0, 0, 21, NULL, 1, 0, '2017-02-25 12:23:06', 1, NULL, NULL),
(574, 15, 183, 5, 0, 0, 24, NULL, 1, 0, '2017-02-25 12:23:07', 1, NULL, NULL),
(575, 15, 527, 5, 0, 0, 42, NULL, 1, 0, '2017-02-25 12:23:07', 1, NULL, NULL),
(576, 15, 617, 5, 0, 0, 14, NULL, 1, 0, '2017-02-25 12:24:25', 1, NULL, NULL),
(577, 15, 618, 5, 0, 0, 27, NULL, 1, 0, '2017-02-25 12:26:10', 1, NULL, NULL),
(578, 15, 619, 5, 0, 0, 48, NULL, 1, 0, '2017-02-25 12:27:11', 1, NULL, NULL),
(579, 13, 603, 15, 1, 0, 5, NULL, 1, 0, '2017-02-26 00:16:08', 1, NULL, NULL),
(580, 13, 9, 15, 1, 1, 6, NULL, 1, 0, '2017-02-26 00:16:08', 1, '2017-02-26 00:16:12', 1),
(581, 13, 140, 15, 1, 0, 11, NULL, 1, 0, '2017-02-26 00:16:08', 1, NULL, NULL),
(582, 13, 101, 15, 1, 0, 18, NULL, 1, 0, '2017-02-26 00:16:08', 1, NULL, NULL),
(583, 13, 18, 15, 1, 0, 19, NULL, 1, 0, '2017-02-26 00:16:08', 1, NULL, NULL),
(584, 13, 207, 15, 1, 0, 22, NULL, 1, 0, '2017-02-26 00:16:08', 1, NULL, NULL),
(585, 13, 58, 15, 1, 0, 27, NULL, 1, 0, '2017-02-26 00:16:08', 1, NULL, NULL),
(586, 13, 47, 15, 1, 0, 31, NULL, 1, 0, '2017-02-26 00:16:08', 1, NULL, NULL),
(587, 13, 149, 15, 1, 0, 39, NULL, 1, 0, '2017-02-26 00:16:08', 1, NULL, NULL),
(588, 13, 154, 15, 1, 0, 40, NULL, 1, 0, '2017-02-26 00:16:08', 1, NULL, NULL),
(589, 13, 620, 15, 1, 0, 99, NULL, 1, 0, '2017-02-26 00:18:05', 1, NULL, NULL),
(590, 13, 262, 15, 0, 0, 4, NULL, 1, 0, '2017-02-26 00:18:19', 1, NULL, NULL),
(591, 13, 604, 15, 0, 0, 8, NULL, 1, 0, '2017-02-26 00:18:19', 1, NULL, NULL),
(592, 13, 125, 15, 0, 0, 10, NULL, 1, 0, '2017-02-26 00:18:19', 1, NULL, NULL),
(593, 13, 263, 15, 0, 0, 14, NULL, 1, 0, '2017-02-26 00:18:19', 1, NULL, NULL),
(594, 13, 55, 15, 0, 0, 15, NULL, 1, 0, '2017-02-26 00:18:19', 1, NULL, NULL),
(595, 13, 56, 15, 0, 0, 16, NULL, 1, 0, '2017-02-26 00:18:19', 1, NULL, NULL),
(596, 13, 132, 15, 0, 0, 23, NULL, 1, 0, '2017-02-26 00:18:19', 1, NULL, NULL),
(597, 13, 605, 15, 0, 0, 28, NULL, 1, 0, '2017-02-26 00:18:19', 1, NULL, NULL),
(598, 13, 606, 15, 0, 0, 29, NULL, 1, 0, '2017-02-26 00:18:19', 1, NULL, NULL),
(599, 13, 68, 4, 1, 0, 1, NULL, 1, 0, '2017-02-26 00:18:46', 1, NULL, NULL),
(600, 13, 518, 4, 1, 0, 3, NULL, 1, 0, '2017-02-26 00:18:46', 1, NULL, NULL),
(601, 13, 513, 4, 1, 0, 7, NULL, 1, 0, '2017-02-26 00:18:46', 1, NULL, NULL),
(602, 13, 11, 4, 1, 1, 10, NULL, 1, 0, '2017-02-26 00:18:46', 1, '2017-02-26 00:18:53', 1),
(603, 13, 395, 4, 1, 0, 11, NULL, 1, 0, '2017-02-26 00:18:46', 1, NULL, NULL),
(604, 13, 25, 4, 1, 0, 14, NULL, 1, 0, '2017-02-26 00:18:46', 1, NULL, NULL),
(605, 13, 426, 4, 1, 0, 15, NULL, 1, 0, '2017-02-26 00:18:46', 1, NULL, NULL),
(606, 13, 36, 4, 1, 0, 16, NULL, 1, 0, '2017-02-26 00:18:46', 1, NULL, NULL),
(607, 13, 399, 4, 1, 0, 26, NULL, 1, 0, '2017-02-26 00:18:47', 1, NULL, NULL),
(608, 13, 516, 4, 1, 0, 50, NULL, 1, 0, '2017-02-26 00:18:47', 1, NULL, NULL),
(609, 13, 392, 4, 1, 0, 40, NULL, 1, 0, '2017-02-26 00:19:14', 1, NULL, NULL),
(610, 13, 517, 4, 0, 0, 2, NULL, 1, 0, '2017-02-26 00:19:31', 1, NULL, NULL),
(611, 13, 519, 4, 0, 0, 4, NULL, 1, 0, '2017-02-26 00:19:31', 1, NULL, NULL),
(612, 13, 514, 4, 0, 0, 8, NULL, 1, 0, '2017-02-26 00:19:31', 1, NULL, NULL),
(613, 13, 128, 4, 0, 0, 13, NULL, 1, 0, '2017-02-26 00:19:31', 1, NULL, NULL),
(614, 13, 281, 4, 0, 0, 22, NULL, 1, 0, '2017-02-26 00:19:31', 1, NULL, NULL),
(615, 13, 520, 4, 0, 0, 29, NULL, 1, 0, '2017-02-26 00:19:31', 1, NULL, NULL),
(616, 13, 231, 4, 0, 0, 19, NULL, 1, 0, '2017-02-26 00:19:54', 1, NULL, NULL),
(617, 13, 215, 4, 0, 0, 28, NULL, 1, 0, '2017-02-26 00:20:19', 1, NULL, NULL),
(618, 11, 220, 7, 1, 0, 4, NULL, 1, 0, '2017-02-26 09:12:32', 1, NULL, NULL),
(619, 11, 430, 7, 1, 1, 5, NULL, 1, 0, '2017-02-26 09:12:33', 1, '2017-02-26 09:12:38', 1),
(620, 11, 436, 7, 1, 0, 8, NULL, 1, 0, '2017-02-26 09:12:33', 1, NULL, NULL),
(621, 11, 572, 7, 1, 0, 9, NULL, 1, 0, '2017-02-26 09:12:33', 1, NULL, NULL),
(622, 11, 573, 7, 1, 0, 10, NULL, 1, 0, '2017-02-26 09:12:33', 1, NULL, NULL),
(623, 11, 574, 7, 1, 0, 11, NULL, 1, 0, '2017-02-26 09:12:33', 1, NULL, NULL),
(624, 11, 312, 7, 1, 0, 17, NULL, 1, 0, '2017-02-26 09:12:33', 1, NULL, NULL),
(625, 11, 446, 7, 1, 0, 18, NULL, 1, 0, '2017-02-26 09:12:34', 1, NULL, NULL),
(626, 11, 157, 7, 1, 0, 21, NULL, 1, 0, '2017-02-26 09:12:34', 1, NULL, NULL),
(627, 11, 575, 7, 1, 0, 28, NULL, 1, 0, '2017-02-26 09:12:34', 1, NULL, NULL),
(628, 11, 158, 7, 1, 0, 30, NULL, 1, 0, '2017-02-26 09:12:34', 1, NULL, NULL),
(629, 11, 78, 7, 0, 0, 3, NULL, 1, 0, '2017-02-26 09:15:30', 1, NULL, NULL),
(630, 11, 130, 7, 0, 0, 6, NULL, 1, 0, '2017-02-26 09:15:31', 1, NULL, NULL),
(631, 11, 576, 7, 0, 0, 15, NULL, 1, 0, '2017-02-26 09:15:31', 1, NULL, NULL),
(632, 11, 577, 7, 0, 0, 20, NULL, 1, 0, '2017-02-26 09:15:31', 1, NULL, NULL),
(633, 11, 341, 7, 0, 0, 24, NULL, 1, 0, '2017-02-26 09:15:31', 1, NULL, NULL),
(634, 11, 49, 7, 0, 0, 29, NULL, 1, 0, '2017-02-26 09:15:31', 1, NULL, NULL),
(635, 11, 232, 7, 0, 0, 36, NULL, 1, 0, '2017-02-26 09:15:31', 1, NULL, NULL),
(636, 11, 578, 7, 0, 0, 38, NULL, 1, 0, '2017-02-26 09:15:31', 1, NULL, NULL),
(637, 11, 528, 13, 1, 0, 1, NULL, 1, 0, '2017-02-26 09:15:58', 1, NULL, NULL),
(638, 11, 529, 13, 1, 0, 2, NULL, 1, 0, '2017-02-26 09:15:58', 1, NULL, NULL),
(639, 11, 289, 13, 1, 0, 4, NULL, 1, 0, '2017-02-26 09:15:58', 1, NULL, NULL),
(640, 11, 530, 13, 1, 0, 5, NULL, 1, 0, '2017-02-26 09:15:58', 1, NULL, NULL),
(641, 11, 532, 13, 1, 0, 11, NULL, 1, 0, '2017-02-26 09:15:58', 1, NULL, NULL),
(642, 11, 200, 13, 1, 1, 17, NULL, 1, 0, '2017-02-26 09:15:58', 1, '2017-02-26 09:16:04', 1),
(643, 11, 533, 13, 1, 0, 19, NULL, 1, 0, '2017-02-26 09:15:58', 1, NULL, NULL),
(644, 11, 95, 13, 1, 0, 25, NULL, 1, 0, '2017-02-26 09:15:58', 1, NULL, NULL),
(645, 11, 118, 13, 1, 0, 37, NULL, 1, 0, '2017-02-26 09:15:58', 1, NULL, NULL),
(646, 11, 535, 13, 1, 0, 40, NULL, 1, 0, '2017-02-26 09:15:58', 1, NULL, NULL),
(647, 11, 621, 13, 1, 0, 32, NULL, 1, 0, '2017-02-26 09:17:14', 1, NULL, NULL),
(648, 11, 536, 13, 0, 0, 6, NULL, 1, 0, '2017-02-26 09:17:29', 1, NULL, NULL),
(649, 11, 537, 13, 0, 0, 7, NULL, 1, 0, '2017-02-26 09:17:29', 1, NULL, NULL),
(650, 11, 254, 13, 0, 0, 13, NULL, 1, 0, '2017-02-26 09:17:29', 1, NULL, NULL),
(651, 11, 538, 13, 0, 0, 14, NULL, 1, 0, '2017-02-26 09:17:30', 1, NULL, NULL),
(652, 11, 539, 13, 0, 0, 22, NULL, 1, 0, '2017-02-26 09:17:30', 1, NULL, NULL),
(653, 11, 540, 13, 0, 0, 35, NULL, 1, 0, '2017-02-26 09:17:30', 1, NULL, NULL),
(654, 11, 534, 13, 0, 0, 39, NULL, 1, 0, '2017-02-26 09:17:30', 1, NULL, NULL),
(655, 11, 622, 13, 0, 0, 8, NULL, 1, 0, '2017-02-26 09:18:44', 1, NULL, NULL),
(656, 11, 623, 13, 0, 0, 27, NULL, 1, 0, '2017-02-26 09:20:17', 1, NULL, NULL),
(657, 10, 22, 1, 1, 0, 1, NULL, 1, 0, '2017-02-26 10:02:32', 1, NULL, NULL),
(658, 10, 313, 1, 1, 0, 2, NULL, 1, 0, '2017-02-26 10:02:32', 1, NULL, NULL),
(659, 10, 413, 1, 1, 0, 3, NULL, 1, 0, '2017-02-26 10:02:32', 1, NULL, NULL),
(660, 10, 244, 1, 1, 0, 5, NULL, 1, 0, '2017-02-26 10:02:32', 1, NULL, NULL),
(661, 10, 172, 1, 1, 0, 6, NULL, 1, 0, '2017-02-26 10:02:32', 1, NULL, NULL),
(662, 10, 491, 1, 1, 0, 9, NULL, 1, 0, '2017-02-26 10:02:32', 1, NULL, NULL),
(663, 10, 12, 1, 1, 1, 10, NULL, 1, 0, '2017-02-26 10:02:32', 1, '2017-02-26 10:02:47', 1),
(664, 10, 235, 1, 1, 0, 18, NULL, 1, 0, '2017-02-26 10:02:32', 1, NULL, NULL),
(665, 10, 98, 1, 1, 0, 19, NULL, 1, 0, '2017-02-26 10:02:32', 1, NULL, NULL),
(666, 10, 412, 1, 1, 0, 25, NULL, 1, 0, '2017-02-26 10:02:33', 1, NULL, NULL),
(667, 10, 316, 1, 1, 0, 34, NULL, 1, 0, '2017-02-26 10:02:33', 1, NULL, NULL);
INSERT INTO `match_player` (`id`, `match_id`, `player_id`, `club_id`, `start_11`, `captain`, `shirt_no`, `description`, `status`, `deleted`, `created_date`, `created_by`, `modified_date`, `modified_by`) VALUES
(668, 10, 259, 1, 0, 0, 11, NULL, 1, 0, '2017-02-26 10:03:03', 1, NULL, NULL),
(669, 10, 509, 1, 0, 0, 13, NULL, 1, 0, '2017-02-26 10:03:04', 1, NULL, NULL),
(670, 10, 510, 1, 0, 0, 15, NULL, 1, 0, '2017-02-26 10:03:04', 1, NULL, NULL),
(671, 10, 511, 1, 0, 0, 16, NULL, 1, 0, '2017-02-26 10:03:04', 1, NULL, NULL),
(672, 10, 433, 1, 0, 0, 22, NULL, 1, 0, '2017-02-26 10:03:04', 1, NULL, NULL),
(673, 10, 94, 1, 0, 0, 23, NULL, 1, 0, '2017-02-26 10:03:04', 1, NULL, NULL),
(674, 10, 253, 1, 0, 0, 26, NULL, 1, 0, '2017-02-26 10:03:04', 1, NULL, NULL),
(675, 10, 126, 1, 0, 0, 28, NULL, 1, 0, '2017-02-26 10:03:04', 1, NULL, NULL),
(676, 10, 512, 1, 0, 0, 29, NULL, 1, 0, '2017-02-26 10:03:04', 1, NULL, NULL),
(688, 10, 376, 8, 1, 0, 2, NULL, 1, 0, '2017-02-26 10:05:04', 1, NULL, NULL),
(689, 10, 299, 8, 1, 1, 5, NULL, 1, 0, '2017-02-26 10:05:04', 1, '2017-02-26 10:05:09', 1),
(690, 10, 562, 8, 1, 0, 6, NULL, 1, 0, '2017-02-26 10:05:04', 1, NULL, NULL),
(691, 10, 560, 8, 1, 0, 9, NULL, 1, 0, '2017-02-26 10:05:04', 1, NULL, NULL),
(692, 10, 89, 8, 1, 0, 13, NULL, 1, 0, '2017-02-26 10:05:04', 1, NULL, NULL),
(693, 10, 561, 8, 1, 0, 17, NULL, 1, 0, '2017-02-26 10:05:04', 1, NULL, NULL),
(694, 10, 300, 8, 1, 0, 27, NULL, 1, 0, '2017-02-26 10:05:04', 1, NULL, NULL),
(695, 10, 565, 8, 1, 0, 28, NULL, 1, 0, '2017-02-26 10:05:04', 1, NULL, NULL),
(696, 10, 153, 8, 1, 0, 31, NULL, 1, 0, '2017-02-26 10:05:04', 1, NULL, NULL),
(697, 10, 219, 8, 1, 0, 34, NULL, 1, 0, '2017-02-26 10:05:04', 1, NULL, NULL),
(698, 10, 144, 8, 1, 0, 35, NULL, 1, 0, '2017-02-26 10:05:04', 1, NULL, NULL),
(699, 10, 423, 8, 0, 0, 7, NULL, 1, 0, '2017-02-26 10:05:32', 1, NULL, NULL),
(700, 10, 217, 8, 0, 0, 10, NULL, 1, 0, '2017-02-26 10:05:32', 1, NULL, NULL),
(701, 10, 265, 8, 0, 0, 11, NULL, 1, 0, '2017-02-26 10:05:32', 1, NULL, NULL),
(702, 10, 563, 8, 0, 0, 18, NULL, 1, 0, '2017-02-26 10:05:32', 1, NULL, NULL),
(703, 10, 292, 8, 0, 0, 20, NULL, 1, 0, '2017-02-26 10:05:32', 1, NULL, NULL),
(704, 10, 421, 8, 0, 0, 22, NULL, 1, 0, '2017-02-26 10:05:32', 1, NULL, NULL),
(705, 10, 564, 8, 0, 0, 24, NULL, 1, 0, '2017-02-26 10:05:32', 1, NULL, NULL),
(706, 10, 566, 8, 0, 0, 37, NULL, 1, 0, '2017-02-26 10:05:32', 1, NULL, NULL),
(707, 10, 454, 8, 0, 0, 3, NULL, 1, 0, '2017-02-26 10:05:47', 1, NULL, NULL),
(708, 14, 223, 16, 1, 0, 5, NULL, 1, 0, '2017-02-26 18:20:05', 1, NULL, NULL),
(709, 14, 229, 16, 1, 0, 8, NULL, 1, 0, '2017-02-26 18:20:06', 1, NULL, NULL),
(710, 14, 34, 16, 1, 0, 9, NULL, 1, 0, '2017-02-26 18:20:06', 1, NULL, NULL),
(711, 14, 270, 16, 1, 0, 11, NULL, 1, 0, '2017-02-26 18:20:06', 1, NULL, NULL),
(712, 14, 554, 16, 1, 0, 15, NULL, 1, 0, '2017-02-26 18:20:06', 1, NULL, NULL),
(713, 14, 51, 16, 1, 0, 18, NULL, 1, 0, '2017-02-26 18:20:06', 1, NULL, NULL),
(714, 14, 228, 16, 1, 0, 19, NULL, 1, 0, '2017-02-26 18:20:06', 1, NULL, NULL),
(715, 14, 273, 16, 1, 0, 20, NULL, 1, 0, '2017-02-26 18:20:06', 1, NULL, NULL),
(716, 14, 275, 16, 1, 0, 24, NULL, 1, 0, '2017-02-26 18:20:06', 1, NULL, NULL),
(717, 14, 276, 16, 1, 0, 26, NULL, 1, 0, '2017-02-26 18:20:06', 1, NULL, NULL),
(718, 14, 624, 16, 1, 1, 6, NULL, 1, 0, '2017-02-26 18:24:02', 1, '2017-02-26 18:24:04', 1),
(719, 14, 268, 16, 0, 0, 3, NULL, 1, 0, '2017-02-26 18:24:25', 1, NULL, NULL),
(720, 14, 555, 16, 0, 0, 4, NULL, 1, 0, '2017-02-26 18:24:25', 1, NULL, NULL),
(721, 14, 227, 16, 0, 0, 12, NULL, 1, 0, '2017-02-26 18:24:25', 1, NULL, NULL),
(722, 14, 556, 16, 0, 0, 17, NULL, 1, 0, '2017-02-26 18:24:25', 1, NULL, NULL),
(723, 14, 557, 16, 0, 0, 23, NULL, 1, 0, '2017-02-26 18:24:25', 1, NULL, NULL),
(724, 14, 558, 16, 0, 0, 25, NULL, 1, 0, '2017-02-26 18:24:25', 1, NULL, NULL),
(725, 14, 559, 16, 0, 0, 40, NULL, 1, 0, '2017-02-26 18:24:25', 1, NULL, NULL),
(726, 14, 267, 16, 0, 0, 1, NULL, 1, 0, '2017-02-26 18:25:41', 1, NULL, NULL),
(727, 14, 625, 16, 0, 0, 2, NULL, 1, 0, '2017-02-26 18:26:31', 1, NULL, NULL),
(728, 14, 86, 2, 1, 0, 1, NULL, 1, 0, '2017-02-26 18:26:53', 1, NULL, NULL),
(729, 14, 63, 2, 1, 0, 2, NULL, 1, 0, '2017-02-26 18:26:53', 1, NULL, NULL),
(730, 14, 124, 2, 1, 0, 5, NULL, 1, 0, '2017-02-26 18:26:53', 1, NULL, NULL),
(731, 14, 139, 2, 1, 0, 6, NULL, 1, 0, '2017-02-26 18:26:53', 1, NULL, NULL),
(732, 14, 150, 2, 1, 0, 7, NULL, 1, 0, '2017-02-26 18:26:53', 1, NULL, NULL),
(733, 14, 410, 2, 1, 0, 10, NULL, 1, 0, '2017-02-26 18:26:53', 1, NULL, NULL),
(734, 14, 85, 2, 1, 0, 16, NULL, 1, 0, '2017-02-26 18:26:53', 1, NULL, NULL),
(735, 14, 92, 2, 1, 0, 20, NULL, 1, 0, '2017-02-26 18:26:53', 1, NULL, NULL),
(736, 14, 222, 2, 1, 0, 22, NULL, 1, 0, '2017-02-26 18:26:53', 1, NULL, NULL),
(737, 14, 602, 2, 1, 0, 23, NULL, 1, 0, '2017-02-26 18:26:53', 1, NULL, NULL),
(738, 14, 79, 2, 1, 1, 29, NULL, 1, 0, '2017-02-26 18:26:53', 1, '2017-02-26 18:26:59', 1),
(739, 14, 358, 2, 0, 0, 11, NULL, 1, 0, '2017-02-26 18:27:33', 1, NULL, NULL),
(740, 14, 359, 2, 0, 0, 13, NULL, 1, 0, '2017-02-26 18:27:33', 1, NULL, NULL),
(741, 14, 13, 2, 0, 0, 14, NULL, 1, 0, '2017-02-26 18:27:33', 1, NULL, NULL),
(742, 14, 398, 2, 0, 0, 18, NULL, 1, 0, '2017-02-26 18:27:33', 1, NULL, NULL),
(743, 14, 393, 2, 0, 0, 31, NULL, 1, 0, '2017-02-26 18:27:33', 1, NULL, NULL),
(744, 14, 120, 2, 0, 0, 34, NULL, 1, 0, '2017-02-26 18:27:33', 1, NULL, NULL),
(745, 14, 37, 2, 0, 0, 8, NULL, 1, 0, '2017-02-26 18:27:53', 1, NULL, NULL),
(746, 14, 212, 2, 0, 0, 21, NULL, 1, 0, '2017-02-26 18:28:14', 1, NULL, NULL),
(747, 14, 626, 2, 0, 0, 28, NULL, 1, 0, '2017-02-26 18:29:17', 1, NULL, NULL),
(748, 27, 127, 6, 1, 0, 2, NULL, 1, 0, '2017-02-27 22:15:20', 1, NULL, NULL),
(749, 27, 291, 6, 1, 1, 3, NULL, 1, 0, '2017-02-27 22:15:20', 1, '2017-02-27 22:15:25', 1),
(750, 27, 84, 6, 1, 0, 6, NULL, 1, 0, '2017-02-27 22:15:20', 1, NULL, NULL),
(751, 27, 332, 6, 1, 0, 9, NULL, 1, 0, '2017-02-27 22:15:20', 1, NULL, NULL),
(752, 27, 496, 6, 1, 0, 10, NULL, 1, 0, '2017-02-27 22:15:20', 1, NULL, NULL),
(753, 27, 497, 6, 1, 0, 11, NULL, 1, 0, '2017-02-27 22:15:20', 1, NULL, NULL),
(754, 27, 104, 6, 1, 0, 17, NULL, 1, 0, '2017-02-27 22:15:20', 1, NULL, NULL),
(755, 27, 498, 6, 1, 0, 18, NULL, 1, 0, '2017-02-27 22:15:20', 1, NULL, NULL),
(756, 27, 105, 6, 1, 0, 27, NULL, 1, 0, '2017-02-27 22:15:20', 1, NULL, NULL),
(757, 27, 335, 6, 1, 0, 31, NULL, 1, 0, '2017-02-27 22:15:20', 1, NULL, NULL),
(758, 27, 499, 6, 1, 0, 37, NULL, 1, 0, '2017-02-27 22:15:20', 1, NULL, NULL),
(759, 27, 500, 6, 0, 0, 5, NULL, 1, 0, '2017-02-27 22:15:45', 1, NULL, NULL),
(760, 27, 102, 6, 0, 0, 7, NULL, 1, 0, '2017-02-27 22:15:45', 1, NULL, NULL),
(761, 27, 199, 6, 0, 0, 13, NULL, 1, 0, '2017-02-27 22:15:45', 1, NULL, NULL),
(762, 27, 57, 6, 0, 0, 19, NULL, 1, 0, '2017-02-27 22:15:45', 1, NULL, NULL),
(763, 27, 266, 6, 0, 0, 24, NULL, 1, 0, '2017-02-27 22:15:45', 1, NULL, NULL),
(764, 27, 75, 6, 0, 0, 32, NULL, 1, 0, '2017-02-27 22:15:45', 1, NULL, NULL),
(765, 27, 238, 6, 0, 0, 35, NULL, 1, 0, '2017-02-27 22:15:45', 1, NULL, NULL),
(766, 27, 331, 6, 0, 0, 8, NULL, 1, 0, '2017-02-27 22:16:08', 1, NULL, NULL),
(767, 27, 220, 7, 1, 0, 4, NULL, 1, 0, '2017-02-27 22:17:09', 1, NULL, NULL),
(768, 27, 430, 7, 1, 0, 5, NULL, 1, 0, '2017-02-27 22:17:09', 1, NULL, NULL),
(769, 27, 436, 7, 1, 0, 8, NULL, 1, 0, '2017-02-27 22:17:09', 1, NULL, NULL),
(770, 27, 572, 7, 1, 0, 9, NULL, 1, 0, '2017-02-27 22:17:09', 1, NULL, NULL),
(771, 27, 573, 7, 1, 0, 10, NULL, 1, 0, '2017-02-27 22:17:09', 1, NULL, NULL),
(772, 27, 576, 7, 1, 0, 15, NULL, 1, 0, '2017-02-27 22:17:09', 1, NULL, NULL),
(773, 27, 312, 7, 1, 1, 17, NULL, 1, 0, '2017-02-27 22:17:09', 1, '2017-02-27 22:17:29', 1),
(774, 27, 446, 7, 1, 0, 18, NULL, 1, 0, '2017-02-27 22:17:09', 1, NULL, NULL),
(775, 27, 575, 7, 1, 0, 28, NULL, 1, 0, '2017-02-27 22:17:09', 1, NULL, NULL),
(776, 27, 158, 7, 1, 0, 30, NULL, 1, 0, '2017-02-27 22:17:09', 1, NULL, NULL),
(777, 27, 578, 7, 1, 0, 38, NULL, 1, 0, '2017-02-27 22:17:09', 1, NULL, NULL),
(778, 27, 78, 7, 0, 0, 3, NULL, 1, 0, '2017-02-27 22:17:51', 1, NULL, NULL),
(779, 27, 130, 7, 0, 0, 6, NULL, 1, 0, '2017-02-27 22:17:51', 1, NULL, NULL),
(780, 27, 574, 7, 0, 0, 11, NULL, 1, 0, '2017-02-27 22:17:51', 1, NULL, NULL),
(781, 27, 577, 7, 0, 0, 20, NULL, 1, 0, '2017-02-27 22:17:51', 1, NULL, NULL),
(782, 27, 157, 7, 0, 0, 21, NULL, 1, 0, '2017-02-27 22:17:51', 1, NULL, NULL),
(783, 27, 341, 7, 0, 0, 24, NULL, 1, 0, '2017-02-27 22:17:51', 1, NULL, NULL),
(784, 27, 49, 7, 0, 0, 29, NULL, 1, 0, '2017-02-27 22:17:52', 1, NULL, NULL),
(785, 27, 242, 7, 0, 0, 33, NULL, 1, 0, '2017-02-27 22:17:52', 1, NULL, NULL),
(786, 27, 232, 7, 0, 0, 36, NULL, 1, 0, '2017-02-27 22:17:52', 1, NULL, NULL),
(787, 26, 77, 5, 1, 0, 2, NULL, 1, 0, '2017-03-01 09:44:45', 1, NULL, NULL),
(788, 26, 179, 5, 1, 0, 6, NULL, 1, 0, '2017-03-01 09:44:45', 1, NULL, NULL),
(789, 26, 54, 5, 1, 0, 11, NULL, 1, 0, '2017-03-01 09:44:45', 1, NULL, NULL),
(790, 26, 617, 5, 1, 0, 14, NULL, 1, 0, '2017-03-01 09:44:45', 1, NULL, NULL),
(791, 26, 523, 5, 1, 0, 18, NULL, 1, 0, '2017-03-01 09:44:45', 1, NULL, NULL),
(792, 26, 183, 5, 1, 0, 24, NULL, 1, 0, '2017-03-01 09:44:45', 1, NULL, NULL),
(793, 26, 41, 5, 1, 1, 25, NULL, 1, 0, '2017-03-01 09:44:45', 1, '2017-03-01 09:47:34', 1),
(794, 26, 618, 5, 1, 0, 27, NULL, 1, 0, '2017-03-01 09:44:45', 1, NULL, NULL),
(795, 26, 103, 5, 1, 0, 31, NULL, 1, 0, '2017-03-01 09:44:45', 1, NULL, NULL),
(796, 26, 174, 5, 1, 0, 35, NULL, 1, 0, '2017-03-01 09:44:45', 1, NULL, NULL),
(797, 26, 346, 5, 1, 0, 88, NULL, 1, 0, '2017-03-01 09:44:45', 1, NULL, NULL),
(798, 26, 524, 5, 0, 0, 1, NULL, 1, 0, '2017-03-01 09:45:09', 1, NULL, NULL),
(799, 26, 176, 5, 0, 0, 4, NULL, 1, 0, '2017-03-01 09:45:09', 1, NULL, NULL),
(800, 26, 42, 5, 0, 0, 10, NULL, 1, 0, '2017-03-01 09:45:09', 1, NULL, NULL),
(801, 26, 23, 5, 0, 0, 15, NULL, 1, 0, '2017-03-01 09:45:09', 1, NULL, NULL),
(802, 26, 24, 5, 0, 0, 21, NULL, 1, 0, '2017-03-01 09:45:09', 1, NULL, NULL),
(803, 26, 462, 5, 0, 0, 29, NULL, 1, 0, '2017-03-01 09:45:09', 1, NULL, NULL),
(804, 26, 526, 5, 0, 0, 40, NULL, 1, 0, '2017-03-01 09:45:09', 1, NULL, NULL),
(805, 26, 527, 5, 0, 0, 42, NULL, 1, 0, '2017-03-01 09:45:09', 1, NULL, NULL),
(806, 26, 627, 5, 0, 0, 38, NULL, 1, 0, '2017-03-01 09:47:30', 1, NULL, NULL),
(807, 26, 107, 11, 1, 1, 4, NULL, 1, 0, '2017-03-01 09:47:55', 1, '2017-03-01 09:50:14', 1),
(808, 26, 208, 11, 1, 0, 7, NULL, 1, 0, '2017-03-01 09:47:55', 1, NULL, NULL),
(809, 26, 364, 11, 1, 0, 10, NULL, 1, 0, '2017-03-01 09:47:56', 1, NULL, NULL),
(810, 26, 137, 11, 1, 0, 15, NULL, 1, 0, '2017-03-01 09:47:56', 1, NULL, NULL),
(811, 26, 20, 11, 1, 0, 17, NULL, 1, 0, '2017-03-01 09:47:56', 1, NULL, NULL),
(812, 26, 163, 11, 1, 0, 18, NULL, 1, 0, '2017-03-01 09:47:56', 1, NULL, NULL),
(813, 26, 108, 11, 1, 0, 25, NULL, 1, 0, '2017-03-01 09:47:56', 1, NULL, NULL),
(814, 26, 114, 11, 1, 0, 27, NULL, 1, 0, '2017-03-01 09:47:56', 1, NULL, NULL),
(815, 26, 568, 11, 1, 0, 28, NULL, 1, 0, '2017-03-01 09:47:56', 1, NULL, NULL),
(816, 26, 28, 11, 1, 0, 32, NULL, 1, 0, '2017-03-01 09:47:56', 1, NULL, NULL),
(817, 26, 185, 11, 1, 0, 33, NULL, 1, 0, '2017-03-01 09:47:56', 1, NULL, NULL),
(818, 26, 611, 11, 0, 0, 11, NULL, 1, 0, '2017-03-01 09:50:34', 1, NULL, NULL),
(819, 26, 295, 11, 0, 0, 22, NULL, 1, 0, '2017-03-01 09:50:34', 1, NULL, NULL),
(820, 26, 362, 11, 0, 0, 26, NULL, 1, 0, '2017-03-01 09:50:34', 1, NULL, NULL),
(821, 26, 569, 11, 0, 0, 30, NULL, 1, 0, '2017-03-01 09:50:34', 1, NULL, NULL),
(822, 26, 363, 11, 0, 0, 34, NULL, 1, 0, '2017-03-01 09:50:34', 1, NULL, NULL),
(823, 26, 188, 11, 0, 0, 35, NULL, 1, 0, '2017-03-01 09:50:34', 1, NULL, NULL),
(824, 26, 327, 11, 0, 0, 37, NULL, 1, 0, '2017-03-01 09:50:34', 1, NULL, NULL),
(825, 26, 570, 11, 0, 0, 39, NULL, 1, 0, '2017-03-01 09:50:34', 1, NULL, NULL),
(826, 26, 391, 11, 0, 0, 6, NULL, 1, 0, '2017-03-01 09:51:14', 1, NULL, NULL),
(827, 19, 46, 3, 1, 0, 1, NULL, 1, 0, '2017-03-01 10:14:44', 1, NULL, NULL),
(828, 19, 249, 3, 1, 1, 4, NULL, 1, 0, '2017-03-01 10:14:44', 1, '2017-03-01 10:14:49', 1),
(829, 19, 91, 3, 1, 0, 5, NULL, 1, 0, '2017-03-01 10:14:45', 1, NULL, NULL),
(830, 19, 279, 3, 1, 0, 7, NULL, 1, 0, '2017-03-01 10:14:45', 1, NULL, NULL),
(831, 19, 233, 3, 1, 0, 8, NULL, 1, 0, '2017-03-01 10:14:45', 1, NULL, NULL),
(832, 19, 406, 3, 1, 0, 10, NULL, 1, 0, '2017-03-01 10:14:45', 1, NULL, NULL),
(833, 19, 505, 3, 1, 0, 18, NULL, 1, 0, '2017-03-01 10:14:45', 1, NULL, NULL),
(834, 19, 502, 3, 1, 0, 21, NULL, 1, 0, '2017-03-01 10:14:45', 1, NULL, NULL),
(835, 19, 2, 3, 1, 0, 23, NULL, 1, 0, '2017-03-01 10:14:45', 1, NULL, NULL),
(836, 19, 252, 3, 1, 0, 35, NULL, 1, 0, '2017-03-01 10:14:45', 1, NULL, NULL),
(837, 19, 205, 3, 1, 0, 39, NULL, 1, 0, '2017-03-01 10:14:45', 1, NULL, NULL),
(838, 19, 503, 3, 0, 0, 2, NULL, 1, 0, '2017-03-01 10:17:18', 1, NULL, NULL),
(839, 19, 504, 3, 0, 0, 3, NULL, 1, 0, '2017-03-01 10:17:18', 1, NULL, NULL),
(840, 19, 59, 3, 0, 0, 9, NULL, 1, 0, '2017-03-01 10:17:18', 1, NULL, NULL),
(841, 19, 506, 3, 0, 0, 22, NULL, 1, 0, '2017-03-01 10:17:18', 1, NULL, NULL),
(842, 19, 507, 3, 0, 0, 28, NULL, 1, 0, '2017-03-01 10:17:18', 1, NULL, NULL),
(843, 19, 48, 3, 0, 0, 29, NULL, 1, 0, '2017-03-01 10:17:18', 1, NULL, NULL),
(844, 19, 508, 3, 0, 0, 93, NULL, 1, 0, '2017-03-01 10:17:18', 1, NULL, NULL),
(845, 19, 397, 3, 0, 0, 20, NULL, 1, 0, '2017-03-01 10:17:46', 1, NULL, NULL),
(846, 19, 400, 3, 0, 0, 26, NULL, 1, 0, '2017-03-01 10:18:02', 1, NULL, NULL),
(847, 19, 528, 13, 1, 0, 1, NULL, 1, 0, '2017-03-01 10:18:20', 1, NULL, NULL),
(848, 19, 529, 13, 1, 0, 2, NULL, 1, 0, '2017-03-01 10:18:20', 1, NULL, NULL),
(849, 19, 289, 13, 1, 0, 4, NULL, 1, 0, '2017-03-01 10:18:20', 1, NULL, NULL),
(850, 19, 530, 13, 1, 0, 5, NULL, 1, 0, '2017-03-01 10:18:20', 1, NULL, NULL),
(851, 19, 532, 13, 1, 0, 11, NULL, 1, 0, '2017-03-01 10:18:20', 1, NULL, NULL),
(852, 19, 200, 13, 1, 1, 17, NULL, 1, 0, '2017-03-01 10:18:20', 1, '2017-03-01 10:18:27', 1),
(853, 19, 533, 13, 1, 0, 19, NULL, 1, 0, '2017-03-01 10:18:20', 1, NULL, NULL),
(854, 19, 95, 13, 1, 0, 25, NULL, 1, 0, '2017-03-01 10:18:20', 1, NULL, NULL),
(855, 19, 621, 13, 1, 0, 32, NULL, 1, 0, '2017-03-01 10:18:20', 1, NULL, NULL),
(856, 19, 118, 13, 1, 0, 37, NULL, 1, 0, '2017-03-01 10:18:20', 1, NULL, NULL),
(857, 19, 535, 13, 1, 0, 40, NULL, 1, 0, '2017-03-01 10:18:20', 1, NULL, NULL),
(858, 19, 166, 13, 0, 0, 3, NULL, 1, 0, '2017-03-01 10:19:09', 1, NULL, NULL),
(859, 19, 537, 13, 0, 0, 7, NULL, 1, 0, '2017-03-01 10:19:09', 1, NULL, NULL),
(860, 19, 531, 13, 0, 0, 10, NULL, 1, 0, '2017-03-01 10:19:09', 1, NULL, NULL),
(861, 19, 254, 13, 0, 0, 13, NULL, 1, 0, '2017-03-01 10:19:09', 1, NULL, NULL),
(862, 19, 538, 13, 0, 0, 14, NULL, 1, 0, '2017-03-01 10:19:09', 1, NULL, NULL),
(863, 19, 196, 13, 0, 0, 16, NULL, 1, 0, '2017-03-01 10:19:09', 1, NULL, NULL),
(864, 19, 539, 13, 0, 0, 22, NULL, 1, 0, '2017-03-01 10:19:09', 1, NULL, NULL),
(865, 19, 540, 13, 0, 0, 35, NULL, 1, 0, '2017-03-01 10:19:09', 1, NULL, NULL),
(866, 19, 534, 13, 0, 0, 39, NULL, 1, 0, '2017-03-01 10:19:09', 1, NULL, NULL),
(867, 20, 68, 4, 1, 0, 1, NULL, 1, 0, '2017-03-01 10:55:18', 1, NULL, NULL),
(868, 20, 518, 4, 1, 0, 3, NULL, 1, 0, '2017-03-01 10:55:18', 1, NULL, NULL),
(869, 20, 513, 4, 1, 0, 7, NULL, 1, 0, '2017-03-01 10:55:18', 1, NULL, NULL),
(870, 20, 11, 4, 1, 1, 10, NULL, 1, 0, '2017-03-01 10:55:18', 1, '2017-03-01 10:55:23', 1),
(871, 20, 395, 4, 1, 0, 11, NULL, 1, 0, '2017-03-01 10:55:18', 1, NULL, NULL),
(872, 20, 25, 4, 1, 0, 14, NULL, 1, 0, '2017-03-01 10:55:18', 1, NULL, NULL),
(873, 20, 426, 4, 1, 0, 15, NULL, 1, 0, '2017-03-01 10:55:18', 1, NULL, NULL),
(874, 20, 36, 4, 1, 0, 16, NULL, 1, 0, '2017-03-01 10:55:18', 1, NULL, NULL),
(875, 20, 399, 4, 1, 0, 26, NULL, 1, 0, '2017-03-01 10:55:18', 1, NULL, NULL),
(876, 20, 392, 4, 1, 0, 40, NULL, 1, 0, '2017-03-01 10:55:18', 1, NULL, NULL),
(877, 20, 516, 4, 1, 0, 50, NULL, 1, 0, '2017-03-01 10:55:18', 1, NULL, NULL),
(878, 20, 517, 4, 0, 0, 2, NULL, 1, 0, '2017-03-01 10:56:22', 1, NULL, NULL),
(879, 20, 519, 4, 0, 0, 4, NULL, 1, 0, '2017-03-01 10:56:22', 1, NULL, NULL),
(880, 20, 514, 4, 0, 0, 8, NULL, 1, 0, '2017-03-01 10:56:22', 1, NULL, NULL),
(881, 20, 128, 4, 0, 0, 13, NULL, 1, 0, '2017-03-01 10:56:22', 1, NULL, NULL),
(882, 20, 231, 4, 0, 0, 19, NULL, 1, 0, '2017-03-01 10:56:22', 1, NULL, NULL),
(883, 20, 281, 4, 0, 0, 22, NULL, 1, 0, '2017-03-01 10:56:22', 1, NULL, NULL),
(884, 20, 515, 4, 0, 0, 23, NULL, 1, 0, '2017-03-01 10:56:22', 1, NULL, NULL),
(885, 20, 215, 4, 0, 0, 28, NULL, 1, 0, '2017-03-01 10:56:22', 1, NULL, NULL),
(886, 20, 520, 4, 0, 0, 29, NULL, 1, 0, '2017-03-01 10:56:22', 1, NULL, NULL),
(887, 20, 595, 12, 1, 1, 3, NULL, 1, 0, '2017-03-01 10:57:07', 1, '2017-03-01 10:57:13', 1),
(888, 20, 324, 12, 1, 0, 4, NULL, 1, 0, '2017-03-01 10:57:07', 1, NULL, NULL),
(889, 20, 596, 12, 1, 0, 6, NULL, 1, 0, '2017-03-01 10:57:07', 1, NULL, NULL),
(890, 20, 298, 12, 1, 0, 8, NULL, 1, 0, '2017-03-01 10:57:07', 1, NULL, NULL),
(891, 20, 330, 12, 1, 0, 10, NULL, 1, 0, '2017-03-01 10:57:07', 1, NULL, NULL),
(892, 20, 66, 12, 1, 0, 13, NULL, 1, 0, '2017-03-01 10:57:07', 1, NULL, NULL),
(893, 20, 597, 12, 1, 0, 14, NULL, 1, 0, '2017-03-01 10:57:07', 1, NULL, NULL),
(894, 20, 598, 12, 1, 0, 18, NULL, 1, 0, '2017-03-01 10:57:07', 1, NULL, NULL),
(895, 20, 599, 12, 1, 0, 19, NULL, 1, 0, '2017-03-01 10:57:07', 1, NULL, NULL),
(896, 20, 192, 12, 1, 0, 24, NULL, 1, 0, '2017-03-01 10:57:07', 1, NULL, NULL),
(897, 20, 628, 12, 1, 0, 77, NULL, 1, 0, '2017-03-01 10:58:38', 1, NULL, NULL),
(898, 20, 184, 12, 0, 0, 1, NULL, 1, 0, '2017-03-01 10:58:52', 1, NULL, NULL),
(899, 20, 129, 12, 0, 0, 17, NULL, 1, 0, '2017-03-01 10:58:52', 1, NULL, NULL),
(900, 20, 482, 12, 0, 0, 26, NULL, 1, 0, '2017-03-01 10:58:52', 1, NULL, NULL),
(901, 20, 600, 12, 0, 0, 27, NULL, 1, 0, '2017-03-01 10:58:52', 1, NULL, NULL),
(902, 20, 322, 12, 0, 0, 35, NULL, 1, 0, '2017-03-01 10:58:52', 1, NULL, NULL),
(903, 20, 65, 12, 0, 0, 37, NULL, 1, 0, '2017-03-01 10:58:52', 1, NULL, NULL),
(904, 20, 121, 12, 0, 0, 38, NULL, 1, 0, '2017-03-01 10:58:52', 1, NULL, NULL),
(905, 20, 629, 12, 0, 0, 28, NULL, 1, 0, '2017-03-01 10:59:51', 1, NULL, NULL),
(906, 20, 630, 12, 0, 0, 36, NULL, 1, 0, '2017-03-01 11:00:39', 1, NULL, NULL),
(907, 24, 603, 15, 1, 0, 5, NULL, 1, 0, '2017-03-01 11:12:15', 1, NULL, NULL),
(908, 24, 9, 15, 1, 1, 6, NULL, 1, 0, '2017-03-01 11:12:15', 1, '2017-03-01 11:13:49', 1),
(909, 24, 125, 15, 1, 0, 10, NULL, 1, 0, '2017-03-01 11:12:15', 1, NULL, NULL),
(910, 24, 140, 15, 1, 0, 11, NULL, 1, 0, '2017-03-01 11:12:15', 1, NULL, NULL),
(911, 24, 101, 15, 1, 0, 18, NULL, 1, 0, '2017-03-01 11:12:15', 1, NULL, NULL),
(912, 24, 18, 15, 1, 0, 19, NULL, 1, 0, '2017-03-01 11:12:15', 1, NULL, NULL),
(913, 24, 132, 15, 1, 0, 23, NULL, 1, 0, '2017-03-01 11:12:15', 1, NULL, NULL),
(914, 24, 58, 15, 1, 0, 27, NULL, 1, 0, '2017-03-01 11:12:15', 1, NULL, NULL),
(915, 24, 47, 15, 1, 0, 31, NULL, 1, 0, '2017-03-01 11:12:15', 1, NULL, NULL),
(916, 24, 154, 15, 1, 0, 40, NULL, 1, 0, '2017-03-01 11:12:15', 1, NULL, NULL),
(917, 24, 620, 15, 1, 0, 99, NULL, 1, 0, '2017-03-01 11:12:15', 1, NULL, NULL),
(918, 24, 262, 15, 0, 0, 4, NULL, 1, 0, '2017-03-01 11:14:32', 1, NULL, NULL),
(919, 24, 604, 15, 0, 0, 8, NULL, 1, 0, '2017-03-01 11:14:32', 1, NULL, NULL),
(920, 24, 181, 15, 0, 0, 9, NULL, 1, 0, '2017-03-01 11:14:32', 1, NULL, NULL),
(921, 24, 263, 15, 0, 0, 14, NULL, 1, 0, '2017-03-01 11:14:32', 1, NULL, NULL),
(922, 24, 55, 15, 0, 0, 15, NULL, 1, 0, '2017-03-01 11:14:32', 1, NULL, NULL),
(923, 24, 56, 15, 0, 0, 16, NULL, 1, 0, '2017-03-01 11:14:32', 1, NULL, NULL),
(924, 24, 207, 15, 0, 0, 22, NULL, 1, 0, '2017-03-01 11:14:32', 1, NULL, NULL),
(925, 24, 606, 15, 0, 0, 29, NULL, 1, 0, '2017-03-01 11:14:32', 1, NULL, NULL),
(926, 24, 216, 15, 0, 0, 1, NULL, 1, 0, '2017-03-01 11:14:58', 1, NULL, NULL),
(927, 24, 223, 16, 1, 0, 5, NULL, 1, 0, '2017-03-01 11:15:16', 1, NULL, NULL),
(928, 24, 624, 16, 1, 1, 6, NULL, 1, 0, '2017-03-01 11:15:16', 1, '2017-03-01 11:16:09', 1),
(929, 24, 417, 16, 1, 0, 7, NULL, 1, 0, '2017-03-01 11:15:16', 1, NULL, NULL),
(930, 24, 229, 16, 1, 0, 8, NULL, 1, 0, '2017-03-01 11:15:16', 1, NULL, NULL),
(931, 24, 34, 16, 1, 0, 9, NULL, 1, 0, '2017-03-01 11:15:16', 1, NULL, NULL),
(932, 24, 270, 16, 1, 0, 11, NULL, 1, 0, '2017-03-01 11:15:16', 1, NULL, NULL),
(933, 24, 554, 16, 1, 0, 15, NULL, 1, 0, '2017-03-01 11:15:16', 1, NULL, NULL),
(934, 24, 228, 16, 1, 0, 19, NULL, 1, 0, '2017-03-01 11:15:16', 1, NULL, NULL),
(935, 24, 273, 16, 1, 0, 20, NULL, 1, 0, '2017-03-01 11:15:16', 1, NULL, NULL),
(936, 24, 275, 16, 1, 0, 24, NULL, 1, 0, '2017-03-01 11:15:16', 1, NULL, NULL),
(937, 24, 276, 16, 1, 0, 26, NULL, 1, 0, '2017-03-01 11:15:16', 1, NULL, NULL),
(938, 24, 625, 16, 0, 0, 2, NULL, 1, 0, '2017-03-01 11:20:51', 1, NULL, NULL),
(939, 24, 555, 16, 0, 0, 4, NULL, 1, 0, '2017-03-01 11:20:52', 1, NULL, NULL),
(940, 24, 175, 16, 0, 0, 13, NULL, 1, 0, '2017-03-01 11:20:52', 1, NULL, NULL),
(941, 24, 556, 16, 0, 0, 17, NULL, 1, 0, '2017-03-01 11:20:52', 1, NULL, NULL),
(942, 24, 51, 16, 0, 0, 18, NULL, 1, 0, '2017-03-01 11:20:52', 1, NULL, NULL),
(943, 24, 557, 16, 0, 0, 23, NULL, 1, 0, '2017-03-01 11:20:52', 1, NULL, NULL),
(944, 24, 558, 16, 0, 0, 25, NULL, 1, 0, '2017-03-01 11:20:52', 1, NULL, NULL),
(945, 24, 277, 16, 0, 0, 31, NULL, 1, 0, '2017-03-01 11:20:52', 1, NULL, NULL),
(946, 24, 559, 16, 0, 0, 40, NULL, 1, 0, '2017-03-01 11:20:52', 1, NULL, NULL),
(947, 25, 348, 10, 1, 0, 2, NULL, 1, 0, '2017-03-02 09:51:24', 1, NULL, NULL),
(949, 25, 548, 10, 1, 0, 5, NULL, 1, 0, '2017-03-02 09:51:24', 1, NULL, NULL),
(950, 25, 4, 10, 1, 0, 6, NULL, 1, 0, '2017-03-02 09:51:24', 1, NULL, NULL),
(952, 25, 285, 10, 1, 0, 9, NULL, 1, 0, '2017-03-02 09:51:24', 1, NULL, NULL),
(953, 25, 550, 10, 1, 0, 10, NULL, 1, 0, '2017-03-02 09:51:24', 1, NULL, NULL),
(954, 25, 50, 10, 1, 1, 18, NULL, 1, 0, '2017-03-02 09:51:24', 1, '2017-03-02 09:51:40', 1),
(955, 25, 394, 10, 1, 0, 19, NULL, 1, 0, '2017-03-02 09:51:24', 1, NULL, NULL),
(956, 25, 209, 10, 1, 0, 21, NULL, 1, 0, '2017-03-02 09:51:24', 1, NULL, NULL),
(958, 25, 549, 10, 0, 0, 8, NULL, 1, 0, '2017-03-02 09:51:56', 1, NULL, NULL),
(959, 25, 427, 10, 0, 0, 11, NULL, 1, 0, '2017-03-02 09:51:56', 1, NULL, NULL),
(960, 25, 350, 10, 0, 0, 17, NULL, 1, 0, '2017-03-02 09:51:56', 1, NULL, NULL),
(961, 25, 123, 10, 0, 0, 28, NULL, 1, 0, '2017-03-02 09:51:56', 1, NULL, NULL),
(962, 25, 14, 10, 0, 0, 32, NULL, 1, 0, '2017-03-02 09:51:56', 1, NULL, NULL),
(963, 25, 553, 10, 0, 0, 35, NULL, 1, 0, '2017-03-02 09:51:56', 1, NULL, NULL),
(964, 25, 201, 10, 0, 0, 40, NULL, 1, 0, '2017-03-02 09:51:56', 1, NULL, NULL),
(965, 25, 296, 10, 0, 0, 27, NULL, 1, 0, '2017-03-02 09:52:19', 1, NULL, NULL),
(966, 25, 631, 10, 0, 0, 42, NULL, 1, 0, '2017-03-02 09:54:16', 1, NULL, NULL),
(967, 25, 547, 10, 1, 0, 3, NULL, 1, 0, '2017-03-02 09:54:32', 1, NULL, NULL),
(969, 25, 145, 10, 1, 0, 7, NULL, 1, 0, '2017-03-02 09:54:32', 1, NULL, NULL),
(973, 25, 351, 10, 1, 0, 25, NULL, 1, 0, '2017-03-02 09:54:33', 1, NULL, NULL),
(976, 25, 365, 17, 1, 0, 3, NULL, 1, 0, '2017-03-02 09:55:48', 1, NULL, NULL),
(977, 25, 309, 17, 1, 1, 6, NULL, 1, 0, '2017-03-02 09:55:48', 1, '2017-03-02 09:56:11', 1),
(978, 25, 541, 17, 1, 0, 7, NULL, 1, 0, '2017-03-02 09:55:48', 1, NULL, NULL),
(979, 25, 542, 17, 1, 0, 8, NULL, 1, 0, '2017-03-02 09:55:48', 1, NULL, NULL),
(980, 25, 368, 17, 1, 0, 11, NULL, 1, 0, '2017-03-02 09:55:48', 1, NULL, NULL),
(982, 25, 543, 17, 1, 0, 17, NULL, 1, 0, '2017-03-02 09:55:48', 1, NULL, NULL),
(983, 25, 546, 17, 1, 0, 24, NULL, 1, 0, '2017-03-02 09:55:48', 1, NULL, NULL),
(984, 25, 39, 17, 1, 0, 25, NULL, 1, 0, '2017-03-02 09:55:49', 1, NULL, NULL),
(985, 25, 306, 17, 1, 0, 35, NULL, 1, 0, '2017-03-02 09:55:49', 1, NULL, NULL),
(986, 25, 307, 17, 1, 0, 14, NULL, 1, 0, '2017-03-02 09:56:35', 1, NULL, NULL),
(987, 25, 360, 17, 1, 0, 32, NULL, 1, 0, '2017-03-02 09:56:52', 1, NULL, NULL),
(988, 25, 305, 17, 0, 0, 4, NULL, 1, 0, '2017-03-02 09:58:22', 1, NULL, NULL),
(989, 25, 301, 17, 0, 0, 5, NULL, 1, 0, '2017-03-02 09:58:22', 1, NULL, NULL),
(990, 25, 367, 17, 0, 0, 10, NULL, 1, 0, '2017-03-02 09:58:22', 1, NULL, NULL),
(991, 25, 119, 17, 0, 0, 15, NULL, 1, 0, '2017-03-02 09:58:22', 1, NULL, NULL),
(992, 25, 418, 17, 0, 0, 19, NULL, 1, 0, '2017-03-02 09:58:22', 1, NULL, NULL),
(993, 25, 614, 17, 0, 0, 20, NULL, 1, 0, '2017-03-02 09:58:22', 1, NULL, NULL),
(994, 25, 366, 17, 0, 0, 22, NULL, 1, 0, '2017-03-02 09:58:22', 1, NULL, NULL),
(995, 25, 615, 17, 0, 0, 26, NULL, 1, 0, '2017-03-02 09:58:22', 1, NULL, NULL),
(996, 25, 632, 17, 0, 0, 45, NULL, 1, 0, '2017-03-02 09:59:37', 1, NULL, NULL),
(997, 21, 376, 8, 1, 0, 2, NULL, 1, 0, '2017-03-02 10:34:29', 1, NULL, NULL),
(998, 21, 299, 8, 1, 1, 5, NULL, 1, 0, '2017-03-02 10:34:29', 1, '2017-03-02 10:34:50', 1),
(999, 21, 562, 8, 1, 0, 6, NULL, 1, 0, '2017-03-02 10:34:29', 1, NULL, NULL),
(1000, 21, 560, 8, 1, 0, 9, NULL, 1, 0, '2017-03-02 10:34:29', 1, NULL, NULL),
(1001, 21, 217, 8, 1, 0, 10, NULL, 1, 0, '2017-03-02 10:34:29', 1, NULL, NULL),
(1002, 21, 292, 8, 1, 0, 20, NULL, 1, 0, '2017-03-02 10:34:29', 1, NULL, NULL),
(1003, 21, 564, 8, 1, 0, 24, NULL, 1, 0, '2017-03-02 10:34:29', 1, NULL, NULL),
(1004, 21, 300, 8, 1, 0, 27, NULL, 1, 0, '2017-03-02 10:34:29', 1, NULL, NULL),
(1005, 21, 565, 8, 1, 0, 28, NULL, 1, 0, '2017-03-02 10:34:29', 1, NULL, NULL),
(1006, 21, 153, 8, 1, 0, 31, NULL, 1, 0, '2017-03-02 10:34:29', 1, NULL, NULL),
(1007, 21, 144, 8, 1, 0, 35, NULL, 1, 0, '2017-03-02 10:34:29', 1, NULL, NULL),
(1008, 21, 454, 8, 0, 0, 3, NULL, 1, 0, '2017-03-02 10:35:01', 1, NULL, NULL),
(1009, 21, 265, 8, 0, 0, 11, NULL, 1, 0, '2017-03-02 10:35:01', 1, NULL, NULL),
(1010, 21, 89, 8, 0, 0, 13, NULL, 1, 0, '2017-03-02 10:35:01', 1, NULL, NULL),
(1011, 21, 561, 8, 0, 0, 17, NULL, 1, 0, '2017-03-02 10:35:01', 1, NULL, NULL),
(1012, 21, 421, 8, 0, 0, 22, NULL, 1, 0, '2017-03-02 10:35:01', 1, NULL, NULL),
(1013, 21, 219, 8, 0, 0, 34, NULL, 1, 0, '2017-03-02 10:35:01', 1, NULL, NULL),
(1014, 21, 314, 8, 0, 0, 1, NULL, 1, 0, '2017-03-02 10:35:15', 1, NULL, NULL),
(1015, 21, 633, 8, 0, 0, 12, NULL, 1, 0, '2017-03-02 10:37:02', 1, NULL, NULL),
(1016, 21, 195, 8, 0, 0, 14, NULL, 1, 0, '2017-03-02 10:37:15', 1, NULL, NULL),
(1017, 21, 167, 14, 1, 0, 1, NULL, 1, 0, '2017-03-02 10:37:33', 1, NULL, NULL),
(1018, 21, 447, 14, 1, 0, 2, NULL, 1, 0, '2017-03-02 10:37:33', 1, NULL, NULL),
(1019, 21, 608, 14, 1, 0, 4, NULL, 1, 0, '2017-03-02 10:37:33', 1, NULL, NULL),
(1020, 21, 579, 14, 1, 0, 5, NULL, 1, 0, '2017-03-02 10:37:33', 1, NULL, NULL),
(1021, 21, 416, 14, 1, 0, 6, NULL, 1, 0, '2017-03-02 10:37:33', 1, NULL, NULL),
(1022, 21, 72, 14, 1, 1, 8, NULL, 1, 0, '2017-03-02 10:37:34', 1, '2017-03-02 10:37:44', 1),
(1023, 21, 379, 14, 1, 0, 10, NULL, 1, 0, '2017-03-02 10:37:34', 1, NULL, NULL),
(1024, 21, 142, 14, 1, 0, 11, NULL, 1, 0, '2017-03-02 10:37:34', 1, NULL, NULL),
(1025, 21, 415, 14, 1, 0, 14, NULL, 1, 0, '2017-03-02 10:37:34', 1, NULL, NULL),
(1026, 21, 582, 14, 1, 0, 33, NULL, 1, 0, '2017-03-02 10:37:34', 1, NULL, NULL),
(1027, 21, 607, 14, 1, 0, 36, NULL, 1, 0, '2017-03-02 10:37:34', 1, NULL, NULL),
(1028, 21, 583, 14, 0, 0, 3, NULL, 1, 0, '2017-03-02 10:38:32', 1, NULL, NULL),
(1029, 21, 609, 14, 0, 0, 7, NULL, 1, 0, '2017-03-02 10:38:32', 1, NULL, NULL),
(1030, 21, 580, 14, 0, 0, 19, NULL, 1, 0, '2017-03-02 10:38:32', 1, NULL, NULL),
(1031, 21, 5, 14, 0, 0, 23, NULL, 1, 0, '2017-03-02 10:38:32', 1, NULL, NULL),
(1032, 21, 43, 14, 0, 0, 28, NULL, 1, 0, '2017-03-02 10:38:32', 1, NULL, NULL),
(1033, 21, 584, 14, 0, 0, 39, NULL, 1, 0, '2017-03-02 10:38:32', 1, NULL, NULL),
(1034, 21, 585, 14, 0, 0, 77, NULL, 1, 0, '2017-03-02 10:38:32', 1, NULL, NULL),
(1035, 21, 587, 14, 0, 0, 89, NULL, 1, 0, '2017-03-02 10:38:32', 1, NULL, NULL),
(1036, 21, 588, 14, 0, 0, 99, NULL, 1, 0, '2017-03-02 10:38:32', 1, NULL, NULL),
(1037, 22, 325, 9, 1, 0, 5, NULL, 1, 0, '2017-03-02 11:24:25', 1, NULL, NULL),
(1038, 22, 203, 9, 1, 0, 6, NULL, 1, 0, '2017-03-02 11:24:25', 1, NULL, NULL),
(1039, 22, 10, 9, 1, 1, 7, NULL, 1, 0, '2017-03-02 11:24:25', 1, '2017-03-02 11:24:31', 1),
(1040, 22, 374, 9, 1, 0, 9, NULL, 1, 0, '2017-03-02 11:24:26', 1, NULL, NULL),
(1041, 22, 589, 9, 1, 0, 10, NULL, 1, 0, '2017-03-02 11:24:26', 1, NULL, NULL),
(1042, 22, 590, 9, 1, 0, 11, NULL, 1, 0, '2017-03-02 11:24:26', 1, NULL, NULL),
(1043, 22, 381, 9, 1, 0, 14, NULL, 1, 0, '2017-03-02 11:24:26', 1, NULL, NULL),
(1044, 22, 21, 9, 1, 0, 19, NULL, 1, 0, '2017-03-02 11:24:26', 1, NULL, NULL),
(1045, 22, 407, 9, 1, 0, 20, NULL, 1, 0, '2017-03-02 11:24:26', 1, NULL, NULL),
(1046, 22, 26, 9, 1, 0, 28, NULL, 1, 0, '2017-03-02 11:24:26', 1, NULL, NULL),
(1047, 22, 318, 9, 1, 0, 34, NULL, 1, 0, '2017-03-02 11:24:26', 1, NULL, NULL),
(1048, 22, 591, 9, 0, 0, 2, NULL, 1, 0, '2017-03-02 11:24:47', 1, NULL, NULL),
(1049, 22, 448, 9, 0, 0, 4, NULL, 1, 0, '2017-03-02 11:24:47', 1, NULL, NULL),
(1050, 22, 592, 9, 0, 0, 13, NULL, 1, 0, '2017-03-02 11:24:47', 1, NULL, NULL),
(1051, 22, 593, 9, 0, 0, 15, NULL, 1, 0, '2017-03-02 11:24:47', 1, NULL, NULL),
(1052, 22, 97, 9, 0, 0, 17, NULL, 1, 0, '2017-03-02 11:24:47', 1, NULL, NULL),
(1053, 22, 613, 9, 0, 0, 23, NULL, 1, 0, '2017-03-02 11:24:48', 1, NULL, NULL),
(1054, 22, 33, 9, 0, 0, 26, NULL, 1, 0, '2017-03-02 11:24:48', 1, NULL, NULL),
(1055, 22, 594, 9, 0, 0, 40, NULL, 1, 0, '2017-03-02 11:24:48', 1, NULL, NULL),
(1056, 22, 634, 9, 0, 0, 30, NULL, 1, 0, '2017-03-02 11:26:42', 1, NULL, NULL),
(1057, 22, 22, 1, 1, 0, 1, NULL, 1, 0, '2017-03-02 11:27:04', 1, NULL, NULL),
(1058, 22, 413, 1, 1, 0, 3, NULL, 1, 0, '2017-03-02 11:27:04', 1, NULL, NULL),
(1059, 22, 244, 1, 1, 0, 5, NULL, 1, 0, '2017-03-02 11:27:04', 1, NULL, NULL),
(1060, 22, 12, 1, 1, 1, 10, NULL, 1, 0, '2017-03-02 11:27:04', 1, '2017-03-02 11:27:09', 1),
(1061, 22, 259, 1, 1, 0, 11, NULL, 1, 0, '2017-03-02 11:27:04', 1, NULL, NULL),
(1062, 22, 509, 1, 1, 0, 13, NULL, 1, 0, '2017-03-02 11:27:04', 1, NULL, NULL),
(1063, 22, 510, 1, 1, 0, 15, NULL, 1, 0, '2017-03-02 11:27:04', 1, NULL, NULL),
(1064, 22, 235, 1, 1, 0, 18, NULL, 1, 0, '2017-03-02 11:27:04', 1, NULL, NULL),
(1065, 22, 98, 1, 1, 0, 19, NULL, 1, 0, '2017-03-02 11:27:04', 1, NULL, NULL),
(1066, 22, 433, 1, 1, 0, 22, NULL, 1, 0, '2017-03-02 11:27:04', 1, NULL, NULL),
(1067, 22, 512, 1, 1, 0, 29, NULL, 1, 0, '2017-03-02 11:27:04', 1, NULL, NULL),
(1068, 22, 313, 1, 0, 0, 2, NULL, 1, 0, '2017-03-02 11:27:34', 1, NULL, NULL),
(1069, 22, 491, 1, 0, 0, 9, NULL, 1, 0, '2017-03-02 11:27:34', 1, NULL, NULL),
(1070, 22, 511, 1, 0, 0, 16, NULL, 1, 0, '2017-03-02 11:27:34', 1, NULL, NULL),
(1071, 22, 412, 1, 0, 0, 25, NULL, 1, 0, '2017-03-02 11:27:34', 1, NULL, NULL),
(1072, 22, 253, 1, 0, 0, 26, NULL, 1, 0, '2017-03-02 11:27:34', 1, NULL, NULL),
(1073, 22, 126, 1, 0, 0, 28, NULL, 1, 0, '2017-03-02 11:27:35', 1, NULL, NULL),
(1074, 22, 316, 1, 0, 0, 34, NULL, 1, 0, '2017-03-02 11:27:35', 1, NULL, NULL),
(1075, 22, 323, 1, 0, 0, 20, NULL, 1, 0, '2017-03-02 11:27:50', 1, NULL, NULL),
(1076, 22, 152, 1, 0, 0, 33, NULL, 1, 0, '2017-03-02 11:29:05', 1, NULL, NULL),
(1077, 23, 63, 2, 1, 0, 2, NULL, 1, 0, '2017-03-02 11:59:48', 1, NULL, NULL),
(1078, 23, 124, 2, 1, 0, 5, NULL, 1, 0, '2017-03-02 11:59:48', 1, NULL, NULL),
(1079, 23, 37, 2, 1, 1, 8, NULL, 1, 0, '2017-03-02 11:59:48', 1, '2017-03-02 12:00:03', 1),
(1080, 23, 410, 2, 1, 0, 10, NULL, 1, 0, '2017-03-02 11:59:48', 1, NULL, NULL),
(1081, 23, 358, 2, 1, 0, 11, NULL, 1, 0, '2017-03-02 11:59:48', 1, NULL, NULL),
(1082, 23, 13, 2, 1, 0, 14, NULL, 1, 0, '2017-03-02 11:59:48', 1, NULL, NULL),
(1083, 23, 85, 2, 1, 0, 16, NULL, 1, 0, '2017-03-02 11:59:48', 1, NULL, NULL),
(1084, 23, 79, 2, 1, 0, 29, NULL, 1, 0, '2017-03-02 11:59:48', 1, NULL, NULL),
(1085, 23, 120, 2, 1, 0, 34, NULL, 1, 0, '2017-03-02 11:59:48', 1, NULL, NULL),
(1086, 23, 32, 2, 1, 0, 39, NULL, 1, 0, '2017-03-02 11:59:48', 1, NULL, NULL),
(1087, 23, 465, 2, 1, 0, 40, NULL, 1, 0, '2017-03-02 11:59:48', 1, NULL, NULL),
(1088, 23, 150, 2, 0, 0, 7, NULL, 1, 0, '2017-03-02 12:00:22', 1, NULL, NULL),
(1089, 23, 398, 2, 0, 0, 18, NULL, 1, 0, '2017-03-02 12:00:22', 1, NULL, NULL),
(1090, 23, 92, 2, 0, 0, 20, NULL, 1, 0, '2017-03-02 12:00:22', 1, NULL, NULL),
(1091, 23, 212, 2, 0, 0, 21, NULL, 1, 0, '2017-03-02 12:00:23', 1, NULL, NULL),
(1092, 23, 602, 2, 0, 0, 23, NULL, 1, 0, '2017-03-02 12:00:23', 1, NULL, NULL),
(1093, 23, 393, 2, 0, 0, 31, NULL, 1, 0, '2017-03-02 12:00:23', 1, NULL, NULL),
(1094, 23, 245, 2, 0, 0, 3, NULL, 1, 0, '2017-03-02 12:00:39', 1, NULL, NULL),
(1095, 23, 635, 2, 0, 0, 25, NULL, 1, 0, '2017-03-02 12:02:49', 1, NULL, NULL),
(1096, 23, 636, 2, 0, 0, 32, NULL, 1, 0, '2017-03-02 12:03:46', 1, NULL, NULL),
(1097, 23, 492, 18, 1, 0, 4, NULL, 1, 0, '2017-03-02 12:04:15', 1, NULL, NULL),
(1098, 23, 493, 18, 1, 0, 5, NULL, 1, 0, '2017-03-02 12:04:15', 1, NULL, NULL),
(1099, 23, 218, 18, 1, 0, 9, NULL, 1, 0, '2017-03-02 12:04:15', 1, NULL, NULL),
(1100, 23, 155, 18, 1, 0, 13, NULL, 1, 0, '2017-03-02 12:04:15', 1, NULL, NULL),
(1101, 23, 117, 18, 1, 0, 16, NULL, 1, 0, '2017-03-02 12:04:15', 1, NULL, NULL),
(1102, 23, 189, 18, 1, 0, 17, NULL, 1, 0, '2017-03-02 12:04:15', 1, NULL, NULL),
(1103, 23, 355, 18, 1, 0, 18, NULL, 1, 0, '2017-03-02 12:04:15', 1, NULL, NULL),
(1104, 23, 356, 18, 1, 1, 22, NULL, 1, 0, '2017-03-02 12:04:15', 1, '2017-03-02 12:04:36', 1),
(1105, 23, 134, 18, 1, 0, 34, NULL, 1, 0, '2017-03-02 12:04:15', 1, NULL, NULL),
(1106, 23, 45, 18, 1, 0, 99, NULL, 1, 0, '2017-03-02 12:04:15', 1, NULL, NULL),
(1107, 23, 99, 18, 1, 0, 11, NULL, 1, 0, '2017-03-02 12:04:31', 1, NULL, NULL),
(1108, 23, 83, 18, 0, 0, 1, NULL, 1, 0, '2017-03-02 12:04:59', 1, NULL, NULL),
(1109, 23, 62, 18, 0, 0, 6, NULL, 1, 0, '2017-03-02 12:04:59', 1, NULL, NULL),
(1110, 23, 76, 18, 0, 0, 8, NULL, 1, 0, '2017-03-02 12:04:59', 1, NULL, NULL),
(1111, 23, 494, 18, 0, 0, 10, NULL, 1, 0, '2017-03-02 12:04:59', 1, NULL, NULL),
(1112, 23, 187, 18, 0, 0, 14, NULL, 1, 0, '2017-03-02 12:04:59', 1, NULL, NULL),
(1113, 23, 191, 18, 0, 0, 20, NULL, 1, 0, '2017-03-02 12:04:59', 1, NULL, NULL),
(1114, 23, 288, 18, 0, 0, 23, NULL, 1, 0, '2017-03-02 12:04:59', 1, NULL, NULL),
(1115, 23, 637, 18, 0, 0, 30, NULL, 1, 0, '2017-03-02 12:06:07', 1, NULL, NULL),
(1116, 23, 432, 18, 0, 0, 40, NULL, 1, 0, '2017-03-02 12:06:14', 1, NULL, NULL),
(1126, 32, 492, 18, 1, 0, 4, NULL, 1, 0, '2017-03-05 22:37:27', 1, NULL, NULL),
(1127, 32, 493, 18, 1, 0, 5, NULL, 1, 0, '2017-03-05 22:37:27', 1, NULL, NULL),
(1128, 32, 218, 18, 1, 0, 9, NULL, 1, 0, '2017-03-05 22:37:27', 1, NULL, NULL),
(1129, 32, 117, 18, 1, 0, 16, NULL, 1, 0, '2017-03-05 22:37:27', 1, NULL, NULL),
(1130, 32, 189, 18, 1, 0, 17, NULL, 1, 0, '2017-03-05 22:37:27', 1, NULL, NULL),
(1131, 32, 280, 18, 1, 0, 19, NULL, 1, 0, '2017-03-05 22:37:27', 1, NULL, NULL),
(1132, 32, 356, 18, 1, 1, 22, NULL, 1, 0, '2017-03-05 22:37:27', 1, '2017-03-05 22:40:11', 1),
(1133, 32, 637, 18, 1, 0, 30, NULL, 1, 0, '2017-03-05 22:37:27', 1, NULL, NULL),
(1134, 32, 134, 18, 1, 0, 34, NULL, 1, 0, '2017-03-05 22:37:28', 1, NULL, NULL),
(1135, 32, 610, 18, 1, 0, 39, NULL, 1, 0, '2017-03-05 22:37:28', 1, NULL, NULL),
(1136, 32, 45, 18, 1, 0, 99, NULL, 1, 0, '2017-03-05 22:37:28', 1, NULL, NULL),
(1137, 32, 83, 18, 0, 0, 1, NULL, 1, 0, '2017-03-05 22:37:51', 1, NULL, NULL),
(1138, 32, 76, 18, 0, 0, 8, NULL, 1, 0, '2017-03-05 22:37:51', 1, NULL, NULL),
(1139, 32, 494, 18, 0, 0, 10, NULL, 1, 0, '2017-03-05 22:37:51', 1, NULL, NULL),
(1140, 32, 155, 18, 0, 0, 13, NULL, 1, 0, '2017-03-05 22:37:51', 1, NULL, NULL),
(1141, 32, 187, 18, 0, 0, 14, NULL, 1, 0, '2017-03-05 22:37:51', 1, NULL, NULL),
(1142, 32, 355, 18, 0, 0, 18, NULL, 1, 0, '2017-03-05 22:37:51', 1, NULL, NULL),
(1143, 32, 191, 18, 0, 0, 20, NULL, 1, 0, '2017-03-05 22:37:51', 1, NULL, NULL),
(1144, 32, 288, 18, 0, 0, 23, NULL, 1, 0, '2017-03-05 22:37:51', 1, NULL, NULL),
(1145, 32, 260, 18, 0, 0, 15, NULL, 1, 0, '2017-03-05 22:39:22', 1, NULL, NULL),
(1146, 32, 603, 15, 1, 0, 5, NULL, 1, 0, '2017-03-05 22:40:00', 1, NULL, NULL),
(1147, 32, 9, 15, 1, 1, 6, NULL, 1, 0, '2017-03-05 22:40:00', 1, '2017-03-05 22:40:18', 1),
(1148, 32, 604, 15, 1, 0, 8, NULL, 1, 0, '2017-03-05 22:40:00', 1, NULL, NULL),
(1149, 32, 125, 15, 1, 0, 10, NULL, 1, 0, '2017-03-05 22:40:00', 1, NULL, NULL),
(1150, 32, 140, 15, 1, 0, 11, NULL, 1, 0, '2017-03-05 22:40:00', 1, NULL, NULL),
(1151, 32, 101, 15, 1, 0, 18, NULL, 1, 0, '2017-03-05 22:40:00', 1, NULL, NULL),
(1152, 32, 18, 15, 1, 0, 19, NULL, 1, 0, '2017-03-05 22:40:00', 1, NULL, NULL),
(1153, 32, 132, 15, 1, 0, 23, NULL, 1, 0, '2017-03-05 22:40:00', 1, NULL, NULL),
(1154, 32, 58, 15, 1, 0, 27, NULL, 1, 0, '2017-03-05 22:40:00', 1, NULL, NULL),
(1155, 32, 47, 15, 1, 0, 31, NULL, 1, 0, '2017-03-05 22:40:00', 1, NULL, NULL),
(1156, 32, 154, 15, 1, 0, 40, NULL, 1, 0, '2017-03-05 22:40:00', 1, NULL, NULL),
(1157, 32, 216, 15, 0, 0, 1, NULL, 1, 0, '2017-03-05 22:40:37', 1, NULL, NULL),
(1158, 32, 262, 15, 0, 0, 4, NULL, 1, 0, '2017-03-05 22:40:37', 1, NULL, NULL),
(1159, 32, 263, 15, 0, 0, 14, NULL, 1, 0, '2017-03-05 22:40:37', 1, NULL, NULL),
(1160, 32, 55, 15, 0, 0, 15, NULL, 1, 0, '2017-03-05 22:40:37', 1, NULL, NULL),
(1161, 32, 56, 15, 0, 0, 16, NULL, 1, 0, '2017-03-05 22:40:37', 1, NULL, NULL),
(1162, 32, 207, 15, 0, 0, 22, NULL, 1, 0, '2017-03-05 22:40:37', 1, NULL, NULL),
(1164, 32, 138, 15, 0, 0, 37, NULL, 1, 0, '2017-03-05 22:41:29', 1, NULL, NULL),
(1165, 32, 149, 15, 0, 0, 39, NULL, 1, 0, '2017-03-05 22:42:29', 1, NULL, NULL),
(1166, 32, 639, 15, 0, 0, 21, NULL, 1, 0, '2017-03-05 22:45:21', 1, NULL, NULL),
(1167, 30, 223, 16, 1, 0, 5, NULL, 1, 0, '2017-03-05 22:56:29', 1, NULL, NULL),
(1168, 30, 624, 16, 1, 1, 6, NULL, 1, 0, '2017-03-05 22:56:29', 1, '2017-03-05 22:56:36', 1),
(1169, 30, 417, 16, 1, 0, 7, NULL, 1, 0, '2017-03-05 22:56:29', 1, NULL, NULL),
(1170, 30, 229, 16, 1, 0, 8, NULL, 1, 0, '2017-03-05 22:56:29', 1, NULL, NULL),
(1171, 30, 34, 16, 1, 0, 9, NULL, 1, 0, '2017-03-05 22:56:29', 1, NULL, NULL),
(1172, 30, 270, 16, 1, 0, 11, NULL, 1, 0, '2017-03-05 22:56:29', 1, NULL, NULL),
(1173, 30, 554, 16, 1, 0, 15, NULL, 1, 0, '2017-03-05 22:56:29', 1, NULL, NULL),
(1175, 30, 273, 16, 1, 0, 20, NULL, 1, 0, '2017-03-05 22:56:29', 1, NULL, NULL),
(1176, 30, 275, 16, 1, 0, 24, NULL, 1, 0, '2017-03-05 22:56:29', 1, NULL, NULL),
(1178, 30, 267, 16, 0, 0, 1, NULL, 1, 0, '2017-03-05 22:56:54', 1, NULL, NULL),
(1179, 30, 625, 16, 0, 0, 2, NULL, 1, 0, '2017-03-05 22:56:54', 1, NULL, NULL),
(1180, 30, 268, 16, 0, 0, 3, NULL, 1, 0, '2017-03-05 22:56:54', 1, NULL, NULL),
(1181, 30, 227, 16, 0, 0, 12, NULL, 1, 0, '2017-03-05 22:56:54', 1, NULL, NULL),
(1182, 30, 175, 16, 0, 0, 13, NULL, 1, 0, '2017-03-05 22:56:54', 1, NULL, NULL),
(1183, 30, 51, 16, 0, 0, 18, NULL, 1, 0, '2017-03-05 22:56:54', 1, NULL, NULL),
(1184, 30, 558, 16, 0, 0, 25, NULL, 1, 0, '2017-03-05 22:56:54', 1, NULL, NULL),
(1185, 30, 559, 16, 0, 0, 40, NULL, 1, 0, '2017-03-05 22:56:54', 1, NULL, NULL),
(1186, 30, 271, 16, 0, 0, 14, NULL, 1, 0, '2017-03-05 22:57:25', 1, NULL, NULL),
(1191, 30, 228, 16, 1, 0, 19, NULL, 1, 0, '2017-03-05 22:57:45', 1, NULL, NULL),
(1193, 30, 276, 16, 1, 0, 26, NULL, 1, 0, '2017-03-05 22:57:45', 1, NULL, NULL),
(1195, 30, 68, 4, 1, 0, 1, NULL, 1, 0, '2017-03-05 22:58:32', 1, NULL, NULL),
(1196, 30, 513, 4, 1, 0, 7, NULL, 1, 0, '2017-03-05 22:58:32', 1, NULL, NULL),
(1197, 30, 514, 4, 1, 1, 8, NULL, 1, 0, '2017-03-05 22:58:32', 1, '2017-03-05 22:59:15', 1),
(1198, 30, 11, 4, 1, 0, 10, NULL, 1, 0, '2017-03-05 22:58:32', 1, NULL, NULL),
(1199, 30, 25, 4, 1, 0, 14, NULL, 1, 0, '2017-03-05 22:58:32', 1, NULL, NULL),
(1200, 30, 36, 4, 1, 0, 16, NULL, 1, 0, '2017-03-05 22:58:32', 1, NULL, NULL),
(1201, 30, 231, 4, 1, 0, 19, NULL, 1, 0, '2017-03-05 22:58:32', 1, NULL, NULL),
(1202, 30, 515, 4, 1, 0, 23, NULL, 1, 0, '2017-03-05 22:58:32', 1, NULL, NULL),
(1203, 30, 399, 4, 1, 0, 26, NULL, 1, 0, '2017-03-05 22:58:32', 1, NULL, NULL),
(1204, 30, 392, 4, 1, 0, 40, NULL, 1, 0, '2017-03-05 22:58:32', 1, NULL, NULL),
(1205, 30, 516, 4, 1, 0, 50, NULL, 1, 0, '2017-03-05 22:58:32', 1, NULL, NULL),
(1206, 30, 517, 4, 0, 0, 2, NULL, 1, 0, '2017-03-05 22:59:44', 1, NULL, NULL),
(1207, 30, 518, 4, 0, 0, 3, NULL, 1, 0, '2017-03-05 22:59:44', 1, NULL, NULL),
(1208, 30, 519, 4, 0, 0, 4, NULL, 1, 0, '2017-03-05 22:59:44', 1, NULL, NULL),
(1209, 30, 128, 4, 0, 0, 13, NULL, 1, 0, '2017-03-05 22:59:44', 1, NULL, NULL),
(1210, 30, 426, 4, 0, 0, 15, NULL, 1, 0, '2017-03-05 22:59:44', 1, NULL, NULL),
(1211, 30, 281, 4, 0, 0, 22, NULL, 1, 0, '2017-03-05 22:59:44', 1, NULL, NULL),
(1212, 30, 215, 4, 0, 0, 28, NULL, 1, 0, '2017-03-05 22:59:44', 1, NULL, NULL),
(1213, 30, 520, 4, 0, 0, 29, NULL, 1, 0, '2017-03-05 22:59:44', 1, NULL, NULL),
(1214, 30, 640, 4, 0, 0, 20, NULL, 1, 0, '2017-03-05 23:02:13', 1, NULL, NULL),
(1215, 31, 107, 11, 1, 1, 4, NULL, 1, 0, '2017-03-05 23:49:58', 1, '2017-03-05 23:50:03', 1),
(1216, 31, 567, 11, 1, 0, 5, NULL, 1, 0, '2017-03-05 23:49:58', 1, NULL, NULL),
(1217, 31, 208, 11, 1, 0, 7, NULL, 1, 0, '2017-03-05 23:49:58', 1, NULL, NULL),
(1218, 31, 364, 11, 1, 0, 10, NULL, 1, 0, '2017-03-05 23:49:58', 1, NULL, NULL),
(1219, 31, 137, 11, 1, 0, 15, NULL, 1, 0, '2017-03-05 23:49:58', 1, NULL, NULL),
(1220, 31, 20, 11, 1, 0, 17, NULL, 1, 0, '2017-03-05 23:49:58', 1, NULL, NULL),
(1221, 31, 163, 11, 1, 0, 18, NULL, 1, 0, '2017-03-05 23:49:58', 1, NULL, NULL),
(1222, 31, 295, 11, 1, 0, 22, NULL, 1, 0, '2017-03-05 23:49:58', 1, NULL, NULL),
(1223, 31, 568, 11, 1, 0, 28, NULL, 1, 0, '2017-03-05 23:49:58', 1, NULL, NULL),
(1224, 31, 28, 11, 1, 0, 32, NULL, 1, 0, '2017-03-05 23:49:59', 1, NULL, NULL),
(1225, 31, 185, 11, 1, 0, 33, NULL, 1, 0, '2017-03-05 23:49:59', 1, NULL, NULL),
(1226, 31, 241, 11, 0, 0, 9, NULL, 1, 0, '2017-03-05 23:50:26', 1, NULL, NULL),
(1227, 31, 108, 11, 0, 0, 25, NULL, 1, 0, '2017-03-05 23:50:26', 1, NULL, NULL),
(1228, 31, 362, 11, 0, 0, 26, NULL, 1, 0, '2017-03-05 23:50:26', 1, NULL, NULL),
(1229, 31, 114, 11, 0, 0, 27, NULL, 1, 0, '2017-03-05 23:50:26', 1, NULL, NULL),
(1230, 31, 569, 11, 0, 0, 30, NULL, 1, 0, '2017-03-05 23:50:27', 1, NULL, NULL),
(1231, 31, 188, 11, 0, 0, 35, NULL, 1, 0, '2017-03-05 23:50:27', 1, NULL, NULL),
(1232, 31, 327, 11, 0, 0, 37, NULL, 1, 0, '2017-03-05 23:50:27', 1, NULL, NULL),
(1233, 31, 570, 11, 0, 0, 39, NULL, 1, 0, '2017-03-05 23:50:27', 1, NULL, NULL),
(1234, 31, 571, 11, 0, 0, 99, NULL, 1, 0, '2017-03-05 23:50:27', 1, NULL, NULL),
(1235, 31, 595, 12, 1, 1, 3, NULL, 1, 0, '2017-03-05 23:52:12', 1, '2017-03-05 23:52:16', 1),
(1236, 31, 324, 12, 1, 0, 4, NULL, 1, 0, '2017-03-05 23:52:12', 1, NULL, NULL),
(1237, 31, 596, 12, 1, 0, 6, NULL, 1, 0, '2017-03-05 23:52:12', 1, NULL, NULL),
(1238, 31, 298, 12, 1, 0, 8, NULL, 1, 0, '2017-03-05 23:52:13', 1, NULL, NULL),
(1239, 31, 330, 12, 1, 0, 10, NULL, 1, 0, '2017-03-05 23:52:13', 1, NULL, NULL),
(1240, 31, 319, 12, 1, 0, 11, NULL, 1, 0, '2017-03-05 23:52:13', 1, NULL, NULL),
(1241, 31, 66, 12, 1, 0, 13, NULL, 1, 0, '2017-03-05 23:52:13', 1, NULL, NULL),
(1242, 31, 597, 12, 1, 0, 14, NULL, 1, 0, '2017-03-05 23:52:13', 1, NULL, NULL),
(1243, 31, 192, 12, 1, 0, 24, NULL, 1, 0, '2017-03-05 23:52:13', 1, NULL, NULL),
(1244, 31, 322, 12, 1, 0, 35, NULL, 1, 0, '2017-03-05 23:52:13', 1, NULL, NULL),
(1245, 31, 628, 12, 1, 0, 77, NULL, 1, 0, '2017-03-05 23:52:13', 1, NULL, NULL),
(1246, 31, 184, 12, 0, 0, 1, NULL, 1, 0, '2017-03-05 23:52:39', 1, NULL, NULL),
(1247, 31, 129, 12, 0, 0, 17, NULL, 1, 0, '2017-03-05 23:52:39', 1, NULL, NULL),
(1248, 31, 598, 12, 0, 0, 18, NULL, 1, 0, '2017-03-05 23:52:39', 1, NULL, NULL),
(1249, 31, 599, 12, 0, 0, 19, NULL, 1, 0, '2017-03-05 23:52:39', 1, NULL, NULL),
(1250, 31, 600, 12, 0, 0, 27, NULL, 1, 0, '2017-03-05 23:52:39', 1, NULL, NULL),
(1251, 31, 629, 12, 0, 0, 28, NULL, 1, 0, '2017-03-05 23:52:39', 1, NULL, NULL),
(1252, 31, 630, 12, 0, 0, 36, NULL, 1, 0, '2017-03-05 23:52:39', 1, NULL, NULL),
(1253, 31, 65, 12, 0, 0, 37, NULL, 1, 0, '2017-03-05 23:52:39', 1, NULL, NULL),
(1254, 31, 121, 12, 0, 0, 38, NULL, 1, 0, '2017-03-05 23:52:39', 1, NULL, NULL),
(1255, 29, 583, 14, 1, 0, 3, NULL, 1, 0, '2017-03-06 21:42:17', 1, NULL, NULL),
(1256, 29, 579, 14, 1, 0, 5, NULL, 1, 0, '2017-03-06 21:42:17', 1, NULL, NULL),
(1257, 29, 72, 14, 1, 1, 8, NULL, 1, 0, '2017-03-06 21:42:17', 1, '2017-03-06 21:46:51', 1),
(1258, 29, 379, 14, 1, 0, 10, NULL, 1, 0, '2017-03-06 21:42:17', 1, NULL, NULL),
(1259, 29, 142, 14, 1, 0, 11, NULL, 1, 0, '2017-03-06 21:42:17', 1, NULL, NULL),
(1260, 29, 580, 14, 1, 0, 19, NULL, 1, 0, '2017-03-06 21:42:17', 1, NULL, NULL),
(1261, 29, 581, 14, 1, 0, 21, NULL, 1, 0, '2017-03-06 21:42:17', 1, NULL, NULL),
(1262, 29, 5, 14, 1, 0, 23, NULL, 1, 0, '2017-03-06 21:42:18', 1, NULL, NULL),
(1263, 29, 582, 14, 1, 0, 33, NULL, 1, 0, '2017-03-06 21:42:18', 1, NULL, NULL),
(1264, 29, 641, 14, 1, 0, 18, NULL, 1, 0, '2017-03-06 21:43:48', 1, NULL, NULL),
(1265, 29, 642, 14, 1, 0, 22, NULL, 1, 0, '2017-03-06 21:44:30', 1, NULL, NULL),
(1266, 29, 167, 14, 0, 0, 1, NULL, 1, 0, '2017-03-06 21:44:45', 1, NULL, NULL),
(1267, 29, 447, 14, 0, 0, 2, NULL, 1, 0, '2017-03-06 21:44:45', 1, NULL, NULL),
(1268, 29, 416, 14, 0, 0, 6, NULL, 1, 0, '2017-03-06 21:44:45', 1, NULL, NULL),
(1269, 29, 415, 14, 0, 0, 14, NULL, 1, 0, '2017-03-06 21:44:45', 1, NULL, NULL),
(1270, 29, 43, 14, 0, 0, 28, NULL, 1, 0, '2017-03-06 21:44:45', 1, NULL, NULL),
(1271, 29, 375, 14, 0, 0, 69, NULL, 1, 0, '2017-03-06 21:44:45', 1, NULL, NULL),
(1272, 29, 585, 14, 0, 0, 77, NULL, 1, 0, '2017-03-06 21:44:45', 1, NULL, NULL),
(1273, 29, 643, 14, 0, 0, 13, NULL, 1, 0, '2017-03-06 21:45:27', 1, NULL, NULL),
(1274, 29, 644, 14, 0, 0, 25, NULL, 1, 0, '2017-03-06 21:46:06', 1, NULL, NULL),
(1275, 29, 591, 9, 1, 0, 2, NULL, 1, 0, '2017-03-06 21:46:43', 1, NULL, NULL),
(1276, 29, 325, 9, 1, 0, 5, NULL, 1, 0, '2017-03-06 21:46:43', 1, NULL, NULL),
(1277, 29, 10, 9, 1, 1, 7, NULL, 1, 0, '2017-03-06 21:46:43', 1, '2017-03-06 21:46:55', 1),
(1278, 29, 374, 9, 1, 0, 9, NULL, 1, 0, '2017-03-06 21:46:43', 1, NULL, NULL),
(1279, 29, 589, 9, 1, 0, 10, NULL, 1, 0, '2017-03-06 21:46:43', 1, NULL, NULL),
(1280, 29, 590, 9, 1, 0, 11, NULL, 1, 0, '2017-03-06 21:46:43', 1, NULL, NULL),
(1281, 29, 407, 9, 1, 0, 20, NULL, 1, 0, '2017-03-06 21:46:44', 1, NULL, NULL),
(1282, 29, 613, 9, 1, 0, 23, NULL, 1, 0, '2017-03-06 21:46:44', 1, NULL, NULL),
(1283, 29, 443, 9, 1, 0, 24, NULL, 1, 0, '2017-03-06 21:46:44', 1, NULL, NULL),
(1284, 29, 26, 9, 1, 0, 28, NULL, 1, 0, '2017-03-06 21:46:44', 1, NULL, NULL),
(1285, 29, 318, 9, 1, 0, 34, NULL, 1, 0, '2017-03-06 21:46:44', 1, NULL, NULL),
(1286, 29, 448, 9, 0, 0, 4, NULL, 1, 0, '2017-03-06 21:47:17', 1, NULL, NULL),
(1287, 29, 203, 9, 0, 0, 6, NULL, 1, 0, '2017-03-06 21:47:17', 1, NULL, NULL),
(1288, 29, 592, 9, 0, 0, 13, NULL, 1, 0, '2017-03-06 21:47:17', 1, NULL, NULL),
(1289, 29, 593, 9, 0, 0, 15, NULL, 1, 0, '2017-03-06 21:47:17', 1, NULL, NULL),
(1290, 29, 97, 9, 0, 0, 17, NULL, 1, 0, '2017-03-06 21:47:17', 1, NULL, NULL),
(1291, 29, 21, 9, 0, 0, 19, NULL, 1, 0, '2017-03-06 21:47:17', 1, NULL, NULL),
(1292, 29, 225, 9, 0, 0, 21, NULL, 1, 0, '2017-03-06 21:47:17', 1, NULL, NULL),
(1293, 29, 33, 9, 0, 0, 26, NULL, 1, 0, '2017-03-06 21:47:17', 1, NULL, NULL),
(1294, 29, 594, 9, 0, 0, 40, NULL, 1, 0, '2017-03-06 21:47:17', 1, NULL, NULL),
(1295, 34, 46, 3, 1, 0, 1, NULL, 1, 0, '2017-03-06 22:04:31', 1, NULL, NULL),
(1296, 34, 249, 3, 1, 1, 4, NULL, 1, 0, '2017-03-06 22:04:31', 1, '2017-03-06 22:04:33', 1),
(1297, 34, 91, 3, 1, 0, 5, NULL, 1, 0, '2017-03-06 22:04:31', 1, NULL, NULL),
(1298, 34, 279, 3, 1, 0, 7, NULL, 1, 0, '2017-03-06 22:04:31', 1, NULL, NULL),
(1299, 34, 233, 3, 1, 0, 8, NULL, 1, 0, '2017-03-06 22:04:31', 1, NULL, NULL),
(1300, 34, 406, 3, 1, 0, 10, NULL, 1, 0, '2017-03-06 22:04:31', 1, NULL, NULL),
(1301, 34, 505, 3, 1, 0, 18, NULL, 1, 0, '2017-03-06 22:04:31', 1, NULL, NULL),
(1302, 34, 502, 3, 1, 0, 21, NULL, 1, 0, '2017-03-06 22:04:31', 1, NULL, NULL),
(1303, 34, 2, 3, 1, 0, 23, NULL, 1, 0, '2017-03-06 22:04:31', 1, NULL, NULL),
(1304, 34, 252, 3, 1, 0, 35, NULL, 1, 0, '2017-03-06 22:04:31', 1, NULL, NULL),
(1305, 34, 205, 3, 1, 0, 39, NULL, 1, 0, '2017-03-06 22:04:31', 1, NULL, NULL),
(1306, 34, 503, 3, 0, 0, 2, NULL, 1, 0, '2017-03-06 22:04:54', 1, NULL, NULL),
(1307, 34, 504, 3, 0, 0, 3, NULL, 1, 0, '2017-03-06 22:04:54', 1, NULL, NULL),
(1308, 34, 59, 3, 0, 0, 9, NULL, 1, 0, '2017-03-06 22:04:54', 1, NULL, NULL),
(1309, 34, 397, 3, 0, 0, 20, NULL, 1, 0, '2017-03-06 22:04:54', 1, NULL, NULL),
(1310, 34, 506, 3, 0, 0, 22, NULL, 1, 0, '2017-03-06 22:04:54', 1, NULL, NULL),
(1311, 34, 400, 3, 0, 0, 26, NULL, 1, 0, '2017-03-06 22:04:54', 1, NULL, NULL),
(1312, 34, 507, 3, 0, 0, 28, NULL, 1, 0, '2017-03-06 22:04:54', 1, NULL, NULL),
(1313, 34, 48, 3, 0, 0, 29, NULL, 1, 0, '2017-03-06 22:04:54', 1, NULL, NULL),
(1314, 34, 508, 3, 0, 0, 93, NULL, 1, 0, '2017-03-06 22:04:54', 1, NULL, NULL),
(1315, 34, 291, 6, 1, 1, 3, NULL, 1, 0, '2017-03-06 22:05:23', 1, '2017-03-06 22:05:26', 1),
(1316, 34, 102, 6, 1, 0, 7, NULL, 1, 0, '2017-03-06 22:05:23', 1, NULL, NULL),
(1317, 34, 332, 6, 1, 0, 9, NULL, 1, 0, '2017-03-06 22:05:23', 1, NULL, NULL),
(1318, 34, 496, 6, 1, 0, 10, NULL, 1, 0, '2017-03-06 22:05:23', 1, NULL, NULL),
(1319, 34, 497, 6, 1, 0, 11, NULL, 1, 0, '2017-03-06 22:05:23', 1, NULL, NULL),
(1320, 34, 199, 6, 1, 0, 13, NULL, 1, 0, '2017-03-06 22:05:23', 1, NULL, NULL),
(1321, 34, 104, 6, 1, 0, 17, NULL, 1, 0, '2017-03-06 22:05:23', 1, NULL, NULL),
(1322, 34, 57, 6, 1, 0, 19, NULL, 1, 0, '2017-03-06 22:05:23', 1, NULL, NULL),
(1323, 34, 105, 6, 1, 0, 27, NULL, 1, 0, '2017-03-06 22:05:23', 1, NULL, NULL),
(1324, 34, 335, 6, 1, 0, 31, NULL, 1, 0, '2017-03-06 22:05:23', 1, NULL, NULL),
(1325, 34, 499, 6, 1, 0, 37, NULL, 1, 0, '2017-03-06 22:05:23', 1, NULL, NULL),
(1326, 34, 500, 6, 0, 0, 5, NULL, 1, 0, '2017-03-06 22:05:45', 1, NULL, NULL),
(1327, 34, 498, 6, 0, 0, 18, NULL, 1, 0, '2017-03-06 22:05:45', 1, NULL, NULL),
(1328, 34, 266, 6, 0, 0, 24, NULL, 1, 0, '2017-03-06 22:05:46', 1, NULL, NULL),
(1329, 34, 75, 6, 0, 0, 32, NULL, 1, 0, '2017-03-06 22:05:46', 1, NULL, NULL),
(1330, 34, 238, 6, 0, 0, 35, NULL, 1, 0, '2017-03-06 22:05:46', 1, NULL, NULL),
(1331, 34, 645, 6, 0, 0, 16, NULL, 1, 0, '2017-03-06 22:06:43', 1, NULL, NULL),
(1332, 34, 646, 6, 0, 0, 38, NULL, 1, 0, '2017-03-06 22:07:11', 1, NULL, NULL),
(1333, 28, 528, 13, 1, 0, 1, NULL, 1, 0, '2017-03-07 11:40:18', 1, NULL, NULL),
(1334, 28, 166, 13, 1, 0, 3, NULL, 1, 0, '2017-03-07 11:40:18', 1, NULL, NULL),
(1335, 28, 289, 13, 1, 0, 4, NULL, 1, 0, '2017-03-07 11:40:19', 1, NULL, NULL),
(1336, 28, 622, 13, 1, 0, 8, NULL, 1, 0, '2017-03-07 11:40:19', 1, NULL, NULL),
(1337, 28, 532, 13, 1, 0, 11, NULL, 1, 0, '2017-03-07 11:40:19', 1, NULL, NULL),
(1338, 28, 196, 13, 1, 0, 16, NULL, 1, 0, '2017-03-07 11:40:19', 1, NULL, NULL),
(1339, 28, 200, 13, 1, 1, 17, NULL, 1, 0, '2017-03-07 11:40:19', 1, '2017-03-07 11:40:27', 1),
(1340, 28, 95, 13, 1, 0, 25, NULL, 1, 0, '2017-03-07 11:40:19', 1, NULL, NULL),
(1341, 28, 621, 13, 1, 0, 32, NULL, 1, 0, '2017-03-07 11:40:19', 1, NULL, NULL),
(1342, 28, 540, 13, 1, 0, 35, NULL, 1, 0, '2017-03-07 11:40:19', 1, NULL, NULL);
INSERT INTO `match_player` (`id`, `match_id`, `player_id`, `club_id`, `start_11`, `captain`, `shirt_no`, `description`, `status`, `deleted`, `created_date`, `created_by`, `modified_date`, `modified_by`) VALUES
(1343, 28, 118, 13, 1, 0, 37, NULL, 1, 0, '2017-03-07 11:40:19', 1, NULL, NULL),
(1344, 28, 530, 13, 0, 0, 5, NULL, 1, 0, '2017-03-07 11:40:44', 1, NULL, NULL),
(1345, 28, 536, 13, 0, 0, 6, NULL, 1, 0, '2017-03-07 11:40:44', 1, NULL, NULL),
(1346, 28, 537, 13, 0, 0, 7, NULL, 1, 0, '2017-03-07 11:40:44', 1, NULL, NULL),
(1347, 28, 254, 13, 0, 0, 13, NULL, 1, 0, '2017-03-07 11:40:44', 1, NULL, NULL),
(1348, 28, 538, 13, 0, 0, 14, NULL, 1, 0, '2017-03-07 11:40:44', 1, NULL, NULL),
(1349, 28, 533, 13, 0, 0, 19, NULL, 1, 0, '2017-03-07 11:40:44', 1, NULL, NULL),
(1350, 28, 539, 13, 0, 0, 22, NULL, 1, 0, '2017-03-07 11:40:44', 1, NULL, NULL),
(1351, 28, 534, 13, 0, 0, 39, NULL, 1, 0, '2017-03-07 11:40:44', 1, NULL, NULL),
(1352, 28, 165, 13, 0, 0, 24, NULL, 1, 0, '2017-03-07 11:41:10', 1, NULL, NULL),
(1353, 28, 376, 8, 1, 0, 2, NULL, 1, 0, '2017-03-07 11:41:44', 1, NULL, NULL),
(1354, 28, 299, 8, 1, 1, 5, NULL, 1, 0, '2017-03-07 11:41:44', 1, '2017-03-07 11:41:50', 1),
(1355, 28, 562, 8, 1, 0, 6, NULL, 1, 0, '2017-03-07 11:41:44', 1, NULL, NULL),
(1356, 28, 217, 8, 1, 0, 10, NULL, 1, 0, '2017-03-07 11:41:44', 1, NULL, NULL),
(1357, 28, 292, 8, 1, 0, 20, NULL, 1, 0, '2017-03-07 11:41:44', 1, NULL, NULL),
(1358, 28, 564, 8, 1, 0, 24, NULL, 1, 0, '2017-03-07 11:41:44', 1, NULL, NULL),
(1359, 28, 300, 8, 1, 0, 27, NULL, 1, 0, '2017-03-07 11:41:44', 1, NULL, NULL),
(1360, 28, 565, 8, 1, 0, 28, NULL, 1, 0, '2017-03-07 11:41:44', 1, NULL, NULL),
(1361, 28, 153, 8, 1, 0, 31, NULL, 1, 0, '2017-03-07 11:41:44', 1, NULL, NULL),
(1362, 28, 144, 8, 1, 0, 35, NULL, 1, 0, '2017-03-07 11:41:44', 1, NULL, NULL),
(1363, 28, 243, 8, 1, 0, 4, NULL, 1, 0, '2017-03-07 11:42:13', 1, NULL, NULL),
(1364, 28, 454, 8, 0, 0, 3, NULL, 1, 0, '2017-03-07 11:42:31', 1, NULL, NULL),
(1365, 28, 423, 8, 0, 0, 7, NULL, 1, 0, '2017-03-07 11:42:31', 1, NULL, NULL),
(1366, 28, 560, 8, 0, 0, 9, NULL, 1, 0, '2017-03-07 11:42:31', 1, NULL, NULL),
(1367, 28, 265, 8, 0, 0, 11, NULL, 1, 0, '2017-03-07 11:42:31', 1, NULL, NULL),
(1368, 28, 89, 8, 0, 0, 13, NULL, 1, 0, '2017-03-07 11:42:32', 1, NULL, NULL),
(1369, 28, 195, 8, 0, 0, 14, NULL, 1, 0, '2017-03-07 11:42:32', 1, NULL, NULL),
(1370, 28, 563, 8, 0, 0, 18, NULL, 1, 0, '2017-03-07 11:42:32', 1, NULL, NULL),
(1371, 28, 421, 8, 0, 0, 22, NULL, 1, 0, '2017-03-07 11:42:32', 1, NULL, NULL),
(1372, 28, 257, 8, 0, 0, 15, NULL, 1, 0, '2017-03-07 11:42:56', 1, NULL, NULL),
(1373, 36, 365, 17, 1, 0, 3, NULL, 1, 0, '2017-03-07 11:49:59', 1, NULL, NULL),
(1374, 36, 301, 17, 1, 0, 5, NULL, 1, 0, '2017-03-07 11:49:59', 1, NULL, NULL),
(1375, 36, 309, 17, 1, 1, 6, NULL, 1, 0, '2017-03-07 11:49:59', 1, '2017-03-07 11:50:16', 1),
(1376, 36, 541, 17, 1, 0, 7, NULL, 1, 0, '2017-03-07 11:49:59', 1, NULL, NULL),
(1377, 36, 542, 17, 1, 0, 8, NULL, 1, 0, '2017-03-07 11:49:59', 1, NULL, NULL),
(1378, 36, 368, 17, 1, 0, 11, NULL, 1, 0, '2017-03-07 11:49:59', 1, NULL, NULL),
(1379, 36, 307, 17, 1, 0, 14, NULL, 1, 0, '2017-03-07 11:49:59', 1, NULL, NULL),
(1380, 36, 543, 17, 1, 0, 17, NULL, 1, 0, '2017-03-07 11:49:59', 1, NULL, NULL),
(1381, 36, 546, 17, 1, 0, 24, NULL, 1, 0, '2017-03-07 11:49:59', 1, NULL, NULL),
(1382, 36, 39, 17, 1, 0, 25, NULL, 1, 0, '2017-03-07 11:49:59', 1, NULL, NULL),
(1383, 36, 306, 17, 1, 0, 35, NULL, 1, 0, '2017-03-07 11:49:59', 1, NULL, NULL),
(1384, 36, 304, 17, 0, 0, 1, NULL, 1, 0, '2017-03-07 11:49:59', 1, NULL, NULL),
(1385, 36, 305, 17, 0, 0, 4, NULL, 1, 0, '2017-03-07 11:49:59', 1, NULL, NULL),
(1386, 36, 119, 17, 0, 0, 15, NULL, 1, 0, '2017-03-07 11:49:59', 1, NULL, NULL),
(1387, 36, 418, 17, 0, 0, 19, NULL, 1, 0, '2017-03-07 11:49:59', 1, NULL, NULL),
(1388, 36, 366, 17, 0, 0, 22, NULL, 1, 0, '2017-03-07 11:49:59', 1, NULL, NULL),
(1389, 36, 615, 17, 0, 0, 26, NULL, 1, 0, '2017-03-07 11:49:59', 1, NULL, NULL),
(1390, 36, 372, 17, 0, 0, 27, NULL, 1, 0, '2017-03-07 11:49:59', 1, NULL, NULL),
(1391, 36, 86, 2, 1, 0, 1, NULL, 1, 0, '2017-03-07 11:49:59', 1, NULL, NULL),
(1392, 36, 63, 2, 1, 0, 2, NULL, 1, 0, '2017-03-07 11:49:59', 1, NULL, NULL),
(1393, 36, 124, 2, 1, 0, 5, NULL, 1, 0, '2017-03-07 11:50:00', 1, NULL, NULL),
(1394, 36, 150, 2, 1, 0, 7, NULL, 1, 0, '2017-03-07 11:50:00', 1, NULL, NULL),
(1395, 36, 37, 2, 1, 1, 8, NULL, 1, 0, '2017-03-07 11:50:00', 1, '2017-03-07 11:51:14', 1),
(1396, 36, 410, 2, 1, 0, 10, NULL, 1, 0, '2017-03-07 11:50:00', 1, NULL, NULL),
(1397, 36, 13, 2, 1, 0, 14, NULL, 1, 0, '2017-03-07 11:50:00', 1, NULL, NULL),
(1398, 36, 85, 2, 1, 0, 16, NULL, 1, 0, '2017-03-07 11:50:00', 1, NULL, NULL),
(1399, 36, 79, 2, 1, 0, 29, NULL, 1, 0, '2017-03-07 11:50:00', 1, NULL, NULL),
(1400, 36, 32, 2, 1, 0, 39, NULL, 1, 0, '2017-03-07 11:50:00', 1, NULL, NULL),
(1401, 36, 465, 2, 1, 0, 40, NULL, 1, 0, '2017-03-07 11:50:00', 1, NULL, NULL),
(1402, 36, 245, 2, 0, 0, 3, NULL, 1, 0, '2017-03-07 11:50:00', 1, NULL, NULL),
(1403, 36, 359, 2, 0, 0, 13, NULL, 1, 0, '2017-03-07 11:50:00', 1, NULL, NULL),
(1404, 36, 398, 2, 0, 0, 18, NULL, 1, 0, '2017-03-07 11:50:00', 1, NULL, NULL),
(1405, 36, 92, 2, 0, 0, 20, NULL, 1, 0, '2017-03-07 11:50:00', 1, NULL, NULL),
(1406, 36, 602, 2, 0, 0, 23, NULL, 1, 0, '2017-03-07 11:50:00', 1, NULL, NULL),
(1407, 36, 636, 2, 0, 0, 32, NULL, 1, 0, '2017-03-07 11:50:00', 1, NULL, NULL),
(1408, 36, 120, 2, 0, 0, 34, NULL, 1, 0, '2017-03-07 11:50:00', 1, NULL, NULL),
(1409, 36, 614, 17, 0, 0, 20, NULL, 1, 0, '2017-03-07 11:50:42', 1, NULL, NULL),
(1410, 36, 74, 17, 0, 0, 29, NULL, 1, 0, '2017-03-07 11:51:02', 1, NULL, NULL),
(1411, 36, 8, 2, 0, 0, 4, NULL, 1, 0, '2017-03-07 11:51:45', 1, NULL, NULL),
(1412, 36, 647, 2, 0, 0, 37, NULL, 1, 0, '2017-03-07 11:53:11', 1, NULL, NULL),
(1413, 33, 220, 7, 1, 0, 4, NULL, 1, 0, '2017-03-07 11:59:04', 1, NULL, NULL),
(1414, 33, 430, 7, 1, 1, 5, NULL, 1, 0, '2017-03-07 11:59:04', 1, '2017-03-07 11:59:08', 1),
(1415, 33, 436, 7, 1, 0, 8, NULL, 1, 0, '2017-03-07 11:59:04', 1, NULL, NULL),
(1416, 33, 572, 7, 1, 0, 9, NULL, 1, 0, '2017-03-07 11:59:04', 1, NULL, NULL),
(1417, 33, 573, 7, 1, 0, 10, NULL, 1, 0, '2017-03-07 11:59:04', 1, NULL, NULL),
(1418, 33, 576, 7, 1, 0, 15, NULL, 1, 0, '2017-03-07 11:59:04', 1, NULL, NULL),
(1419, 33, 312, 7, 1, 0, 17, NULL, 1, 0, '2017-03-07 11:59:04', 1, NULL, NULL),
(1420, 33, 446, 7, 1, 0, 18, NULL, 1, 0, '2017-03-07 11:59:04', 1, NULL, NULL),
(1421, 33, 157, 7, 1, 0, 21, NULL, 1, 0, '2017-03-07 11:59:04', 1, NULL, NULL),
(1422, 33, 575, 7, 1, 0, 28, NULL, 1, 0, '2017-03-07 11:59:04', 1, NULL, NULL),
(1423, 33, 158, 7, 1, 0, 30, NULL, 1, 0, '2017-03-07 11:59:04', 1, NULL, NULL),
(1424, 33, 78, 7, 0, 0, 3, NULL, 1, 0, '2017-03-07 12:00:03', 1, NULL, NULL),
(1425, 33, 130, 7, 0, 0, 6, NULL, 1, 0, '2017-03-07 12:00:04', 1, NULL, NULL),
(1426, 33, 577, 7, 0, 0, 20, NULL, 1, 0, '2017-03-07 12:00:04', 1, NULL, NULL),
(1427, 33, 341, 7, 0, 0, 24, NULL, 1, 0, '2017-03-07 12:00:04', 1, NULL, NULL),
(1428, 33, 49, 7, 0, 0, 29, NULL, 1, 0, '2017-03-07 12:00:04', 1, NULL, NULL),
(1429, 33, 242, 7, 0, 0, 33, NULL, 1, 0, '2017-03-07 12:00:04', 1, NULL, NULL),
(1430, 33, 232, 7, 0, 0, 36, NULL, 1, 0, '2017-03-07 12:00:04', 1, NULL, NULL),
(1431, 33, 578, 7, 0, 0, 38, NULL, 1, 0, '2017-03-07 12:00:04', 1, NULL, NULL),
(1432, 33, 178, 7, 0, 0, 14, NULL, 1, 0, '2017-03-07 12:00:28', 1, NULL, NULL),
(1433, 33, 348, 10, 1, 0, 2, NULL, 1, 0, '2017-03-07 12:00:57', 1, NULL, NULL),
(1434, 33, 547, 10, 1, 0, 3, NULL, 1, 0, '2017-03-07 12:00:57', 1, NULL, NULL),
(1435, 33, 548, 10, 1, 0, 5, NULL, 1, 0, '2017-03-07 12:00:57', 1, NULL, NULL),
(1436, 33, 4, 10, 1, 0, 6, NULL, 1, 0, '2017-03-07 12:00:57', 1, NULL, NULL),
(1437, 33, 145, 10, 1, 0, 7, NULL, 1, 0, '2017-03-07 12:00:57', 1, NULL, NULL),
(1438, 33, 285, 10, 1, 0, 9, NULL, 1, 0, '2017-03-07 12:00:57', 1, NULL, NULL),
(1439, 33, 550, 10, 1, 0, 10, NULL, 1, 0, '2017-03-07 12:00:57', 1, NULL, NULL),
(1440, 33, 50, 10, 1, 1, 18, NULL, 1, 0, '2017-03-07 12:00:57', 1, '2017-03-07 12:02:01', 1),
(1441, 33, 394, 10, 1, 0, 19, NULL, 1, 0, '2017-03-07 12:00:57', 1, NULL, NULL),
(1442, 33, 201, 10, 1, 0, 40, NULL, 1, 0, '2017-03-07 12:00:57', 1, NULL, NULL),
(1443, 33, 40, 10, 1, 0, 4, NULL, 1, 0, '2017-03-07 12:01:16', 1, NULL, NULL),
(1444, 33, 549, 10, 0, 0, 8, NULL, 1, 0, '2017-03-07 12:02:31', 1, NULL, NULL),
(1445, 33, 350, 10, 0, 0, 17, NULL, 1, 0, '2017-03-07 12:02:31', 1, NULL, NULL),
(1446, 33, 551, 10, 0, 0, 20, NULL, 1, 0, '2017-03-07 12:02:31', 1, NULL, NULL),
(1447, 33, 209, 10, 0, 0, 21, NULL, 1, 0, '2017-03-07 12:02:32', 1, NULL, NULL),
(1448, 33, 351, 10, 0, 0, 25, NULL, 1, 0, '2017-03-07 12:02:32', 1, NULL, NULL),
(1449, 33, 123, 10, 0, 0, 28, NULL, 1, 0, '2017-03-07 12:02:32', 1, NULL, NULL),
(1450, 33, 14, 10, 0, 0, 32, NULL, 1, 0, '2017-03-07 12:02:32', 1, NULL, NULL),
(1451, 33, 553, 10, 0, 0, 35, NULL, 1, 0, '2017-03-07 12:02:32', 1, NULL, NULL),
(1452, 33, 631, 10, 0, 0, 42, NULL, 1, 0, '2017-03-07 12:02:32', 1, NULL, NULL),
(1459, 37, 77, 5, 1, 0, 2, NULL, 1, 0, '2017-03-07 12:10:55', 1, NULL, NULL),
(1460, 37, 176, 5, 1, 0, 4, NULL, 1, 0, '2017-03-07 12:10:56', 1, NULL, NULL),
(1461, 37, 179, 5, 1, 0, 6, NULL, 1, 0, '2017-03-07 12:10:56', 1, NULL, NULL),
(1462, 37, 54, 5, 1, 0, 11, NULL, 1, 0, '2017-03-07 12:10:56', 1, NULL, NULL),
(1463, 37, 523, 5, 1, 0, 18, NULL, 1, 0, '2017-03-07 12:10:56', 1, NULL, NULL),
(1464, 37, 24, 5, 1, 0, 21, NULL, 1, 0, '2017-03-07 12:10:56', 1, NULL, NULL),
(1465, 37, 41, 5, 1, 1, 25, NULL, 1, 0, '2017-03-07 12:10:56', 1, '2017-03-07 12:11:01', 1),
(1466, 37, 618, 5, 1, 0, 27, NULL, 1, 0, '2017-03-07 12:10:56', 1, NULL, NULL),
(1467, 37, 462, 5, 1, 0, 29, NULL, 1, 0, '2017-03-07 12:10:56', 1, NULL, NULL),
(1468, 37, 174, 5, 1, 0, 35, NULL, 1, 0, '2017-03-07 12:10:56', 1, NULL, NULL),
(1469, 37, 346, 5, 1, 0, 88, NULL, 1, 0, '2017-03-07 12:10:56', 1, NULL, NULL),
(1470, 37, 524, 5, 0, 0, 1, NULL, 1, 0, '2017-03-07 12:13:06', 1, NULL, NULL),
(1471, 37, 42, 5, 0, 0, 10, NULL, 1, 0, '2017-03-07 12:13:06', 1, NULL, NULL),
(1472, 37, 617, 5, 0, 0, 14, NULL, 1, 0, '2017-03-07 12:13:06', 1, NULL, NULL),
(1473, 37, 23, 5, 0, 0, 15, NULL, 1, 0, '2017-03-07 12:13:06', 1, NULL, NULL),
(1474, 37, 183, 5, 0, 0, 24, NULL, 1, 0, '2017-03-07 12:13:07', 1, NULL, NULL),
(1475, 37, 103, 5, 0, 0, 31, NULL, 1, 0, '2017-03-07 12:13:07', 1, NULL, NULL),
(1476, 37, 627, 5, 0, 0, 38, NULL, 1, 0, '2017-03-07 12:13:07', 1, NULL, NULL),
(1477, 37, 526, 5, 0, 0, 40, NULL, 1, 0, '2017-03-07 12:13:07', 1, NULL, NULL),
(1478, 37, 527, 5, 0, 0, 42, NULL, 1, 0, '2017-03-07 12:13:07', 1, NULL, NULL),
(1479, 37, 22, 1, 1, 0, 1, NULL, 1, 0, '2017-03-07 12:13:38', 1, NULL, NULL),
(1480, 37, 413, 1, 1, 0, 3, NULL, 1, 0, '2017-03-07 12:13:38', 1, NULL, NULL),
(1481, 37, 244, 1, 1, 0, 5, NULL, 1, 0, '2017-03-07 12:13:38', 1, NULL, NULL),
(1482, 37, 491, 1, 1, 0, 9, NULL, 1, 0, '2017-03-07 12:13:38', 1, NULL, NULL),
(1483, 37, 12, 1, 1, 1, 10, NULL, 1, 0, '2017-03-07 12:13:38', 1, '2017-03-07 12:13:43', 1),
(1484, 37, 259, 1, 1, 0, 11, NULL, 1, 0, '2017-03-07 12:13:39', 1, NULL, NULL),
(1485, 37, 509, 1, 1, 0, 13, NULL, 1, 0, '2017-03-07 12:13:39', 1, NULL, NULL),
(1486, 37, 510, 1, 1, 0, 15, NULL, 1, 0, '2017-03-07 12:13:39', 1, NULL, NULL),
(1487, 37, 235, 1, 1, 0, 18, NULL, 1, 0, '2017-03-07 12:13:39', 1, NULL, NULL),
(1488, 37, 98, 1, 1, 0, 19, NULL, 1, 0, '2017-03-07 12:13:39', 1, NULL, NULL),
(1489, 37, 512, 1, 1, 0, 29, NULL, 1, 0, '2017-03-07 12:13:39', 1, NULL, NULL),
(1492, 37, 313, 1, 0, 0, 2, NULL, 1, 0, '2017-03-07 12:14:45', 1, NULL, NULL),
(1493, 37, 511, 1, 0, 0, 16, NULL, 1, 0, '2017-03-07 12:14:45', 1, NULL, NULL),
(1494, 37, 323, 1, 0, 0, 20, NULL, 1, 0, '2017-03-07 12:14:45', 1, NULL, NULL),
(1495, 37, 433, 1, 0, 0, 22, NULL, 1, 0, '2017-03-07 12:14:45', 1, NULL, NULL),
(1496, 37, 412, 1, 0, 0, 25, NULL, 1, 0, '2017-03-07 12:14:45', 1, NULL, NULL),
(1497, 37, 253, 1, 0, 0, 26, NULL, 1, 0, '2017-03-07 12:14:45', 1, NULL, NULL),
(1498, 37, 126, 1, 0, 0, 28, NULL, 1, 0, '2017-03-07 12:14:45', 1, NULL, NULL),
(1499, 37, 152, 1, 0, 0, 33, NULL, 1, 0, '2017-03-07 12:14:45', 1, NULL, NULL),
(1500, 37, 316, 1, 0, 0, 34, NULL, 1, 0, '2017-03-07 12:14:45', 1, NULL, NULL),
(1501, 46, 77, 5, 1, 0, 2, NULL, 1, 0, '2017-03-09 11:25:18', 1, NULL, NULL),
(1502, 46, 176, 5, 1, 0, 4, NULL, 1, 0, '2017-03-09 11:25:18', 1, NULL, NULL),
(1503, 46, 179, 5, 1, 0, 6, NULL, 1, 0, '2017-03-09 11:25:18', 1, NULL, NULL),
(1504, 46, 617, 5, 1, 0, 14, NULL, 1, 0, '2017-03-09 11:25:19', 1, NULL, NULL),
(1505, 46, 523, 5, 1, 0, 18, NULL, 1, 0, '2017-03-09 11:25:19', 1, NULL, NULL),
(1506, 46, 41, 5, 1, 1, 25, NULL, 1, 0, '2017-03-09 11:25:19', 1, '2017-03-09 11:25:27', 1),
(1507, 46, 618, 5, 1, 0, 27, NULL, 1, 0, '2017-03-09 11:25:19', 1, NULL, NULL),
(1508, 46, 462, 5, 1, 0, 29, NULL, 1, 0, '2017-03-09 11:25:19', 1, NULL, NULL),
(1509, 46, 103, 5, 1, 0, 31, NULL, 1, 0, '2017-03-09 11:25:19', 1, NULL, NULL),
(1510, 46, 174, 5, 1, 0, 35, NULL, 1, 0, '2017-03-09 11:25:19', 1, NULL, NULL),
(1511, 46, 346, 5, 1, 0, 88, NULL, 1, 0, '2017-03-09 11:25:19', 1, NULL, NULL),
(1512, 46, 524, 5, 0, 0, 1, NULL, 1, 0, '2017-03-09 11:25:48', 1, NULL, NULL),
(1513, 46, 525, 5, 0, 0, 3, NULL, 1, 0, '2017-03-09 11:25:48', 1, NULL, NULL),
(1514, 46, 54, 5, 0, 0, 11, NULL, 1, 0, '2017-03-09 11:25:48', 1, NULL, NULL),
(1515, 46, 23, 5, 0, 0, 15, NULL, 1, 0, '2017-03-09 11:25:48', 1, NULL, NULL),
(1516, 46, 24, 5, 0, 0, 21, NULL, 1, 0, '2017-03-09 11:25:48', 1, NULL, NULL),
(1517, 46, 183, 5, 0, 0, 24, NULL, 1, 0, '2017-03-09 11:25:48', 1, NULL, NULL),
(1518, 46, 627, 5, 0, 0, 38, NULL, 1, 0, '2017-03-09 11:25:48', 1, NULL, NULL),
(1519, 46, 526, 5, 0, 0, 40, NULL, 1, 0, '2017-03-09 11:25:48', 1, NULL, NULL),
(1520, 46, 42, 5, 0, 0, 10, NULL, 1, 0, '2017-03-09 11:26:25', 1, NULL, NULL),
(1521, 46, 167, 14, 1, 0, 1, NULL, 1, 0, '2017-03-09 11:28:19', 1, NULL, NULL),
(1522, 46, 608, 14, 1, 0, 4, NULL, 1, 0, '2017-03-09 11:28:19', 1, NULL, NULL),
(1523, 46, 416, 14, 1, 0, 6, NULL, 1, 0, '2017-03-09 11:28:19', 1, NULL, NULL),
(1524, 46, 379, 14, 1, 0, 10, NULL, 1, 0, '2017-03-09 11:28:19', 1, NULL, NULL),
(1525, 46, 142, 14, 1, 1, 11, NULL, 1, 0, '2017-03-09 11:28:20', 1, '2017-03-09 11:30:28', 1),
(1526, 46, 643, 14, 1, 0, 13, NULL, 1, 0, '2017-03-09 11:28:20', 1, NULL, NULL),
(1527, 46, 415, 14, 1, 0, 14, NULL, 1, 0, '2017-03-09 11:28:20', 1, NULL, NULL),
(1528, 46, 582, 14, 1, 0, 33, NULL, 1, 0, '2017-03-09 11:28:20', 1, NULL, NULL),
(1529, 46, 375, 14, 1, 0, 69, NULL, 1, 0, '2017-03-09 11:28:20', 1, NULL, NULL),
(1530, 46, 585, 14, 1, 0, 77, NULL, 1, 0, '2017-03-09 11:28:20', 1, NULL, NULL),
(1531, 46, 586, 14, 1, 0, 80, NULL, 1, 0, '2017-03-09 11:28:20', 1, NULL, NULL),
(1532, 46, 447, 14, 0, 0, 2, NULL, 1, 0, '2017-03-09 11:28:57', 1, NULL, NULL),
(1533, 46, 579, 14, 0, 0, 5, NULL, 1, 0, '2017-03-09 11:28:57', 1, NULL, NULL),
(1534, 46, 609, 14, 0, 0, 7, NULL, 1, 0, '2017-03-09 11:28:58', 1, NULL, NULL),
(1535, 46, 581, 14, 0, 0, 21, NULL, 1, 0, '2017-03-09 11:28:58', 1, NULL, NULL),
(1536, 46, 5, 14, 0, 0, 23, NULL, 1, 0, '2017-03-09 11:28:58', 1, NULL, NULL),
(1537, 46, 43, 14, 0, 0, 28, NULL, 1, 0, '2017-03-09 11:28:58', 1, NULL, NULL),
(1538, 46, 584, 14, 0, 0, 39, NULL, 1, 0, '2017-03-09 11:28:58', 1, NULL, NULL),
(1539, 46, 587, 14, 0, 0, 89, NULL, 1, 0, '2017-03-09 11:28:58', 1, NULL, NULL),
(1540, 46, 588, 14, 0, 0, 99, NULL, 1, 0, '2017-03-09 11:28:58', 1, NULL, NULL),
(1541, 40, 68, 4, 1, 0, 1, NULL, 1, 0, '2017-03-09 11:35:47', 1, NULL, NULL),
(1542, 40, 513, 4, 1, 0, 7, NULL, 1, 0, '2017-03-09 11:35:47', 1, NULL, NULL),
(1543, 40, 514, 4, 1, 1, 8, NULL, 1, 0, '2017-03-09 11:35:47', 1, '2017-03-09 11:36:10', 1),
(1544, 40, 11, 4, 1, 0, 10, NULL, 1, 0, '2017-03-09 11:35:47', 1, NULL, NULL),
(1545, 40, 25, 4, 1, 0, 14, NULL, 1, 0, '2017-03-09 11:35:47', 1, NULL, NULL),
(1546, 40, 36, 4, 1, 0, 16, NULL, 1, 0, '2017-03-09 11:35:47', 1, NULL, NULL),
(1547, 40, 231, 4, 1, 0, 19, NULL, 1, 0, '2017-03-09 11:35:47', 1, NULL, NULL),
(1548, 40, 515, 4, 1, 0, 23, NULL, 1, 0, '2017-03-09 11:35:48', 1, NULL, NULL),
(1549, 40, 399, 4, 1, 0, 26, NULL, 1, 0, '2017-03-09 11:35:48', 1, NULL, NULL),
(1550, 40, 392, 4, 1, 0, 40, NULL, 1, 0, '2017-03-09 11:35:48', 1, NULL, NULL),
(1551, 40, 516, 4, 1, 0, 50, NULL, 1, 0, '2017-03-09 11:35:48', 1, NULL, NULL),
(1552, 40, 517, 4, 0, 0, 2, NULL, 1, 0, '2017-03-09 11:36:23', 1, NULL, NULL),
(1553, 40, 518, 4, 0, 0, 3, NULL, 1, 0, '2017-03-09 11:36:23', 1, NULL, NULL),
(1554, 40, 519, 4, 0, 0, 4, NULL, 1, 0, '2017-03-09 11:36:23', 1, NULL, NULL),
(1555, 40, 128, 4, 0, 0, 13, NULL, 1, 0, '2017-03-09 11:36:24', 1, NULL, NULL),
(1556, 40, 426, 4, 0, 0, 15, NULL, 1, 0, '2017-03-09 11:36:24', 1, NULL, NULL),
(1557, 40, 640, 4, 0, 0, 20, NULL, 1, 0, '2017-03-09 11:36:24', 1, NULL, NULL),
(1558, 40, 281, 4, 0, 0, 22, NULL, 1, 0, '2017-03-09 11:36:24', 1, NULL, NULL),
(1559, 40, 215, 4, 0, 0, 28, NULL, 1, 0, '2017-03-09 11:36:24', 1, NULL, NULL),
(1560, 40, 520, 4, 0, 0, 29, NULL, 1, 0, '2017-03-09 11:36:24', 1, NULL, NULL),
(1561, 40, 107, 11, 1, 1, 4, NULL, 1, 0, '2017-03-09 11:37:30', 1, '2017-03-09 11:37:36', 1),
(1562, 40, 567, 11, 1, 0, 5, NULL, 1, 0, '2017-03-09 11:37:30', 1, NULL, NULL),
(1563, 40, 208, 11, 1, 0, 7, NULL, 1, 0, '2017-03-09 11:37:30', 1, NULL, NULL),
(1564, 40, 137, 11, 1, 0, 15, NULL, 1, 0, '2017-03-09 11:37:30', 1, NULL, NULL),
(1565, 40, 20, 11, 1, 0, 17, NULL, 1, 0, '2017-03-09 11:37:30', 1, NULL, NULL),
(1566, 40, 163, 11, 1, 0, 18, NULL, 1, 0, '2017-03-09 11:37:30', 1, NULL, NULL),
(1567, 40, 108, 11, 1, 0, 25, NULL, 1, 0, '2017-03-09 11:37:30', 1, NULL, NULL),
(1568, 40, 114, 11, 1, 0, 27, NULL, 1, 0, '2017-03-09 11:37:31', 1, NULL, NULL),
(1569, 40, 568, 11, 1, 0, 28, NULL, 1, 0, '2017-03-09 11:37:31', 1, NULL, NULL),
(1570, 40, 327, 11, 1, 0, 37, NULL, 1, 0, '2017-03-09 11:37:31', 1, NULL, NULL),
(1571, 40, 571, 11, 1, 0, 99, NULL, 1, 0, '2017-03-09 11:37:31', 1, NULL, NULL),
(1572, 40, 391, 11, 0, 0, 6, NULL, 1, 0, '2017-03-09 11:38:54', 1, NULL, NULL),
(1573, 40, 241, 11, 0, 0, 9, NULL, 1, 0, '2017-03-09 11:38:54', 1, NULL, NULL),
(1574, 40, 295, 11, 0, 0, 22, NULL, 1, 0, '2017-03-09 11:38:54', 1, NULL, NULL),
(1575, 40, 362, 11, 0, 0, 26, NULL, 1, 0, '2017-03-09 11:38:54', 1, NULL, NULL),
(1576, 40, 569, 11, 0, 0, 30, NULL, 1, 0, '2017-03-09 11:38:54', 1, NULL, NULL),
(1577, 40, 185, 11, 0, 0, 33, NULL, 1, 0, '2017-03-09 11:38:54', 1, NULL, NULL),
(1578, 40, 363, 11, 0, 0, 34, NULL, 1, 0, '2017-03-09 11:38:54', 1, NULL, NULL),
(1579, 40, 188, 11, 0, 0, 35, NULL, 1, 0, '2017-03-09 11:38:54', 1, NULL, NULL),
(1580, 40, 570, 11, 0, 0, 39, NULL, 1, 0, '2017-03-09 11:38:54', 1, NULL, NULL),
(1581, 38, 324, 12, 1, 1, 4, NULL, 1, 0, '2017-03-09 11:43:54', 1, '2017-03-09 11:43:57', 1),
(1582, 38, 596, 12, 1, 0, 6, NULL, 1, 0, '2017-03-09 11:43:54', 1, NULL, NULL),
(1583, 38, 298, 12, 1, 0, 8, NULL, 1, 0, '2017-03-09 11:43:54', 1, NULL, NULL),
(1584, 38, 330, 12, 1, 0, 10, NULL, 1, 0, '2017-03-09 11:43:54', 1, NULL, NULL),
(1585, 38, 319, 12, 1, 0, 11, NULL, 1, 0, '2017-03-09 11:43:54', 1, NULL, NULL),
(1586, 38, 66, 12, 1, 0, 13, NULL, 1, 0, '2017-03-09 11:43:54', 1, NULL, NULL),
(1587, 38, 597, 12, 1, 0, 14, NULL, 1, 0, '2017-03-09 11:43:54', 1, NULL, NULL),
(1588, 38, 129, 12, 1, 0, 17, NULL, 1, 0, '2017-03-09 11:43:54', 1, NULL, NULL),
(1589, 38, 598, 12, 1, 0, 18, NULL, 1, 0, '2017-03-09 11:43:54', 1, NULL, NULL),
(1590, 38, 599, 12, 1, 0, 19, NULL, 1, 0, '2017-03-09 11:43:54', 1, NULL, NULL),
(1591, 38, 192, 12, 1, 0, 24, NULL, 1, 0, '2017-03-09 11:43:54', 1, NULL, NULL),
(1592, 38, 184, 12, 0, 0, 1, NULL, 1, 0, '2017-03-09 11:44:51', 1, NULL, NULL),
(1593, 38, 482, 12, 0, 0, 26, NULL, 1, 0, '2017-03-09 11:44:51', 1, NULL, NULL),
(1594, 38, 600, 12, 0, 0, 27, NULL, 1, 0, '2017-03-09 11:44:51', 1, NULL, NULL),
(1595, 38, 322, 12, 0, 0, 35, NULL, 1, 0, '2017-03-09 11:44:51', 1, NULL, NULL),
(1596, 38, 630, 12, 0, 0, 36, NULL, 1, 0, '2017-03-09 11:44:51', 1, NULL, NULL),
(1597, 38, 65, 12, 0, 0, 37, NULL, 1, 0, '2017-03-09 11:44:51', 1, NULL, NULL),
(1598, 38, 121, 12, 0, 0, 38, NULL, 1, 0, '2017-03-09 11:44:51', 1, NULL, NULL),
(1599, 38, 628, 12, 0, 0, 77, NULL, 1, 0, '2017-03-09 11:44:52', 1, NULL, NULL),
(1600, 38, 22, 1, 1, 0, 1, NULL, 1, 0, '2017-03-09 11:46:03', 1, NULL, NULL),
(1601, 38, 313, 1, 1, 0, 2, NULL, 1, 0, '2017-03-09 11:46:03', 1, NULL, NULL),
(1602, 38, 413, 1, 1, 0, 3, NULL, 1, 0, '2017-03-09 11:46:03', 1, NULL, NULL),
(1603, 38, 12, 1, 1, 1, 10, NULL, 1, 0, '2017-03-09 11:46:03', 1, '2017-03-09 11:46:06', 1),
(1604, 38, 259, 1, 1, 0, 11, NULL, 1, 0, '2017-03-09 11:46:03', 1, NULL, NULL),
(1605, 38, 509, 1, 1, 0, 13, NULL, 1, 0, '2017-03-09 11:46:03', 1, NULL, NULL),
(1606, 38, 510, 1, 1, 0, 15, NULL, 1, 0, '2017-03-09 11:46:04', 1, NULL, NULL),
(1607, 38, 235, 1, 1, 0, 18, NULL, 1, 0, '2017-03-09 11:46:04', 1, NULL, NULL),
(1608, 38, 412, 1, 1, 0, 25, NULL, 1, 0, '2017-03-09 11:46:04', 1, NULL, NULL),
(1609, 38, 512, 1, 1, 0, 29, NULL, 1, 0, '2017-03-09 11:46:04', 1, NULL, NULL),
(1610, 38, 152, 1, 1, 0, 33, NULL, 1, 0, '2017-03-09 11:46:04', 1, NULL, NULL),
(1611, 38, 244, 1, 0, 0, 5, NULL, 1, 0, '2017-03-09 11:46:41', 1, NULL, NULL),
(1612, 38, 491, 1, 0, 0, 9, NULL, 1, 0, '2017-03-09 11:46:42', 1, NULL, NULL),
(1613, 38, 511, 1, 0, 0, 16, NULL, 1, 0, '2017-03-09 11:46:42', 1, NULL, NULL),
(1614, 38, 323, 1, 0, 0, 20, NULL, 1, 0, '2017-03-09 11:46:42', 1, NULL, NULL),
(1615, 38, 433, 1, 0, 0, 22, NULL, 1, 0, '2017-03-09 11:46:42', 1, NULL, NULL),
(1616, 38, 253, 1, 0, 0, 26, NULL, 1, 0, '2017-03-09 11:46:42', 1, NULL, NULL),
(1617, 38, 126, 1, 0, 0, 28, NULL, 1, 0, '2017-03-09 11:46:42', 1, NULL, NULL),
(1618, 38, 316, 1, 0, 0, 34, NULL, 1, 0, '2017-03-09 11:46:42', 1, NULL, NULL),
(1619, 38, 230, 1, 0, 0, 14, NULL, 1, 0, '2017-03-09 11:47:08', 1, NULL, NULL),
(1620, 45, 216, 15, 1, 0, 1, NULL, 1, 0, '2017-03-09 11:51:21', 1, NULL, NULL),
(1621, 45, 262, 15, 1, 0, 4, NULL, 1, 0, '2017-03-09 11:51:22', 1, NULL, NULL),
(1622, 45, 603, 15, 1, 0, 5, NULL, 1, 0, '2017-03-09 11:51:22', 1, NULL, NULL),
(1623, 45, 125, 15, 1, 0, 10, NULL, 1, 0, '2017-03-09 11:51:22', 1, NULL, NULL),
(1624, 45, 140, 15, 1, 0, 11, NULL, 1, 0, '2017-03-09 11:51:22', 1, NULL, NULL),
(1625, 45, 55, 15, 1, 1, 15, NULL, 1, 0, '2017-03-09 11:51:22', 1, '2017-03-09 11:51:26', 1),
(1626, 45, 56, 15, 1, 0, 16, NULL, 1, 0, '2017-03-09 11:51:22', 1, NULL, NULL),
(1627, 45, 101, 15, 1, 0, 18, NULL, 1, 0, '2017-03-09 11:51:22', 1, NULL, NULL),
(1628, 45, 132, 15, 1, 0, 23, NULL, 1, 0, '2017-03-09 11:51:22', 1, NULL, NULL),
(1629, 45, 154, 15, 1, 0, 40, NULL, 1, 0, '2017-03-09 11:51:22', 1, NULL, NULL),
(1630, 45, 620, 15, 1, 0, 99, NULL, 1, 0, '2017-03-09 11:51:22', 1, NULL, NULL),
(1631, 45, 9, 15, 0, 0, 6, NULL, 1, 0, '2017-03-09 11:52:47', 1, NULL, NULL),
(1632, 45, 263, 15, 0, 0, 14, NULL, 1, 0, '2017-03-09 11:52:47', 1, NULL, NULL),
(1633, 45, 18, 15, 0, 0, 19, NULL, 1, 0, '2017-03-09 11:52:47', 1, NULL, NULL),
(1634, 45, 639, 15, 0, 0, 21, NULL, 1, 0, '2017-03-09 11:52:47', 1, NULL, NULL),
(1635, 45, 207, 15, 0, 0, 22, NULL, 1, 0, '2017-03-09 11:52:47', 1, NULL, NULL),
(1636, 45, 58, 15, 0, 0, 27, NULL, 1, 0, '2017-03-09 11:52:47', 1, NULL, NULL),
(1637, 45, 47, 15, 0, 0, 31, NULL, 1, 0, '2017-03-09 11:52:47', 1, NULL, NULL),
(1638, 45, 149, 15, 0, 0, 39, NULL, 1, 0, '2017-03-09 11:52:47', 1, NULL, NULL),
(1639, 45, 344, 15, 0, 0, 17, NULL, 1, 0, '2017-03-09 11:53:06', 1, NULL, NULL),
(1640, 45, 304, 17, 1, 0, 1, NULL, 1, 0, '2017-03-09 11:53:40', 1, NULL, NULL),
(1641, 45, 365, 17, 1, 0, 3, NULL, 1, 0, '2017-03-09 11:53:40', 1, NULL, NULL),
(1642, 45, 309, 17, 1, 1, 6, NULL, 1, 0, '2017-03-09 11:53:40', 1, '2017-03-09 11:53:46', 1),
(1643, 45, 542, 17, 1, 0, 8, NULL, 1, 0, '2017-03-09 11:53:40', 1, NULL, NULL),
(1644, 45, 368, 17, 1, 0, 11, NULL, 1, 0, '2017-03-09 11:53:40', 1, NULL, NULL),
(1645, 45, 307, 17, 1, 0, 14, NULL, 1, 0, '2017-03-09 11:53:40', 1, NULL, NULL),
(1646, 45, 543, 17, 1, 0, 17, NULL, 1, 0, '2017-03-09 11:53:40', 1, NULL, NULL),
(1647, 45, 614, 17, 1, 0, 20, NULL, 1, 0, '2017-03-09 11:53:40', 1, NULL, NULL),
(1648, 45, 39, 17, 1, 0, 25, NULL, 1, 0, '2017-03-09 11:53:40', 1, NULL, NULL),
(1649, 45, 360, 17, 1, 0, 32, NULL, 1, 0, '2017-03-09 11:53:41', 1, NULL, NULL),
(1650, 45, 306, 17, 1, 0, 35, NULL, 1, 0, '2017-03-09 11:53:41', 1, NULL, NULL),
(1651, 45, 305, 17, 0, 0, 4, NULL, 1, 0, '2017-03-09 11:54:21', 1, NULL, NULL),
(1652, 45, 301, 17, 0, 0, 5, NULL, 1, 0, '2017-03-09 11:54:21', 1, NULL, NULL),
(1653, 45, 541, 17, 0, 0, 7, NULL, 1, 0, '2017-03-09 11:54:21', 1, NULL, NULL),
(1654, 45, 119, 17, 0, 0, 15, NULL, 1, 0, '2017-03-09 11:54:21', 1, NULL, NULL),
(1655, 45, 418, 17, 0, 0, 19, NULL, 1, 0, '2017-03-09 11:54:21', 1, NULL, NULL),
(1656, 45, 366, 17, 0, 0, 22, NULL, 1, 0, '2017-03-09 11:54:21', 1, NULL, NULL),
(1657, 45, 546, 17, 0, 0, 24, NULL, 1, 0, '2017-03-09 11:54:21', 1, NULL, NULL),
(1658, 45, 615, 17, 0, 0, 26, NULL, 1, 0, '2017-03-09 11:54:21', 1, NULL, NULL),
(1659, 45, 74, 17, 0, 0, 29, NULL, 1, 0, '2017-03-09 11:54:21', 1, NULL, NULL),
(1660, 41, 348, 10, 1, 0, 2, NULL, 1, 0, '2017-03-09 11:58:30', 1, NULL, NULL),
(1661, 41, 547, 10, 1, 0, 3, NULL, 1, 0, '2017-03-09 11:58:30', 1, NULL, NULL),
(1662, 41, 40, 10, 1, 0, 4, NULL, 1, 0, '2017-03-09 11:58:30', 1, NULL, NULL),
(1663, 41, 548, 10, 1, 0, 5, NULL, 1, 0, '2017-03-09 11:58:30', 1, NULL, NULL),
(1664, 41, 4, 10, 1, 0, 6, NULL, 1, 0, '2017-03-09 11:58:30', 1, NULL, NULL),
(1665, 41, 145, 10, 1, 0, 7, NULL, 1, 0, '2017-03-09 11:58:30', 1, NULL, NULL),
(1666, 41, 285, 10, 1, 0, 9, NULL, 1, 0, '2017-03-09 11:58:31', 1, NULL, NULL),
(1667, 41, 550, 10, 1, 0, 10, NULL, 1, 0, '2017-03-09 11:58:31', 1, NULL, NULL),
(1668, 41, 50, 10, 1, 1, 18, NULL, 1, 0, '2017-03-09 11:58:31', 1, '2017-03-09 11:58:33', 1),
(1669, 41, 394, 10, 1, 0, 19, NULL, 1, 0, '2017-03-09 11:58:31', 1, NULL, NULL),
(1670, 41, 552, 10, 1, 0, 34, NULL, 1, 0, '2017-03-09 11:58:31', 1, NULL, NULL),
(1671, 41, 549, 10, 0, 0, 8, NULL, 1, 0, '2017-03-09 12:00:11', 1, NULL, NULL),
(1672, 41, 427, 10, 0, 0, 11, NULL, 1, 0, '2017-03-09 12:00:11', 1, NULL, NULL),
(1673, 41, 350, 10, 0, 0, 17, NULL, 1, 0, '2017-03-09 12:00:11', 1, NULL, NULL),
(1674, 41, 551, 10, 0, 0, 20, NULL, 1, 0, '2017-03-09 12:00:11', 1, NULL, NULL),
(1675, 41, 209, 10, 0, 0, 21, NULL, 1, 0, '2017-03-09 12:00:11', 1, NULL, NULL),
(1676, 41, 351, 10, 0, 0, 25, NULL, 1, 0, '2017-03-09 12:00:11', 1, NULL, NULL),
(1677, 41, 14, 10, 0, 0, 32, NULL, 1, 0, '2017-03-09 12:00:11', 1, NULL, NULL),
(1678, 41, 553, 10, 0, 0, 35, NULL, 1, 0, '2017-03-09 12:00:11', 1, NULL, NULL),
(1679, 41, 201, 10, 0, 0, 40, NULL, 1, 0, '2017-03-09 12:00:12', 1, NULL, NULL),
(1680, 41, 46, 3, 1, 0, 1, NULL, 1, 0, '2017-03-09 12:01:01', 1, NULL, NULL),
(1681, 41, 249, 3, 1, 1, 4, NULL, 1, 0, '2017-03-09 12:01:02', 1, '2017-03-09 12:01:06', 1),
(1682, 41, 91, 3, 1, 0, 5, NULL, 1, 0, '2017-03-09 12:01:02', 1, NULL, NULL),
(1683, 41, 279, 3, 1, 0, 7, NULL, 1, 0, '2017-03-09 12:01:02', 1, NULL, NULL),
(1684, 41, 233, 3, 1, 0, 8, NULL, 1, 0, '2017-03-09 12:01:02', 1, NULL, NULL),
(1685, 41, 502, 3, 1, 0, 21, NULL, 1, 0, '2017-03-09 12:01:02', 1, NULL, NULL),
(1686, 41, 506, 3, 1, 0, 22, NULL, 1, 0, '2017-03-09 12:01:02', 1, NULL, NULL),
(1687, 41, 2, 3, 1, 0, 23, NULL, 1, 0, '2017-03-09 12:01:02', 1, NULL, NULL),
(1688, 41, 507, 3, 1, 0, 28, NULL, 1, 0, '2017-03-09 12:01:02', 1, NULL, NULL),
(1689, 41, 252, 3, 1, 0, 35, NULL, 1, 0, '2017-03-09 12:01:02', 1, NULL, NULL),
(1690, 41, 205, 3, 1, 0, 39, NULL, 1, 0, '2017-03-09 12:01:02', 1, NULL, NULL),
(1691, 41, 503, 3, 0, 0, 2, NULL, 1, 0, '2017-03-09 12:01:42', 1, NULL, NULL),
(1692, 41, 504, 3, 0, 0, 3, NULL, 1, 0, '2017-03-09 12:01:42', 1, NULL, NULL),
(1693, 41, 59, 3, 0, 0, 9, NULL, 1, 0, '2017-03-09 12:01:42', 1, NULL, NULL),
(1694, 41, 397, 3, 0, 0, 20, NULL, 1, 0, '2017-03-09 12:01:42', 1, NULL, NULL),
(1695, 41, 400, 3, 0, 0, 26, NULL, 1, 0, '2017-03-09 12:01:42', 1, NULL, NULL),
(1696, 41, 48, 3, 0, 0, 29, NULL, 1, 0, '2017-03-09 12:01:42', 1, NULL, NULL),
(1697, 41, 508, 3, 0, 0, 93, NULL, 1, 0, '2017-03-09 12:01:42', 1, NULL, NULL),
(1698, 44, 454, 8, 1, 0, 3, NULL, 1, 0, '2017-03-09 13:23:36', 1, NULL, NULL),
(1699, 44, 299, 8, 1, 1, 5, NULL, 1, 0, '2017-03-09 13:23:36', 1, '2017-03-09 13:23:40', 1),
(1700, 44, 560, 8, 1, 0, 9, NULL, 1, 0, '2017-03-09 13:23:36', 1, NULL, NULL),
(1701, 44, 217, 8, 1, 0, 10, NULL, 1, 0, '2017-03-09 13:23:36', 1, NULL, NULL),
(1702, 44, 89, 8, 1, 0, 13, NULL, 1, 0, '2017-03-09 13:23:36', 1, NULL, NULL),
(1703, 44, 195, 8, 1, 0, 14, NULL, 1, 0, '2017-03-09 13:23:36', 1, NULL, NULL),
(1704, 44, 257, 8, 1, 0, 15, NULL, 1, 0, '2017-03-09 13:23:36', 1, NULL, NULL),
(1705, 44, 292, 8, 1, 0, 20, NULL, 1, 0, '2017-03-09 13:23:36', 1, NULL, NULL),
(1706, 44, 300, 8, 1, 0, 27, NULL, 1, 0, '2017-03-09 13:23:36', 1, NULL, NULL),
(1707, 44, 565, 8, 1, 0, 28, NULL, 1, 0, '2017-03-09 13:23:36', 1, NULL, NULL),
(1708, 44, 219, 8, 1, 0, 34, NULL, 1, 0, '2017-03-09 13:23:36', 1, NULL, NULL),
(1709, 44, 376, 8, 0, 0, 2, NULL, 1, 0, '2017-03-09 13:24:09', 1, NULL, NULL),
(1710, 44, 243, 8, 0, 0, 4, NULL, 1, 0, '2017-03-09 13:24:09', 1, NULL, NULL),
(1711, 44, 423, 8, 0, 0, 7, NULL, 1, 0, '2017-03-09 13:24:09', 1, NULL, NULL),
(1712, 44, 265, 8, 0, 0, 11, NULL, 1, 0, '2017-03-09 13:24:09', 1, NULL, NULL),
(1713, 44, 561, 8, 0, 0, 17, NULL, 1, 0, '2017-03-09 13:24:09', 1, NULL, NULL),
(1714, 44, 563, 8, 0, 0, 18, NULL, 1, 0, '2017-03-09 13:24:09', 1, NULL, NULL),
(1715, 44, 564, 8, 0, 0, 24, NULL, 1, 0, '2017-03-09 13:24:09', 1, NULL, NULL),
(1716, 44, 153, 8, 0, 0, 31, NULL, 1, 0, '2017-03-09 13:24:09', 1, NULL, NULL),
(1717, 44, 566, 8, 0, 0, 37, NULL, 1, 0, '2017-03-09 13:24:10', 1, NULL, NULL),
(1718, 44, 291, 6, 1, 1, 3, NULL, 1, 0, '2017-03-09 13:24:50', 1, '2017-03-09 13:24:55', 1),
(1719, 44, 496, 6, 1, 0, 10, NULL, 1, 0, '2017-03-09 13:24:50', 1, NULL, NULL),
(1720, 44, 497, 6, 1, 0, 11, NULL, 1, 0, '2017-03-09 13:24:50', 1, NULL, NULL),
(1721, 44, 199, 6, 1, 0, 13, NULL, 1, 0, '2017-03-09 13:24:50', 1, NULL, NULL),
(1722, 44, 104, 6, 1, 0, 17, NULL, 1, 0, '2017-03-09 13:24:51', 1, NULL, NULL),
(1723, 44, 57, 6, 1, 0, 19, NULL, 1, 0, '2017-03-09 13:24:51', 1, NULL, NULL),
(1724, 44, 266, 6, 1, 0, 24, NULL, 1, 0, '2017-03-09 13:24:51', 1, NULL, NULL),
(1725, 44, 105, 6, 1, 0, 27, NULL, 1, 0, '2017-03-09 13:24:51', 1, NULL, NULL),
(1726, 44, 335, 6, 1, 0, 31, NULL, 1, 0, '2017-03-09 13:24:51', 1, NULL, NULL),
(1727, 44, 238, 6, 1, 0, 35, NULL, 1, 0, '2017-03-09 13:24:51', 1, NULL, NULL),
(1728, 44, 499, 6, 1, 0, 37, NULL, 1, 0, '2017-03-09 13:24:51', 1, NULL, NULL),
(1729, 44, 102, 6, 0, 0, 7, NULL, 1, 0, '2017-03-09 13:25:29', 1, NULL, NULL),
(1730, 44, 331, 6, 0, 0, 8, NULL, 1, 0, '2017-03-09 13:25:29', 1, NULL, NULL),
(1731, 44, 332, 6, 0, 0, 9, NULL, 1, 0, '2017-03-09 13:25:29', 1, NULL, NULL),
(1732, 44, 498, 6, 0, 0, 18, NULL, 1, 0, '2017-03-09 13:25:29', 1, NULL, NULL),
(1733, 44, 75, 6, 0, 0, 32, NULL, 1, 0, '2017-03-09 13:25:29', 1, NULL, NULL),
(1734, 44, 646, 6, 0, 0, 38, NULL, 1, 0, '2017-03-09 13:25:29', 1, NULL, NULL),
(1735, 44, 648, 6, 0, 0, 34, NULL, 1, 0, '2017-03-09 13:28:19', 1, NULL, NULL),
(1736, 39, 325, 9, 1, 0, 5, NULL, 1, 0, '2017-03-09 13:51:36', 1, NULL, NULL),
(1737, 39, 203, 9, 1, 0, 6, NULL, 1, 0, '2017-03-09 13:51:36', 1, NULL, NULL),
(1738, 39, 589, 9, 1, 0, 10, NULL, 1, 0, '2017-03-09 13:51:36', 1, NULL, NULL),
(1739, 39, 590, 9, 1, 0, 11, NULL, 1, 0, '2017-03-09 13:51:36', 1, NULL, NULL),
(1740, 39, 593, 9, 1, 0, 15, NULL, 1, 0, '2017-03-09 13:51:36', 1, NULL, NULL),
(1741, 39, 97, 9, 1, 0, 17, NULL, 1, 0, '2017-03-09 13:51:36', 1, NULL, NULL),
(1742, 39, 21, 9, 1, 1, 19, NULL, 1, 0, '2017-03-09 13:51:36', 1, '2017-03-09 13:51:40', 1),
(1743, 39, 407, 9, 1, 0, 20, NULL, 1, 0, '2017-03-09 13:51:36', 1, NULL, NULL),
(1744, 39, 225, 9, 1, 0, 21, NULL, 1, 0, '2017-03-09 13:51:36', 1, NULL, NULL),
(1745, 39, 613, 9, 1, 0, 23, NULL, 1, 0, '2017-03-09 13:51:36', 1, NULL, NULL),
(1746, 39, 26, 9, 1, 0, 28, NULL, 1, 0, '2017-03-09 13:51:36', 1, NULL, NULL),
(1747, 39, 591, 9, 0, 0, 2, NULL, 1, 0, '2017-03-09 13:52:29', 1, NULL, NULL),
(1748, 39, 10, 9, 0, 0, 7, NULL, 1, 0, '2017-03-09 13:52:29', 1, NULL, NULL),
(1749, 39, 592, 9, 0, 0, 13, NULL, 1, 0, '2017-03-09 13:52:29', 1, NULL, NULL),
(1750, 39, 612, 9, 0, 0, 16, NULL, 1, 0, '2017-03-09 13:52:30', 1, NULL, NULL),
(1751, 39, 443, 9, 0, 0, 24, NULL, 1, 0, '2017-03-09 13:52:30', 1, NULL, NULL),
(1752, 39, 33, 9, 0, 0, 26, NULL, 1, 0, '2017-03-09 13:52:30', 1, NULL, NULL),
(1753, 39, 318, 9, 0, 0, 34, NULL, 1, 0, '2017-03-09 13:52:30', 1, NULL, NULL),
(1754, 39, 594, 9, 0, 0, 40, NULL, 1, 0, '2017-03-09 13:52:30', 1, NULL, NULL),
(1755, 39, 448, 9, 0, 0, 4, NULL, 1, 0, '2017-03-09 13:52:43', 1, NULL, NULL),
(1756, 39, 528, 13, 1, 0, 1, NULL, 1, 0, '2017-03-09 13:54:15', 1, NULL, NULL),
(1757, 39, 166, 13, 1, 0, 3, NULL, 1, 0, '2017-03-09 13:54:15', 1, NULL, NULL),
(1758, 39, 289, 13, 1, 0, 4, NULL, 1, 0, '2017-03-09 13:54:15', 1, NULL, NULL),
(1759, 39, 622, 13, 1, 0, 8, NULL, 1, 0, '2017-03-09 13:54:16', 1, NULL, NULL),
(1760, 39, 532, 13, 1, 0, 11, NULL, 1, 0, '2017-03-09 13:54:16', 1, NULL, NULL),
(1761, 39, 196, 13, 1, 0, 16, NULL, 1, 0, '2017-03-09 13:54:16', 1, NULL, NULL),
(1762, 39, 200, 13, 1, 1, 17, NULL, 1, 0, '2017-03-09 13:54:16', 1, '2017-03-09 13:54:21', 1),
(1763, 39, 95, 13, 1, 0, 25, NULL, 1, 0, '2017-03-09 13:54:16', 1, NULL, NULL),
(1764, 39, 621, 13, 1, 0, 32, NULL, 1, 0, '2017-03-09 13:54:16', 1, NULL, NULL),
(1765, 39, 540, 13, 1, 0, 35, NULL, 1, 0, '2017-03-09 13:54:16', 1, NULL, NULL),
(1766, 39, 118, 13, 1, 0, 37, NULL, 1, 0, '2017-03-09 13:54:16', 1, NULL, NULL),
(1767, 39, 529, 13, 0, 0, 2, NULL, 1, 0, '2017-03-09 13:55:07', 1, NULL, NULL),
(1768, 39, 530, 13, 0, 0, 5, NULL, 1, 0, '2017-03-09 13:55:07', 1, NULL, NULL),
(1769, 39, 537, 13, 0, 0, 7, NULL, 1, 0, '2017-03-09 13:55:07', 1, NULL, NULL),
(1770, 39, 531, 13, 0, 0, 10, NULL, 1, 0, '2017-03-09 13:55:07', 1, NULL, NULL),
(1771, 39, 254, 13, 0, 0, 13, NULL, 1, 0, '2017-03-09 13:55:07', 1, NULL, NULL),
(1772, 39, 538, 13, 0, 0, 14, NULL, 1, 0, '2017-03-09 13:55:07', 1, NULL, NULL),
(1773, 39, 533, 13, 0, 0, 19, NULL, 1, 0, '2017-03-09 13:55:07', 1, NULL, NULL),
(1774, 39, 539, 13, 0, 0, 22, NULL, 1, 0, '2017-03-09 13:55:08', 1, NULL, NULL),
(1775, 39, 165, 13, 0, 0, 24, NULL, 1, 0, '2017-03-09 13:55:08', 1, NULL, NULL),
(1776, 43, 86, 2, 1, 0, 1, NULL, 1, 0, '2017-03-09 13:59:32', 1, NULL, NULL),
(1777, 43, 63, 2, 1, 0, 2, NULL, 1, 0, '2017-03-09 13:59:32', 1, NULL, NULL),
(1778, 43, 150, 2, 1, 0, 7, NULL, 1, 0, '2017-03-09 13:59:32', 1, NULL, NULL),
(1779, 43, 37, 2, 1, 1, 8, NULL, 1, 0, '2017-03-09 13:59:33', 1, '2017-03-09 13:59:39', 1),
(1780, 43, 13, 2, 1, 0, 14, NULL, 1, 0, '2017-03-09 13:59:33', 1, NULL, NULL),
(1781, 43, 398, 2, 1, 0, 18, NULL, 1, 0, '2017-03-09 13:59:33', 1, NULL, NULL),
(1782, 43, 92, 2, 1, 0, 20, NULL, 1, 0, '2017-03-09 13:59:33', 1, NULL, NULL),
(1783, 43, 79, 2, 1, 0, 29, NULL, 1, 0, '2017-03-09 13:59:33', 1, NULL, NULL),
(1784, 43, 636, 2, 1, 0, 32, NULL, 1, 0, '2017-03-09 13:59:33', 1, NULL, NULL),
(1785, 43, 32, 2, 1, 0, 39, NULL, 1, 0, '2017-03-09 13:59:33', 1, NULL, NULL),
(1786, 43, 465, 2, 1, 0, 40, NULL, 1, 0, '2017-03-09 13:59:33', 1, NULL, NULL),
(1787, 43, 245, 2, 0, 0, 3, NULL, 1, 0, '2017-03-09 14:00:14', 1, NULL, NULL),
(1788, 43, 8, 2, 0, 0, 4, NULL, 1, 0, '2017-03-09 14:00:14', 1, NULL, NULL),
(1789, 43, 124, 2, 0, 0, 5, NULL, 1, 0, '2017-03-09 14:00:14', 1, NULL, NULL),
(1790, 43, 410, 2, 0, 0, 10, NULL, 1, 0, '2017-03-09 14:00:14', 1, NULL, NULL),
(1791, 43, 359, 2, 0, 0, 13, NULL, 1, 0, '2017-03-09 14:00:14', 1, NULL, NULL),
(1792, 43, 85, 2, 0, 0, 16, NULL, 1, 0, '2017-03-09 14:00:14', 1, NULL, NULL),
(1793, 43, 222, 2, 0, 0, 22, NULL, 1, 0, '2017-03-09 14:00:14', 1, NULL, NULL),
(1794, 43, 602, 2, 0, 0, 23, NULL, 1, 0, '2017-03-09 14:00:14', 1, NULL, NULL),
(1795, 43, 120, 2, 0, 0, 34, NULL, 1, 0, '2017-03-09 14:00:14', 1, NULL, NULL),
(1802, 43, 220, 7, 1, 0, 4, NULL, 1, 0, '2017-03-09 14:04:24', 1, NULL, NULL),
(1803, 43, 430, 7, 1, 0, 5, NULL, 1, 0, '2017-03-09 14:04:24', 1, NULL, NULL),
(1804, 43, 436, 7, 1, 0, 8, NULL, 1, 0, '2017-03-09 14:04:24', 1, NULL, NULL),
(1805, 43, 572, 7, 1, 0, 9, NULL, 1, 0, '2017-03-09 14:04:24', 1, NULL, NULL),
(1806, 43, 576, 7, 1, 0, 15, NULL, 1, 0, '2017-03-09 14:04:25', 1, NULL, NULL),
(1807, 43, 312, 7, 1, 1, 17, NULL, 1, 0, '2017-03-09 14:04:25', 1, '2017-03-09 14:04:29', 1),
(1808, 43, 446, 7, 1, 0, 18, NULL, 1, 0, '2017-03-09 14:04:25', 1, NULL, NULL),
(1809, 43, 157, 7, 1, 0, 21, NULL, 1, 0, '2017-03-09 14:04:25', 1, NULL, NULL),
(1810, 43, 575, 7, 1, 0, 28, NULL, 1, 0, '2017-03-09 14:04:25', 1, NULL, NULL),
(1811, 43, 158, 7, 1, 0, 30, NULL, 1, 0, '2017-03-09 14:04:25', 1, NULL, NULL),
(1812, 43, 578, 7, 1, 0, 38, NULL, 1, 0, '2017-03-09 14:04:25', 1, NULL, NULL),
(1813, 43, 78, 7, 0, 0, 3, NULL, 1, 0, '2017-03-09 14:05:32', 1, NULL, NULL),
(1814, 43, 130, 7, 0, 0, 6, NULL, 1, 0, '2017-03-09 14:05:32', 1, NULL, NULL),
(1815, 43, 573, 7, 0, 0, 10, NULL, 1, 0, '2017-03-09 14:05:32', 1, NULL, NULL),
(1816, 43, 577, 7, 0, 0, 20, NULL, 1, 0, '2017-03-09 14:05:32', 1, NULL, NULL),
(1817, 43, 341, 7, 0, 0, 24, NULL, 1, 0, '2017-03-09 14:05:32', 1, NULL, NULL),
(1818, 43, 49, 7, 0, 0, 29, NULL, 1, 0, '2017-03-09 14:05:32', 1, NULL, NULL),
(1819, 43, 242, 7, 0, 0, 33, NULL, 1, 0, '2017-03-09 14:05:32', 1, NULL, NULL),
(1820, 43, 232, 7, 0, 0, 36, NULL, 1, 0, '2017-03-09 14:05:32', 1, NULL, NULL),
(1821, 42, 223, 16, 1, 0, 5, NULL, 1, 0, '2017-03-09 14:13:14', 1, NULL, NULL),
(1822, 42, 624, 16, 1, 0, 6, NULL, 1, 0, '2017-03-09 14:13:14', 1, NULL, NULL),
(1823, 42, 417, 16, 1, 0, 7, NULL, 1, 0, '2017-03-09 14:13:14', 1, NULL, NULL),
(1824, 42, 34, 16, 1, 0, 9, NULL, 1, 0, '2017-03-09 14:13:14', 1, NULL, NULL),
(1825, 42, 175, 16, 1, 1, 13, NULL, 1, 0, '2017-03-09 14:13:14', 1, '2017-03-09 14:13:19', 1),
(1826, 42, 554, 16, 1, 0, 15, NULL, 1, 0, '2017-03-09 14:13:14', 1, NULL, NULL),
(1827, 42, 228, 16, 1, 0, 19, NULL, 1, 0, '2017-03-09 14:13:14', 1, NULL, NULL),
(1828, 42, 557, 16, 1, 0, 23, NULL, 1, 0, '2017-03-09 14:13:14', 1, NULL, NULL),
(1829, 42, 276, 16, 1, 0, 26, NULL, 1, 0, '2017-03-09 14:13:14', 1, NULL, NULL),
(1830, 42, 277, 16, 1, 0, 31, NULL, 1, 0, '2017-03-09 14:13:14', 1, NULL, NULL),
(1831, 42, 559, 16, 1, 0, 40, NULL, 1, 0, '2017-03-09 14:13:14', 1, NULL, NULL),
(1832, 42, 625, 16, 0, 0, 2, NULL, 1, 0, '2017-03-09 14:15:15', 1, NULL, NULL),
(1833, 42, 268, 16, 0, 0, 3, NULL, 1, 0, '2017-03-09 14:15:15', 1, NULL, NULL),
(1834, 42, 555, 16, 0, 0, 4, NULL, 1, 0, '2017-03-09 14:15:15', 1, NULL, NULL),
(1835, 42, 229, 16, 0, 0, 8, NULL, 1, 0, '2017-03-09 14:15:15', 1, NULL, NULL),
(1836, 42, 270, 16, 0, 0, 11, NULL, 1, 0, '2017-03-09 14:15:15', 1, NULL, NULL),
(1837, 42, 51, 16, 0, 0, 18, NULL, 1, 0, '2017-03-09 14:15:15', 1, NULL, NULL),
(1838, 42, 273, 16, 0, 0, 20, NULL, 1, 0, '2017-03-09 14:15:15', 1, NULL, NULL),
(1839, 42, 275, 16, 0, 0, 24, NULL, 1, 0, '2017-03-09 14:15:15', 1, NULL, NULL),
(1840, 42, 558, 16, 0, 0, 25, NULL, 1, 0, '2017-03-09 14:15:15', 1, NULL, NULL),
(1841, 42, 83, 18, 1, 0, 1, NULL, 1, 0, '2017-03-09 14:16:05', 1, NULL, NULL),
(1842, 42, 492, 18, 1, 0, 4, NULL, 1, 0, '2017-03-09 14:16:05', 1, NULL, NULL),
(1843, 42, 493, 18, 1, 0, 5, NULL, 1, 0, '2017-03-09 14:16:05', 1, NULL, NULL),
(1844, 42, 76, 18, 1, 0, 8, NULL, 1, 0, '2017-03-09 14:16:05', 1, NULL, NULL),
(1845, 42, 117, 18, 1, 0, 16, NULL, 1, 0, '2017-03-09 14:16:05', 1, NULL, NULL),
(1846, 42, 280, 18, 1, 0, 19, NULL, 1, 0, '2017-03-09 14:16:05', 1, NULL, NULL),
(1847, 42, 191, 18, 1, 0, 20, NULL, 1, 0, '2017-03-09 14:16:05', 1, NULL, NULL),
(1848, 42, 356, 18, 1, 1, 22, NULL, 1, 0, '2017-03-09 14:16:05', 1, '2017-03-09 14:16:11', 1),
(1849, 42, 637, 18, 1, 0, 30, NULL, 1, 0, '2017-03-09 14:16:05', 1, NULL, NULL),
(1850, 42, 134, 18, 1, 0, 34, NULL, 1, 0, '2017-03-09 14:16:05', 1, NULL, NULL),
(1851, 42, 455, 18, 1, 0, 97, NULL, 1, 0, '2017-03-09 14:16:05', 1, NULL, NULL),
(1852, 42, 218, 18, 0, 0, 9, NULL, 1, 0, '2017-03-09 14:17:22', 1, NULL, NULL),
(1853, 42, 494, 18, 0, 0, 10, NULL, 1, 0, '2017-03-09 14:17:22', 1, NULL, NULL),
(1854, 42, 155, 18, 0, 0, 13, NULL, 1, 0, '2017-03-09 14:17:22', 1, NULL, NULL),
(1855, 42, 187, 18, 0, 0, 14, NULL, 1, 0, '2017-03-09 14:17:22', 1, NULL, NULL),
(1856, 42, 355, 18, 0, 0, 18, NULL, 1, 0, '2017-03-09 14:17:22', 1, NULL, NULL),
(1857, 42, 88, 18, 0, 0, 36, NULL, 1, 0, '2017-03-09 14:17:22', 1, NULL, NULL),
(1858, 42, 432, 18, 0, 0, 40, NULL, 1, 0, '2017-03-09 14:17:22', 1, NULL, NULL),
(1859, 42, 45, 18, 0, 0, 99, NULL, 1, 0, '2017-03-09 14:17:22', 1, NULL, NULL),
(1860, 42, 260, 18, 0, 0, 15, NULL, 1, 0, '2017-03-09 14:17:50', 1, NULL, NULL),
(1861, 47, 304, 17, 1, 0, 1, NULL, 1, 0, '2017-03-12 00:21:03', 1, NULL, NULL),
(1862, 47, 365, 17, 1, 0, 3, NULL, 1, 0, '2017-03-12 00:21:03', 1, NULL, NULL),
(1863, 47, 309, 17, 1, 1, 6, NULL, 1, 0, '2017-03-12 00:21:03', 1, '2017-03-12 00:21:15', 1),
(1864, 47, 541, 17, 1, 0, 7, NULL, 1, 0, '2017-03-12 00:21:03', 1, NULL, NULL),
(1865, 47, 368, 17, 1, 0, 11, NULL, 1, 0, '2017-03-12 00:21:03', 1, NULL, NULL),
(1866, 47, 307, 17, 1, 0, 14, NULL, 1, 0, '2017-03-12 00:21:03', 1, NULL, NULL),
(1867, 47, 543, 17, 1, 0, 17, NULL, 1, 0, '2017-03-12 00:21:03', 1, NULL, NULL),
(1868, 47, 418, 17, 1, 0, 19, NULL, 1, 0, '2017-03-12 00:21:03', 1, NULL, NULL),
(1869, 47, 614, 17, 1, 0, 20, NULL, 1, 0, '2017-03-12 00:21:03', 1, NULL, NULL),
(1870, 47, 372, 17, 1, 0, 27, NULL, 1, 0, '2017-03-12 00:21:03', 1, NULL, NULL),
(1871, 47, 306, 17, 1, 0, 35, NULL, 1, 0, '2017-03-12 00:21:03', 1, NULL, NULL),
(1872, 47, 305, 17, 0, 0, 4, NULL, 1, 0, '2017-03-12 00:21:50', 1, NULL, NULL),
(1873, 47, 542, 17, 0, 0, 8, NULL, 1, 0, '2017-03-12 00:21:50', 1, NULL, NULL),
(1874, 47, 419, 17, 0, 0, 9, NULL, 1, 0, '2017-03-12 00:21:50', 1, NULL, NULL),
(1875, 47, 119, 17, 0, 0, 15, NULL, 1, 0, '2017-03-12 00:21:50', 1, NULL, NULL),
(1876, 47, 366, 17, 0, 0, 22, NULL, 1, 0, '2017-03-12 00:21:50', 1, NULL, NULL),
(1877, 47, 615, 17, 0, 0, 26, NULL, 1, 0, '2017-03-12 00:21:50', 1, NULL, NULL),
(1878, 47, 74, 17, 0, 0, 29, NULL, 1, 0, '2017-03-12 00:21:50', 1, NULL, NULL),
(1879, 47, 360, 17, 0, 0, 32, NULL, 1, 0, '2017-03-12 00:21:50', 1, NULL, NULL),
(1880, 47, 632, 17, 0, 0, 45, NULL, 1, 0, '2017-03-12 00:21:50', 1, NULL, NULL),
(1881, 47, 223, 16, 1, 0, 5, NULL, 1, 0, '2017-03-12 00:22:23', 1, NULL, NULL),
(1882, 47, 624, 16, 1, 0, 6, NULL, 1, 0, '2017-03-12 00:22:23', 1, NULL, NULL),
(1883, 47, 417, 16, 1, 0, 7, NULL, 1, 0, '2017-03-12 00:22:23', 1, NULL, NULL),
(1884, 47, 34, 16, 1, 0, 9, NULL, 1, 0, '2017-03-12 00:22:23', 1, NULL, NULL),
(1885, 47, 175, 16, 1, 1, 13, NULL, 1, 0, '2017-03-12 00:22:23', 1, '2017-03-12 00:22:35', 1),
(1886, 47, 554, 16, 1, 0, 15, NULL, 1, 0, '2017-03-12 00:22:23', 1, NULL, NULL),
(1887, 47, 228, 16, 1, 0, 19, NULL, 1, 0, '2017-03-12 00:22:23', 1, NULL, NULL),
(1888, 47, 557, 16, 1, 0, 23, NULL, 1, 0, '2017-03-12 00:22:23', 1, NULL, NULL),
(1889, 47, 276, 16, 1, 0, 26, NULL, 1, 0, '2017-03-12 00:22:23', 1, NULL, NULL),
(1890, 47, 277, 16, 1, 0, 31, NULL, 1, 0, '2017-03-12 00:22:23', 1, NULL, NULL),
(1891, 47, 559, 16, 1, 0, 40, NULL, 1, 0, '2017-03-12 00:22:23', 1, NULL, NULL),
(1892, 47, 625, 16, 0, 0, 2, NULL, 1, 0, '2017-03-12 00:22:59', 1, NULL, NULL),
(1893, 47, 268, 16, 0, 0, 3, NULL, 1, 0, '2017-03-12 00:22:59', 1, NULL, NULL),
(1894, 47, 555, 16, 0, 0, 4, NULL, 1, 0, '2017-03-12 00:23:00', 1, NULL, NULL),
(1895, 47, 229, 16, 0, 0, 8, NULL, 1, 0, '2017-03-12 00:23:00', 1, NULL, NULL),
(1896, 47, 270, 16, 0, 0, 11, NULL, 1, 0, '2017-03-12 00:23:00', 1, NULL, NULL),
(1897, 47, 51, 16, 0, 0, 18, NULL, 1, 0, '2017-03-12 00:23:00', 1, NULL, NULL),
(1898, 47, 273, 16, 0, 0, 20, NULL, 1, 0, '2017-03-12 00:23:00', 1, NULL, NULL),
(1899, 47, 275, 16, 0, 0, 24, NULL, 1, 0, '2017-03-12 00:23:00', 1, NULL, NULL),
(1900, 47, 558, 16, 0, 0, 25, NULL, 1, 0, '2017-03-12 00:23:00', 1, NULL, NULL),
(1901, 48, 220, 7, 1, 0, 4, NULL, 1, 0, '2017-03-12 00:26:45', 1, NULL, NULL),
(1902, 48, 430, 7, 1, 1, 5, NULL, 1, 0, '2017-03-12 00:26:45', 1, '2017-03-12 00:26:49', 1),
(1903, 48, 436, 7, 1, 0, 8, NULL, 1, 0, '2017-03-12 00:26:45', 1, NULL, NULL),
(1904, 48, 572, 7, 1, 0, 9, NULL, 1, 0, '2017-03-12 00:26:45', 1, NULL, NULL),
(1905, 48, 574, 7, 1, 0, 11, NULL, 1, 0, '2017-03-12 00:26:45', 1, NULL, NULL),
(1906, 48, 576, 7, 1, 0, 15, NULL, 1, 0, '2017-03-12 00:26:45', 1, NULL, NULL),
(1907, 48, 312, 7, 1, 0, 17, NULL, 1, 0, '2017-03-12 00:26:45', 1, NULL, NULL),
(1908, 48, 446, 7, 1, 0, 18, NULL, 1, 0, '2017-03-12 00:26:45', 1, NULL, NULL),
(1909, 48, 575, 7, 1, 0, 28, NULL, 1, 0, '2017-03-12 00:26:45', 1, NULL, NULL),
(1910, 48, 158, 7, 1, 0, 30, NULL, 1, 0, '2017-03-12 00:26:45', 1, NULL, NULL),
(1911, 48, 578, 7, 1, 0, 38, NULL, 1, 0, '2017-03-12 00:26:45', 1, NULL, NULL),
(1912, 48, 78, 7, 0, 0, 3, NULL, 1, 0, '2017-03-12 00:27:23', 1, NULL, NULL),
(1913, 48, 130, 7, 0, 0, 6, NULL, 1, 0, '2017-03-12 00:27:23', 1, NULL, NULL),
(1914, 48, 573, 7, 0, 0, 10, NULL, 1, 0, '2017-03-12 00:27:23', 1, NULL, NULL),
(1915, 48, 577, 7, 0, 0, 20, NULL, 1, 0, '2017-03-12 00:27:23', 1, NULL, NULL),
(1916, 48, 157, 7, 0, 0, 21, NULL, 1, 0, '2017-03-12 00:27:23', 1, NULL, NULL),
(1917, 48, 341, 7, 0, 0, 24, NULL, 1, 0, '2017-03-12 00:27:23', 1, NULL, NULL),
(1918, 48, 49, 7, 0, 0, 29, NULL, 1, 0, '2017-03-12 00:27:23', 1, NULL, NULL),
(1919, 48, 242, 7, 0, 0, 33, NULL, 1, 0, '2017-03-12 00:27:23', 1, NULL, NULL),
(1920, 48, 232, 7, 0, 0, 36, NULL, 1, 0, '2017-03-12 00:27:23', 1, NULL, NULL),
(1921, 48, 216, 15, 1, 0, 1, NULL, 1, 0, '2017-03-12 00:28:08', 1, NULL, NULL),
(1922, 48, 262, 15, 1, 0, 4, NULL, 1, 0, '2017-03-12 00:28:08', 1, NULL, NULL),
(1923, 48, 603, 15, 1, 0, 5, NULL, 1, 0, '2017-03-12 00:28:08', 1, NULL, NULL),
(1924, 48, 9, 15, 1, 0, 6, NULL, 1, 0, '2017-03-12 00:28:08', 1, NULL, NULL),
(1925, 48, 140, 15, 1, 0, 11, NULL, 1, 0, '2017-03-12 00:28:08', 1, NULL, NULL),
(1926, 48, 55, 15, 1, 1, 15, NULL, 1, 0, '2017-03-12 00:28:08', 1, '2017-03-12 00:28:13', 1),
(1927, 48, 56, 15, 1, 0, 16, NULL, 1, 0, '2017-03-12 00:28:08', 1, NULL, NULL),
(1928, 48, 207, 15, 1, 0, 22, NULL, 1, 0, '2017-03-12 00:28:08', 1, NULL, NULL),
(1929, 48, 132, 15, 1, 0, 23, NULL, 1, 0, '2017-03-12 00:28:08', 1, NULL, NULL),
(1930, 48, 154, 15, 1, 0, 40, NULL, 1, 0, '2017-03-12 00:28:08', 1, NULL, NULL),
(1931, 48, 620, 15, 1, 0, 99, NULL, 1, 0, '2017-03-12 00:28:08', 1, NULL, NULL),
(1932, 48, 125, 15, 0, 0, 10, NULL, 1, 0, '2017-03-12 00:28:42', 1, NULL, NULL),
(1933, 48, 263, 15, 0, 0, 14, NULL, 1, 0, '2017-03-12 00:28:42', 1, NULL, NULL),
(1934, 48, 344, 15, 0, 0, 17, NULL, 1, 0, '2017-03-12 00:28:42', 1, NULL, NULL),
(1935, 48, 101, 15, 0, 0, 18, NULL, 1, 0, '2017-03-12 00:28:42', 1, NULL, NULL),
(1936, 48, 18, 15, 0, 0, 19, NULL, 1, 0, '2017-03-12 00:28:42', 1, NULL, NULL),
(1937, 48, 639, 15, 0, 0, 21, NULL, 1, 0, '2017-03-12 00:28:42', 1, NULL, NULL),
(1938, 48, 58, 15, 0, 0, 27, NULL, 1, 0, '2017-03-12 00:28:42', 1, NULL, NULL),
(1939, 48, 149, 15, 0, 0, 39, NULL, 1, 0, '2017-03-12 00:28:43', 1, NULL, NULL),
(1940, 48, 182, 15, 0, 0, 3, NULL, 1, 0, '2017-03-12 00:28:57', 1, NULL, NULL),
(1941, 49, 62, 18, 1, 0, 6, NULL, 1, 0, '2017-03-12 00:33:28', 1, NULL, NULL),
(1942, 49, 218, 18, 1, 0, 9, NULL, 1, 0, '2017-03-12 00:33:28', 1, NULL, NULL),
(1943, 49, 494, 18, 1, 0, 10, NULL, 1, 0, '2017-03-12 00:33:28', 1, NULL, NULL),
(1944, 49, 155, 18, 1, 0, 13, NULL, 1, 0, '2017-03-12 00:33:28', 1, NULL, NULL),
(1945, 49, 117, 18, 1, 0, 16, NULL, 1, 0, '2017-03-12 00:33:28', 1, NULL, NULL),
(1946, 49, 189, 18, 1, 0, 17, NULL, 1, 0, '2017-03-12 00:33:28', 1, NULL, NULL),
(1947, 49, 355, 18, 1, 0, 18, NULL, 1, 0, '2017-03-12 00:33:28', 1, NULL, NULL),
(1948, 49, 280, 18, 1, 0, 19, NULL, 1, 0, '2017-03-12 00:33:28', 1, NULL, NULL),
(1949, 49, 356, 18, 1, 1, 22, NULL, 1, 0, '2017-03-12 00:33:28', 1, '2017-03-12 00:33:33', 1),
(1950, 49, 637, 18, 1, 0, 30, NULL, 1, 0, '2017-03-12 00:33:28', 1, NULL, NULL),
(1951, 49, 134, 18, 1, 0, 34, NULL, 1, 0, '2017-03-12 00:33:28', 1, NULL, NULL),
(1952, 49, 492, 18, 0, 0, 4, NULL, 1, 0, '2017-03-12 00:34:30', 1, NULL, NULL),
(1953, 49, 493, 18, 0, 0, 5, NULL, 1, 0, '2017-03-12 00:34:30', 1, NULL, NULL),
(1954, 49, 187, 18, 0, 0, 14, NULL, 1, 0, '2017-03-12 00:34:30', 1, NULL, NULL),
(1956, 49, 288, 18, 0, 0, 23, NULL, 1, 0, '2017-03-12 00:34:30', 1, NULL, NULL),
(1957, 49, 88, 18, 0, 0, 36, NULL, 1, 0, '2017-03-12 00:34:30', 1, NULL, NULL),
(1958, 49, 610, 18, 0, 0, 39, NULL, 1, 0, '2017-03-12 00:34:30', 1, NULL, NULL),
(1959, 49, 45, 18, 0, 0, 99, NULL, 1, 0, '2017-03-12 00:34:30', 1, NULL, NULL),
(1960, 49, 649, 18, 0, 0, 33, NULL, 1, 0, '2017-03-12 00:35:31', 1, NULL, NULL),
(1961, 49, 68, 4, 1, 0, 1, NULL, 1, 0, '2017-03-12 00:35:55', 1, NULL, NULL),
(1962, 49, 518, 4, 1, 0, 3, NULL, 1, 0, '2017-03-12 00:35:55', 1, NULL, NULL),
(1963, 49, 513, 4, 1, 0, 7, NULL, 1, 0, '2017-03-12 00:35:55', 1, NULL, NULL),
(1964, 49, 514, 4, 1, 1, 8, NULL, 1, 0, '2017-03-12 00:35:55', 1, '2017-03-12 00:36:00', 1),
(1965, 49, 11, 4, 1, 0, 10, NULL, 1, 0, '2017-03-12 00:35:55', 1, NULL, NULL),
(1966, 49, 36, 4, 1, 0, 16, NULL, 1, 0, '2017-03-12 00:35:55', 1, NULL, NULL),
(1967, 49, 231, 4, 1, 0, 19, NULL, 1, 0, '2017-03-12 00:35:55', 1, NULL, NULL),
(1968, 49, 515, 4, 1, 0, 23, NULL, 1, 0, '2017-03-12 00:35:55', 1, NULL, NULL),
(1969, 49, 399, 4, 1, 0, 26, NULL, 1, 0, '2017-03-12 00:35:55', 1, NULL, NULL),
(1970, 49, 392, 4, 1, 0, 40, NULL, 1, 0, '2017-03-12 00:35:55', 1, NULL, NULL),
(1971, 49, 516, 4, 1, 0, 50, NULL, 1, 0, '2017-03-12 00:35:55', 1, NULL, NULL),
(1975, 49, 191, 18, 0, 0, 20, NULL, 1, 0, '2017-03-12 00:36:21', 1, NULL, NULL),
(1977, 49, 517, 4, 0, 0, 2, NULL, 1, 0, '2017-03-12 00:37:05', 1, NULL, NULL),
(1978, 49, 128, 4, 0, 0, 13, NULL, 1, 0, '2017-03-12 00:37:05', 1, NULL, NULL),
(1979, 49, 25, 4, 0, 0, 14, NULL, 1, 0, '2017-03-12 00:37:05', 1, NULL, NULL),
(1980, 49, 426, 4, 0, 0, 15, NULL, 1, 0, '2017-03-12 00:37:06', 1, NULL, NULL),
(1981, 49, 640, 4, 0, 0, 20, NULL, 1, 0, '2017-03-12 00:37:06', 1, NULL, NULL),
(1982, 49, 281, 4, 0, 0, 22, NULL, 1, 0, '2017-03-12 00:37:06', 1, NULL, NULL),
(1983, 49, 215, 4, 0, 0, 28, NULL, 1, 0, '2017-03-12 00:37:06', 1, NULL, NULL),
(1984, 49, 520, 4, 0, 0, 29, NULL, 1, 0, '2017-03-12 00:37:06', 1, NULL, NULL),
(1985, 50, 46, 3, 1, 0, 1, NULL, 1, 0, '2017-03-12 10:09:41', 1, NULL, NULL),
(1986, 50, 249, 3, 1, 1, 4, NULL, 1, 0, '2017-03-12 10:09:42', 1, '2017-03-12 10:09:51', 1),
(1987, 50, 91, 3, 1, 0, 5, NULL, 1, 0, '2017-03-12 10:09:42', 1, NULL, NULL),
(1988, 50, 279, 3, 1, 0, 7, NULL, 1, 0, '2017-03-12 10:09:42', 1, NULL, NULL),
(1989, 50, 233, 3, 1, 0, 8, NULL, 1, 0, '2017-03-12 10:09:42', 1, NULL, NULL),
(1990, 50, 505, 3, 1, 0, 18, NULL, 1, 0, '2017-03-12 10:09:43', 1, NULL, NULL),
(1991, 50, 502, 3, 1, 0, 21, NULL, 1, 0, '2017-03-12 10:09:43', 1, NULL, NULL),
(1992, 50, 506, 3, 1, 0, 22, NULL, 1, 0, '2017-03-12 10:09:43', 1, NULL, NULL),
(1993, 50, 2, 3, 1, 0, 23, NULL, 1, 0, '2017-03-12 10:09:43', 1, NULL, NULL);
INSERT INTO `match_player` (`id`, `match_id`, `player_id`, `club_id`, `start_11`, `captain`, `shirt_no`, `description`, `status`, `deleted`, `created_date`, `created_by`, `modified_date`, `modified_by`) VALUES
(1994, 50, 252, 3, 1, 0, 35, NULL, 1, 0, '2017-03-12 10:09:43', 1, NULL, NULL),
(1995, 50, 205, 3, 1, 0, 39, NULL, 1, 0, '2017-03-12 10:09:43', 1, NULL, NULL),
(1996, 50, 503, 3, 0, 0, 2, NULL, 1, 0, '2017-03-12 10:10:17', 1, NULL, NULL),
(1997, 50, 504, 3, 0, 0, 3, NULL, 1, 0, '2017-03-12 10:10:18', 1, NULL, NULL),
(1998, 50, 59, 3, 0, 0, 9, NULL, 1, 0, '2017-03-12 10:10:18', 1, NULL, NULL),
(1999, 50, 397, 3, 0, 0, 20, NULL, 1, 0, '2017-03-12 10:10:18', 1, NULL, NULL),
(2000, 50, 400, 3, 0, 0, 26, NULL, 1, 0, '2017-03-12 10:10:18', 1, NULL, NULL),
(2001, 50, 507, 3, 0, 0, 28, NULL, 1, 0, '2017-03-12 10:10:18', 1, NULL, NULL),
(2002, 50, 48, 3, 0, 0, 29, NULL, 1, 0, '2017-03-12 10:10:18', 1, NULL, NULL),
(2003, 50, 508, 3, 0, 0, 93, NULL, 1, 0, '2017-03-12 10:10:18', 1, NULL, NULL),
(2004, 50, 86, 2, 1, 0, 1, NULL, 1, 0, '2017-03-12 10:16:36', 1, NULL, NULL),
(2005, 50, 8, 2, 1, 1, 4, NULL, 1, 0, '2017-03-12 10:16:36', 1, '2017-03-12 10:16:43', 1),
(2006, 50, 124, 2, 1, 0, 5, NULL, 1, 0, '2017-03-12 10:16:36', 1, NULL, NULL),
(2007, 50, 150, 2, 1, 0, 7, NULL, 1, 0, '2017-03-12 10:16:36', 1, NULL, NULL),
(2008, 50, 410, 2, 1, 0, 10, NULL, 1, 0, '2017-03-12 10:16:36', 1, NULL, NULL),
(2009, 50, 358, 2, 1, 0, 11, NULL, 1, 0, '2017-03-12 10:16:36', 1, NULL, NULL),
(2010, 50, 222, 2, 1, 0, 22, NULL, 1, 0, '2017-03-12 10:16:36', 1, NULL, NULL),
(2011, 50, 602, 2, 1, 0, 23, NULL, 1, 0, '2017-03-12 10:16:36', 1, NULL, NULL),
(2012, 50, 79, 2, 1, 0, 29, NULL, 1, 0, '2017-03-12 10:16:36', 1, NULL, NULL),
(2013, 50, 636, 2, 1, 0, 32, NULL, 1, 0, '2017-03-12 10:16:36', 1, NULL, NULL),
(2014, 50, 32, 2, 1, 0, 39, NULL, 1, 0, '2017-03-12 10:16:36', 1, NULL, NULL),
(2015, 50, 245, 2, 0, 0, 3, NULL, 1, 0, '2017-03-12 10:17:10', 1, NULL, NULL),
(2016, 50, 37, 2, 0, 0, 8, NULL, 1, 0, '2017-03-12 10:17:10', 1, NULL, NULL),
(2017, 50, 359, 2, 0, 0, 13, NULL, 1, 0, '2017-03-12 10:17:10', 1, NULL, NULL),
(2018, 50, 13, 2, 0, 0, 14, NULL, 1, 0, '2017-03-12 10:17:10', 1, NULL, NULL),
(2019, 50, 92, 2, 0, 0, 20, NULL, 1, 0, '2017-03-12 10:17:10', 1, NULL, NULL),
(2020, 50, 393, 2, 0, 0, 31, NULL, 1, 0, '2017-03-12 10:17:11', 1, NULL, NULL),
(2021, 50, 120, 2, 0, 0, 34, NULL, 1, 0, '2017-03-12 10:17:11', 1, NULL, NULL),
(2022, 50, 650, 2, 0, 0, 36, NULL, 1, 0, '2017-03-12 10:22:14', 1, NULL, NULL),
(2023, 50, 651, 2, 0, 0, 46, NULL, 1, 0, '2017-03-12 10:22:20', 1, NULL, NULL),
(2024, 51, 22, 1, 1, 0, 1, NULL, 1, 0, '2017-03-12 10:55:59', 1, NULL, NULL),
(2025, 51, 413, 1, 1, 0, 3, NULL, 1, 0, '2017-03-12 10:55:59', 1, NULL, NULL),
(2026, 51, 244, 1, 1, 0, 5, NULL, 1, 0, '2017-03-12 10:55:59', 1, NULL, NULL),
(2027, 51, 12, 1, 1, 1, 10, NULL, 1, 0, '2017-03-12 10:55:59', 1, '2017-03-12 10:56:03', 1),
(2028, 51, 259, 1, 1, 0, 11, NULL, 1, 0, '2017-03-12 10:55:59', 1, NULL, NULL),
(2029, 51, 511, 1, 1, 0, 16, NULL, 1, 0, '2017-03-12 10:55:59', 1, NULL, NULL),
(2030, 51, 433, 1, 1, 0, 22, NULL, 1, 0, '2017-03-12 10:55:59', 1, NULL, NULL),
(2031, 51, 253, 1, 1, 0, 26, NULL, 1, 0, '2017-03-12 10:55:59', 1, NULL, NULL),
(2032, 51, 512, 1, 1, 0, 29, NULL, 1, 0, '2017-03-12 10:55:59', 1, NULL, NULL),
(2033, 51, 152, 1, 1, 0, 33, NULL, 1, 0, '2017-03-12 10:55:59', 1, NULL, NULL),
(2034, 51, 316, 1, 1, 0, 34, NULL, 1, 0, '2017-03-12 10:55:59', 1, NULL, NULL),
(2035, 51, 313, 1, 0, 0, 2, NULL, 1, 0, '2017-03-12 10:57:21', 1, NULL, NULL),
(2036, 51, 491, 1, 0, 0, 9, NULL, 1, 0, '2017-03-12 10:57:21', 1, NULL, NULL),
(2037, 51, 509, 1, 0, 0, 13, NULL, 1, 0, '2017-03-12 10:57:21', 1, NULL, NULL),
(2038, 51, 230, 1, 0, 0, 14, NULL, 1, 0, '2017-03-12 10:57:21', 1, NULL, NULL),
(2039, 51, 235, 1, 0, 0, 18, NULL, 1, 0, '2017-03-12 10:57:21', 1, NULL, NULL),
(2040, 51, 323, 1, 0, 0, 20, NULL, 1, 0, '2017-03-12 10:57:21', 1, NULL, NULL),
(2041, 51, 412, 1, 0, 0, 25, NULL, 1, 0, '2017-03-12 10:57:21', 1, NULL, NULL),
(2042, 51, 126, 1, 0, 0, 28, NULL, 1, 0, '2017-03-12 10:57:21', 1, NULL, NULL),
(2043, 51, 652, 1, 0, 0, 35, NULL, 1, 0, '2017-03-12 10:57:58', 1, NULL, NULL),
(2044, 51, 567, 11, 1, 0, 5, NULL, 1, 0, '2017-03-12 10:58:27', 1, NULL, NULL),
(2045, 51, 391, 11, 1, 0, 6, NULL, 1, 0, '2017-03-12 10:58:27', 1, NULL, NULL),
(2046, 51, 137, 11, 1, 0, 15, NULL, 1, 0, '2017-03-12 10:58:27', 1, NULL, NULL),
(2047, 51, 163, 11, 1, 0, 18, NULL, 1, 0, '2017-03-12 10:58:27', 1, NULL, NULL),
(2048, 51, 295, 11, 1, 0, 22, NULL, 1, 0, '2017-03-12 10:58:27', 1, NULL, NULL),
(2049, 51, 108, 11, 1, 0, 25, NULL, 1, 0, '2017-03-12 10:58:27', 1, NULL, NULL),
(2050, 51, 362, 11, 1, 0, 26, NULL, 1, 0, '2017-03-12 10:58:28', 1, NULL, NULL),
(2051, 51, 568, 11, 1, 0, 28, NULL, 1, 0, '2017-03-12 10:58:28', 1, NULL, NULL),
(2052, 51, 185, 11, 1, 0, 33, NULL, 1, 0, '2017-03-12 10:58:28', 1, NULL, NULL),
(2053, 51, 188, 11, 1, 1, 35, NULL, 1, 0, '2017-03-12 10:58:28', 1, '2017-03-12 10:58:30', 1),
(2054, 51, 327, 11, 1, 0, 37, NULL, 1, 0, '2017-03-12 10:58:28', 1, NULL, NULL),
(2055, 51, 208, 11, 0, 0, 7, NULL, 1, 0, '2017-03-12 11:35:16', 1, NULL, NULL),
(2056, 51, 241, 11, 0, 0, 9, NULL, 1, 0, '2017-03-12 11:35:16', 1, NULL, NULL),
(2057, 51, 611, 11, 0, 0, 11, NULL, 1, 0, '2017-03-12 11:35:16', 1, NULL, NULL),
(2058, 51, 20, 11, 0, 0, 17, NULL, 1, 0, '2017-03-12 11:35:16', 1, NULL, NULL),
(2059, 51, 114, 11, 0, 0, 27, NULL, 1, 0, '2017-03-12 11:35:16', 1, NULL, NULL),
(2060, 51, 569, 11, 0, 0, 30, NULL, 1, 0, '2017-03-12 11:35:16', 1, NULL, NULL),
(2061, 51, 363, 11, 0, 0, 34, NULL, 1, 0, '2017-03-12 11:35:16', 1, NULL, NULL),
(2062, 51, 570, 11, 0, 0, 39, NULL, 1, 0, '2017-03-12 11:35:16', 1, NULL, NULL),
(2063, 51, 571, 11, 0, 0, 99, NULL, 1, 0, '2017-03-12 11:35:16', 1, NULL, NULL),
(2064, 52, 127, 6, 1, 0, 2, NULL, 1, 0, '2017-03-13 09:39:21', 1, NULL, NULL),
(2065, 52, 291, 6, 1, 1, 3, NULL, 1, 0, '2017-03-13 09:39:21', 1, '2017-03-13 09:43:04', 1),
(2066, 52, 500, 6, 1, 0, 5, NULL, 1, 0, '2017-03-13 09:39:21', 1, NULL, NULL),
(2067, 52, 496, 6, 1, 0, 10, NULL, 1, 0, '2017-03-13 09:39:21', 1, NULL, NULL),
(2068, 52, 104, 6, 1, 0, 17, NULL, 1, 0, '2017-03-13 09:39:21', 1, NULL, NULL),
(2069, 52, 57, 6, 1, 0, 19, NULL, 1, 0, '2017-03-13 09:39:21', 1, NULL, NULL),
(2070, 52, 266, 6, 1, 0, 24, NULL, 1, 0, '2017-03-13 09:39:21', 1, NULL, NULL),
(2071, 52, 105, 6, 1, 0, 27, NULL, 1, 0, '2017-03-13 09:39:21', 1, NULL, NULL),
(2072, 52, 335, 6, 1, 0, 31, NULL, 1, 0, '2017-03-13 09:39:21', 1, NULL, NULL),
(2073, 52, 499, 6, 1, 0, 37, NULL, 1, 0, '2017-03-13 09:39:21', 1, NULL, NULL),
(2074, 52, 653, 6, 1, 0, 23, NULL, 1, 0, '2017-03-13 09:41:10', 1, NULL, NULL),
(2075, 52, 84, 6, 0, 0, 6, NULL, 1, 0, '2017-03-13 09:41:37', 1, NULL, NULL),
(2076, 52, 102, 6, 0, 0, 7, NULL, 1, 0, '2017-03-13 09:41:37', 1, NULL, NULL),
(2077, 52, 332, 6, 0, 0, 9, NULL, 1, 0, '2017-03-13 09:41:37', 1, NULL, NULL),
(2078, 52, 497, 6, 0, 0, 11, NULL, 1, 0, '2017-03-13 09:41:37', 1, NULL, NULL),
(2079, 52, 199, 6, 0, 0, 13, NULL, 1, 0, '2017-03-13 09:41:37', 1, NULL, NULL),
(2080, 52, 501, 6, 0, 0, 15, NULL, 1, 0, '2017-03-13 09:41:37', 1, NULL, NULL),
(2081, 52, 498, 6, 0, 0, 18, NULL, 1, 0, '2017-03-13 09:41:37', 1, NULL, NULL),
(2082, 52, 238, 6, 0, 0, 35, NULL, 1, 0, '2017-03-13 09:41:37', 1, NULL, NULL),
(2083, 52, 654, 6, 0, 0, 49, NULL, 1, 0, '2017-03-13 09:42:52', 1, NULL, NULL),
(2084, 52, 591, 9, 1, 0, 2, NULL, 1, 0, '2017-03-13 09:43:25', 1, NULL, NULL),
(2085, 52, 325, 9, 1, 0, 5, NULL, 1, 0, '2017-03-13 09:43:25', 1, NULL, NULL),
(2086, 52, 10, 9, 1, 0, 7, NULL, 1, 0, '2017-03-13 09:43:25', 1, NULL, NULL),
(2087, 52, 374, 9, 1, 0, 9, NULL, 1, 0, '2017-03-13 09:43:26', 1, NULL, NULL),
(2088, 52, 589, 9, 1, 0, 10, NULL, 1, 0, '2017-03-13 09:43:26', 1, NULL, NULL),
(2089, 52, 590, 9, 1, 0, 11, NULL, 1, 0, '2017-03-13 09:43:26', 1, NULL, NULL),
(2090, 52, 593, 9, 1, 0, 15, NULL, 1, 0, '2017-03-13 09:43:26', 1, NULL, NULL),
(2091, 52, 407, 9, 1, 0, 20, NULL, 1, 0, '2017-03-13 09:43:26', 1, NULL, NULL),
(2092, 52, 225, 9, 1, 0, 21, NULL, 1, 0, '2017-03-13 09:43:26', 1, NULL, NULL),
(2093, 52, 613, 9, 1, 0, 23, NULL, 1, 0, '2017-03-13 09:43:26', 1, NULL, NULL),
(2094, 52, 1, 9, 1, 0, 1, NULL, 1, 0, '2017-03-13 09:44:04', 1, NULL, NULL),
(2095, 52, 448, 9, 0, 0, 4, NULL, 1, 0, '2017-03-13 09:44:48', 1, NULL, NULL),
(2096, 52, 592, 9, 0, 0, 13, NULL, 1, 0, '2017-03-13 09:44:48', 1, NULL, NULL),
(2097, 52, 381, 9, 0, 0, 14, NULL, 1, 0, '2017-03-13 09:44:48', 1, NULL, NULL),
(2098, 52, 612, 9, 0, 0, 16, NULL, 1, 0, '2017-03-13 09:44:48', 1, NULL, NULL),
(2099, 52, 21, 9, 0, 0, 19, NULL, 1, 0, '2017-03-13 09:44:48', 1, NULL, NULL),
(2100, 52, 33, 9, 0, 0, 26, NULL, 1, 0, '2017-03-13 09:44:48', 1, NULL, NULL),
(2101, 52, 634, 9, 0, 0, 30, NULL, 1, 0, '2017-03-13 09:44:48', 1, NULL, NULL),
(2102, 52, 594, 9, 0, 0, 40, NULL, 1, 0, '2017-03-13 09:44:48', 1, NULL, NULL),
(2103, 53, 454, 8, 1, 0, 3, NULL, 1, 0, '2017-03-13 09:51:03', 1, NULL, NULL),
(2104, 53, 243, 8, 1, 0, 4, NULL, 1, 0, '2017-03-13 09:51:03', 1, NULL, NULL),
(2105, 53, 299, 8, 1, 1, 5, NULL, 1, 0, '2017-03-13 09:51:03', 1, '2017-03-13 09:51:07', 1),
(2106, 53, 560, 8, 1, 0, 9, NULL, 1, 0, '2017-03-13 09:51:03', 1, NULL, NULL),
(2107, 53, 217, 8, 1, 0, 10, NULL, 1, 0, '2017-03-13 09:51:03', 1, NULL, NULL),
(2108, 53, 195, 8, 1, 0, 14, NULL, 1, 0, '2017-03-13 09:51:03', 1, NULL, NULL),
(2109, 53, 563, 8, 1, 0, 18, NULL, 1, 0, '2017-03-13 09:51:03', 1, NULL, NULL),
(2110, 53, 564, 8, 1, 0, 24, NULL, 1, 0, '2017-03-13 09:51:03', 1, NULL, NULL),
(2111, 53, 300, 8, 1, 0, 27, NULL, 1, 0, '2017-03-13 09:51:03', 1, NULL, NULL),
(2112, 53, 565, 8, 1, 0, 28, NULL, 1, 0, '2017-03-13 09:51:03', 1, NULL, NULL),
(2113, 53, 153, 8, 1, 0, 31, NULL, 1, 0, '2017-03-13 09:51:03', 1, NULL, NULL),
(2114, 53, 376, 8, 0, 0, 2, NULL, 1, 0, '2017-03-13 09:52:23', 1, NULL, NULL),
(2115, 53, 423, 8, 0, 0, 7, NULL, 1, 0, '2017-03-13 09:52:23', 1, NULL, NULL),
(2116, 53, 265, 8, 0, 0, 11, NULL, 1, 0, '2017-03-13 09:52:24', 1, NULL, NULL),
(2117, 53, 89, 8, 0, 0, 13, NULL, 1, 0, '2017-03-13 09:52:24', 1, NULL, NULL),
(2118, 53, 257, 8, 0, 0, 15, NULL, 1, 0, '2017-03-13 09:52:24', 1, NULL, NULL),
(2119, 53, 561, 8, 0, 0, 17, NULL, 1, 0, '2017-03-13 09:52:24', 1, NULL, NULL),
(2120, 53, 292, 8, 0, 0, 20, NULL, 1, 0, '2017-03-13 09:52:24', 1, NULL, NULL),
(2121, 53, 219, 8, 0, 0, 34, NULL, 1, 0, '2017-03-13 09:52:24', 1, NULL, NULL),
(2122, 53, 566, 8, 0, 0, 37, NULL, 1, 0, '2017-03-13 09:52:24', 1, NULL, NULL),
(2123, 53, 348, 10, 1, 0, 2, NULL, 1, 0, '2017-03-13 09:53:08', 1, NULL, NULL),
(2124, 53, 547, 10, 1, 0, 3, NULL, 1, 0, '2017-03-13 09:53:09', 1, NULL, NULL),
(2125, 53, 40, 10, 1, 0, 4, NULL, 1, 0, '2017-03-13 09:53:09', 1, NULL, NULL),
(2126, 53, 548, 10, 1, 0, 5, NULL, 1, 0, '2017-03-13 09:53:09', 1, NULL, NULL),
(2127, 53, 4, 10, 1, 0, 6, NULL, 1, 0, '2017-03-13 09:53:09', 1, NULL, NULL),
(2128, 53, 145, 10, 1, 0, 7, NULL, 1, 0, '2017-03-13 09:53:09', 1, NULL, NULL),
(2129, 53, 285, 10, 1, 0, 9, NULL, 1, 0, '2017-03-13 09:53:09', 1, NULL, NULL),
(2130, 53, 50, 10, 1, 1, 18, NULL, 1, 0, '2017-03-13 09:53:09', 1, '2017-03-13 09:55:40', 1),
(2131, 53, 394, 10, 1, 0, 19, NULL, 1, 0, '2017-03-13 09:53:09', 1, NULL, NULL),
(2132, 53, 552, 10, 1, 0, 34, NULL, 1, 0, '2017-03-13 09:53:09', 1, NULL, NULL),
(2133, 53, 201, 10, 1, 0, 40, NULL, 1, 0, '2017-03-13 09:53:09', 1, NULL, NULL),
(2134, 53, 549, 10, 0, 0, 8, NULL, 1, 0, '2017-03-13 09:56:14', 1, NULL, NULL),
(2135, 53, 550, 10, 0, 0, 10, NULL, 1, 0, '2017-03-13 09:56:14', 1, NULL, NULL),
(2136, 53, 350, 10, 0, 0, 17, NULL, 1, 0, '2017-03-13 09:56:14', 1, NULL, NULL),
(2137, 53, 209, 10, 0, 0, 21, NULL, 1, 0, '2017-03-13 09:56:14', 1, NULL, NULL),
(2138, 53, 351, 10, 0, 0, 25, NULL, 1, 0, '2017-03-13 09:56:14', 1, NULL, NULL),
(2139, 53, 123, 10, 0, 0, 28, NULL, 1, 0, '2017-03-13 09:56:14', 1, NULL, NULL),
(2140, 53, 14, 10, 0, 0, 32, NULL, 1, 0, '2017-03-13 09:56:14', 1, NULL, NULL),
(2141, 53, 553, 10, 0, 0, 35, NULL, 1, 0, '2017-03-13 09:56:14', 1, NULL, NULL),
(2142, 53, 31, 10, 0, 0, 38, NULL, 1, 0, '2017-03-13 09:56:14', 1, NULL, NULL),
(2143, 54, 416, 14, 1, 0, 6, NULL, 1, 0, '2017-03-13 10:10:56', 1, NULL, NULL),
(2144, 54, 72, 14, 1, 1, 8, NULL, 1, 0, '2017-03-13 10:10:56', 1, '2017-03-13 10:11:00', 1),
(2145, 54, 379, 14, 1, 0, 10, NULL, 1, 0, '2017-03-13 10:10:56', 1, NULL, NULL),
(2146, 54, 142, 14, 1, 0, 11, NULL, 1, 0, '2017-03-13 10:10:56', 1, NULL, NULL),
(2147, 54, 642, 14, 1, 0, 22, NULL, 1, 0, '2017-03-13 10:10:56', 1, NULL, NULL),
(2148, 54, 5, 14, 1, 0, 23, NULL, 1, 0, '2017-03-13 10:10:57', 1, NULL, NULL),
(2149, 54, 43, 14, 1, 0, 28, NULL, 1, 0, '2017-03-13 10:10:57', 1, NULL, NULL),
(2150, 54, 582, 14, 1, 0, 33, NULL, 1, 0, '2017-03-13 10:10:57', 1, NULL, NULL),
(2151, 54, 607, 14, 1, 0, 36, NULL, 1, 0, '2017-03-13 10:10:57', 1, NULL, NULL),
(2152, 54, 584, 14, 1, 0, 39, NULL, 1, 0, '2017-03-13 10:10:57', 1, NULL, NULL),
(2153, 54, 586, 14, 1, 0, 80, NULL, 1, 0, '2017-03-13 10:10:57', 1, NULL, NULL),
(2154, 54, 447, 14, 0, 0, 2, NULL, 1, 0, '2017-03-13 10:11:30', 1, NULL, NULL),
(2155, 54, 608, 14, 0, 0, 4, NULL, 1, 0, '2017-03-13 10:11:30', 1, NULL, NULL),
(2156, 54, 579, 14, 0, 0, 5, NULL, 1, 0, '2017-03-13 10:11:30', 1, NULL, NULL),
(2157, 54, 609, 14, 0, 0, 7, NULL, 1, 0, '2017-03-13 10:11:30', 1, NULL, NULL),
(2158, 54, 415, 14, 0, 0, 14, NULL, 1, 0, '2017-03-13 10:11:30', 1, NULL, NULL),
(2159, 54, 641, 14, 0, 0, 18, NULL, 1, 0, '2017-03-13 10:11:30', 1, NULL, NULL),
(2160, 54, 580, 14, 0, 0, 19, NULL, 1, 0, '2017-03-13 10:11:30', 1, NULL, NULL),
(2161, 54, 581, 14, 0, 0, 21, NULL, 1, 0, '2017-03-13 10:11:30', 1, NULL, NULL),
(2162, 54, 64, 14, 0, 0, 17, NULL, 1, 0, '2017-03-13 10:11:59', 1, NULL, NULL),
(2163, 54, 324, 12, 1, 0, 4, NULL, 1, 0, '2017-03-13 10:12:35', 1, NULL, NULL),
(2164, 54, 596, 12, 1, 0, 6, NULL, 1, 0, '2017-03-13 10:12:35', 1, NULL, NULL),
(2165, 54, 298, 12, 1, 0, 8, NULL, 1, 0, '2017-03-13 10:12:35', 1, NULL, NULL),
(2166, 54, 330, 12, 1, 0, 10, NULL, 1, 0, '2017-03-13 10:12:35', 1, NULL, NULL),
(2167, 54, 597, 12, 1, 0, 14, NULL, 1, 0, '2017-03-13 10:12:35', 1, NULL, NULL),
(2168, 54, 129, 12, 1, 0, 17, NULL, 1, 0, '2017-03-13 10:12:35', 1, NULL, NULL),
(2169, 54, 598, 12, 1, 0, 18, NULL, 1, 0, '2017-03-13 10:12:35', 1, NULL, NULL),
(2170, 54, 599, 12, 1, 0, 19, NULL, 1, 0, '2017-03-13 10:12:35', 1, NULL, NULL),
(2171, 54, 192, 12, 1, 0, 24, NULL, 1, 0, '2017-03-13 10:12:35', 1, NULL, NULL),
(2172, 54, 121, 12, 1, 1, 38, NULL, 1, 0, '2017-03-13 10:12:35', 1, '2017-03-13 10:12:53', 1),
(2173, 54, 628, 12, 1, 0, 77, NULL, 1, 0, '2017-03-13 10:12:35', 1, NULL, NULL),
(2174, 54, 184, 12, 0, 0, 1, NULL, 1, 0, '2017-03-13 10:13:54', 1, NULL, NULL),
(2175, 54, 319, 12, 0, 0, 11, NULL, 1, 0, '2017-03-13 10:13:54', 1, NULL, NULL),
(2176, 54, 66, 12, 0, 0, 13, NULL, 1, 0, '2017-03-13 10:13:54', 1, NULL, NULL),
(2177, 54, 482, 12, 0, 0, 26, NULL, 1, 0, '2017-03-13 10:13:54', 1, NULL, NULL),
(2178, 54, 600, 12, 0, 0, 27, NULL, 1, 0, '2017-03-13 10:13:54', 1, NULL, NULL),
(2179, 54, 629, 12, 0, 0, 28, NULL, 1, 0, '2017-03-13 10:13:54', 1, NULL, NULL),
(2180, 54, 322, 12, 0, 0, 35, NULL, 1, 0, '2017-03-13 10:13:54', 1, NULL, NULL),
(2181, 54, 630, 12, 0, 0, 36, NULL, 1, 0, '2017-03-13 10:13:54', 1, NULL, NULL),
(2182, 54, 65, 12, 0, 0, 37, NULL, 1, 0, '2017-03-13 10:13:54', 1, NULL, NULL),
(2183, 55, 528, 13, 1, 0, 1, NULL, 1, 0, '2017-03-13 10:36:28', 1, NULL, NULL),
(2184, 55, 166, 13, 1, 0, 3, NULL, 1, 0, '2017-03-13 10:36:28', 1, NULL, NULL),
(2185, 55, 289, 13, 1, 0, 4, NULL, 1, 0, '2017-03-13 10:36:28', 1, NULL, NULL),
(2186, 55, 622, 13, 1, 0, 8, NULL, 1, 0, '2017-03-13 10:36:28', 1, NULL, NULL),
(2187, 55, 532, 13, 1, 0, 11, NULL, 1, 0, '2017-03-13 10:36:28', 1, NULL, NULL),
(2188, 55, 196, 13, 1, 0, 16, NULL, 1, 0, '2017-03-13 10:36:28', 1, NULL, NULL),
(2189, 55, 200, 13, 1, 1, 17, NULL, 1, 0, '2017-03-13 10:36:28', 1, '2017-03-13 10:36:32', 1),
(2190, 55, 95, 13, 1, 0, 25, NULL, 1, 0, '2017-03-13 10:36:28', 1, NULL, NULL),
(2191, 55, 621, 13, 1, 0, 32, NULL, 1, 0, '2017-03-13 10:36:28', 1, NULL, NULL),
(2192, 55, 540, 13, 1, 0, 35, NULL, 1, 0, '2017-03-13 10:36:28', 1, NULL, NULL),
(2193, 55, 118, 13, 1, 0, 37, NULL, 1, 0, '2017-03-13 10:36:28', 1, NULL, NULL),
(2194, 55, 536, 13, 0, 0, 6, NULL, 1, 0, '2017-03-13 10:37:12', 1, NULL, NULL),
(2195, 55, 537, 13, 0, 0, 7, NULL, 1, 0, '2017-03-13 10:37:12', 1, NULL, NULL),
(2196, 55, 254, 13, 0, 0, 13, NULL, 1, 0, '2017-03-13 10:37:12', 1, NULL, NULL),
(2197, 55, 538, 13, 0, 0, 14, NULL, 1, 0, '2017-03-13 10:37:12', 1, NULL, NULL),
(2198, 55, 533, 13, 0, 0, 19, NULL, 1, 0, '2017-03-13 10:37:12', 1, NULL, NULL),
(2199, 55, 539, 13, 0, 0, 22, NULL, 1, 0, '2017-03-13 10:37:12', 1, NULL, NULL),
(2200, 55, 165, 13, 0, 0, 24, NULL, 1, 0, '2017-03-13 10:37:12', 1, NULL, NULL),
(2201, 55, 623, 13, 0, 0, 27, NULL, 1, 0, '2017-03-13 10:37:13', 1, NULL, NULL),
(2202, 55, 151, 13, 0, 0, 9, NULL, 1, 0, '2017-03-13 10:37:37', 1, NULL, NULL),
(2203, 55, 77, 5, 1, 0, 2, NULL, 1, 0, '2017-03-13 10:41:33', 1, NULL, NULL),
(2204, 55, 176, 5, 1, 0, 4, NULL, 1, 0, '2017-03-13 10:41:33', 1, NULL, NULL),
(2205, 55, 179, 5, 1, 0, 6, NULL, 1, 0, '2017-03-13 10:41:33', 1, NULL, NULL),
(2206, 55, 617, 5, 1, 0, 14, NULL, 1, 0, '2017-03-13 10:41:33', 1, NULL, NULL),
(2207, 55, 523, 5, 1, 0, 18, NULL, 1, 0, '2017-03-13 10:41:33', 1, NULL, NULL),
(2208, 55, 24, 5, 1, 0, 21, NULL, 1, 0, '2017-03-13 10:41:33', 1, NULL, NULL),
(2209, 55, 41, 5, 1, 1, 25, NULL, 1, 0, '2017-03-13 10:41:33', 1, '2017-03-13 10:41:38', 1),
(2210, 55, 618, 5, 1, 0, 27, NULL, 1, 0, '2017-03-13 10:41:33', 1, NULL, NULL),
(2211, 55, 103, 5, 1, 0, 31, NULL, 1, 0, '2017-03-13 10:41:33', 1, NULL, NULL),
(2212, 55, 174, 5, 1, 0, 35, NULL, 1, 0, '2017-03-13 10:41:34', 1, NULL, NULL),
(2213, 55, 346, 5, 1, 0, 88, NULL, 1, 0, '2017-03-13 10:41:34', 1, NULL, NULL),
(2214, 55, 524, 5, 0, 0, 1, NULL, 1, 0, '2017-03-13 10:42:13', 1, NULL, NULL),
(2215, 55, 42, 5, 0, 0, 10, NULL, 1, 0, '2017-03-13 10:42:13', 1, NULL, NULL),
(2216, 55, 54, 5, 0, 0, 11, NULL, 1, 0, '2017-03-13 10:42:13', 1, NULL, NULL),
(2217, 55, 23, 5, 0, 0, 15, NULL, 1, 0, '2017-03-13 10:42:13', 1, NULL, NULL),
(2218, 55, 183, 5, 0, 0, 24, NULL, 1, 0, '2017-03-13 10:42:13', 1, NULL, NULL),
(2219, 55, 462, 5, 0, 0, 29, NULL, 1, 0, '2017-03-13 10:42:13', 1, NULL, NULL),
(2220, 55, 627, 5, 0, 0, 38, NULL, 1, 0, '2017-03-13 10:42:13', 1, NULL, NULL),
(2221, 55, 526, 5, 0, 0, 40, NULL, 1, 0, '2017-03-13 10:42:13', 1, NULL, NULL),
(2222, 55, 527, 5, 0, 0, 42, NULL, 1, 0, '2017-03-13 10:42:13', 1, NULL, NULL),
(2223, 61, 77, 5, 1, 0, 2, NULL, 1, 0, '2017-04-04 10:04:49', 1, NULL, NULL),
(2224, 61, 179, 5, 1, 0, 6, NULL, 1, 0, '2017-04-04 10:04:50', 1, NULL, NULL),
(2225, 61, 522, 5, 1, 0, 7, NULL, 1, 0, '2017-04-04 10:04:50', 1, NULL, NULL),
(2226, 61, 54, 5, 1, 0, 11, NULL, 1, 0, '2017-04-04 10:04:50', 1, NULL, NULL),
(2227, 61, 617, 5, 1, 0, 14, NULL, 1, 0, '2017-04-04 10:04:50', 1, NULL, NULL),
(2228, 61, 523, 5, 1, 0, 18, NULL, 1, 0, '2017-04-04 10:04:50', 1, NULL, NULL),
(2229, 61, 183, 5, 1, 0, 24, NULL, 1, 0, '2017-04-04 10:04:50', 1, NULL, NULL),
(2230, 61, 41, 5, 1, 1, 25, NULL, 1, 0, '2017-04-04 10:04:50', 1, '2017-04-04 10:05:02', 1),
(2231, 61, 618, 5, 1, 0, 27, NULL, 1, 0, '2017-04-04 10:04:50', 1, NULL, NULL),
(2232, 61, 103, 5, 1, 0, 31, NULL, 1, 0, '2017-04-04 10:04:50', 1, NULL, NULL),
(2233, 61, 174, 5, 1, 0, 35, NULL, 1, 0, '2017-04-04 10:04:50', 1, NULL, NULL),
(2234, 61, 524, 5, 0, 0, 1, NULL, 1, 0, '2017-04-04 10:05:16', 1, NULL, NULL),
(2235, 61, 23, 5, 0, 0, 15, NULL, 1, 0, '2017-04-04 10:05:16', 1, NULL, NULL),
(2236, 61, 24, 5, 0, 0, 21, NULL, 1, 0, '2017-04-04 10:05:16', 1, NULL, NULL),
(2237, 61, 462, 5, 0, 0, 29, NULL, 1, 0, '2017-04-04 10:05:16', 1, NULL, NULL),
(2238, 61, 526, 5, 0, 0, 40, NULL, 1, 0, '2017-04-04 10:05:16', 1, NULL, NULL),
(2239, 61, 527, 5, 0, 0, 42, NULL, 1, 0, '2017-04-04 10:05:16', 1, NULL, NULL),
(2240, 61, 346, 5, 0, 0, 88, NULL, 1, 0, '2017-04-04 10:05:16', 1, NULL, NULL),
(2241, 61, 655, 5, 0, 0, 46, NULL, 1, 0, '2017-04-04 10:06:42', 1, NULL, NULL),
(2242, 61, 656, 5, 0, 0, 47, NULL, 1, 0, '2017-04-04 10:06:47', 1, NULL, NULL),
(2243, 61, 127, 6, 1, 0, 2, NULL, 1, 0, '2017-04-04 10:07:07', 1, NULL, NULL),
(2244, 61, 500, 6, 1, 0, 5, NULL, 1, 0, '2017-04-04 10:07:07', 1, NULL, NULL),
(2245, 61, 496, 6, 1, 0, 10, NULL, 1, 0, '2017-04-04 10:07:07', 1, NULL, NULL),
(2246, 61, 104, 6, 1, 0, 17, NULL, 1, 0, '2017-04-04 10:07:07', 1, NULL, NULL),
(2247, 61, 498, 6, 1, 0, 18, NULL, 1, 0, '2017-04-04 10:07:07', 1, NULL, NULL),
(2248, 61, 57, 6, 1, 0, 19, NULL, 1, 0, '2017-04-04 10:07:07', 1, NULL, NULL),
(2249, 61, 653, 6, 1, 0, 23, NULL, 1, 0, '2017-04-04 10:07:07', 1, NULL, NULL),
(2250, 61, 266, 6, 1, 0, 24, NULL, 1, 0, '2017-04-04 10:07:07', 1, NULL, NULL),
(2251, 61, 105, 6, 1, 0, 27, NULL, 1, 0, '2017-04-04 10:07:07', 1, NULL, NULL),
(2252, 61, 335, 6, 1, 0, 31, NULL, 1, 0, '2017-04-04 10:07:07', 1, NULL, NULL),
(2253, 61, 499, 6, 1, 1, 37, NULL, 1, 0, '2017-04-04 10:07:07', 1, '2017-04-04 10:07:13', 1),
(2254, 61, 102, 6, 0, 0, 7, NULL, 1, 0, '2017-04-04 10:07:39', 1, NULL, NULL),
(2255, 61, 332, 6, 0, 0, 9, NULL, 1, 0, '2017-04-04 10:07:39', 1, NULL, NULL),
(2256, 61, 497, 6, 0, 0, 11, NULL, 1, 0, '2017-04-04 10:07:39', 1, NULL, NULL),
(2257, 61, 199, 6, 0, 0, 13, NULL, 1, 0, '2017-04-04 10:07:39', 1, NULL, NULL),
(2258, 61, 501, 6, 0, 0, 15, NULL, 1, 0, '2017-04-04 10:07:39', 1, NULL, NULL),
(2259, 61, 238, 6, 0, 0, 35, NULL, 1, 0, '2017-04-04 10:07:39', 1, NULL, NULL),
(2260, 61, 654, 6, 0, 0, 49, NULL, 1, 0, '2017-04-04 10:07:39', 1, NULL, NULL),
(2261, 56, 492, 18, 1, 0, 4, NULL, 1, 0, '2017-04-04 17:23:28', 1, NULL, NULL),
(2262, 56, 493, 18, 1, 0, 5, NULL, 1, 0, '2017-04-04 17:23:28', 1, NULL, NULL),
(2263, 56, 218, 18, 1, 0, 9, NULL, 1, 0, '2017-04-04 17:23:28', 1, NULL, NULL),
(2264, 56, 155, 18, 1, 0, 13, NULL, 1, 0, '2017-04-04 17:23:28', 1, NULL, NULL),
(2265, 56, 117, 18, 1, 0, 16, NULL, 1, 0, '2017-04-04 17:23:28', 1, NULL, NULL),
(2266, 56, 355, 18, 1, 0, 18, NULL, 1, 0, '2017-04-04 17:23:28', 1, NULL, NULL),
(2267, 56, 280, 18, 1, 0, 19, NULL, 1, 0, '2017-04-04 17:23:28', 1, NULL, NULL),
(2268, 56, 356, 18, 1, 1, 22, NULL, 1, 0, '2017-04-04 17:23:28', 1, '2017-04-04 17:23:32', 1),
(2269, 56, 637, 18, 1, 0, 30, NULL, 1, 0, '2017-04-04 17:23:28', 1, NULL, NULL),
(2270, 56, 134, 18, 1, 0, 34, NULL, 1, 0, '2017-04-04 17:23:28', 1, NULL, NULL),
(2271, 56, 88, 18, 1, 0, 36, NULL, 1, 0, '2017-04-04 17:23:28', 1, NULL, NULL),
(2272, 56, 83, 18, 0, 0, 1, NULL, 1, 0, '2017-04-04 17:23:52', 1, NULL, NULL),
(2273, 56, 6, 18, 0, 0, 7, NULL, 1, 0, '2017-04-04 17:23:52', 1, NULL, NULL),
(2274, 56, 494, 18, 0, 0, 10, NULL, 1, 0, '2017-04-04 17:23:52', 1, NULL, NULL),
(2275, 56, 187, 18, 0, 0, 14, NULL, 1, 0, '2017-04-04 17:23:52', 1, NULL, NULL),
(2276, 56, 191, 18, 0, 0, 20, NULL, 1, 0, '2017-04-04 17:23:52', 1, NULL, NULL),
(2277, 56, 288, 18, 0, 0, 23, NULL, 1, 0, '2017-04-04 17:23:52', 1, NULL, NULL),
(2278, 56, 649, 18, 0, 0, 33, NULL, 1, 0, '2017-04-04 17:23:52', 1, NULL, NULL),
(2279, 56, 495, 18, 0, 0, 88, NULL, 1, 0, '2017-04-04 17:23:52', 1, NULL, NULL),
(2280, 56, 45, 18, 0, 0, 99, NULL, 1, 0, '2017-04-04 17:23:52', 1, NULL, NULL),
(2281, 56, 304, 17, 1, 0, 1, NULL, 1, 0, '2017-04-04 17:24:49', 1, NULL, NULL),
(2282, 56, 365, 17, 1, 0, 3, NULL, 1, 0, '2017-04-04 17:24:49', 1, NULL, NULL),
(2283, 56, 305, 17, 1, 0, 4, NULL, 1, 0, '2017-04-04 17:24:49', 1, NULL, NULL),
(2284, 56, 309, 17, 1, 1, 6, NULL, 1, 0, '2017-04-04 17:24:49', 1, '2017-04-04 17:24:53', 1),
(2285, 56, 541, 17, 1, 0, 7, NULL, 1, 0, '2017-04-04 17:24:49', 1, NULL, NULL),
(2286, 56, 368, 17, 1, 0, 11, NULL, 1, 0, '2017-04-04 17:24:49', 1, NULL, NULL),
(2287, 56, 307, 17, 1, 0, 14, NULL, 1, 0, '2017-04-04 17:24:49', 1, NULL, NULL),
(2288, 56, 543, 17, 1, 0, 17, NULL, 1, 0, '2017-04-04 17:24:49', 1, NULL, NULL),
(2289, 56, 614, 17, 1, 0, 20, NULL, 1, 0, '2017-04-04 17:24:49', 1, NULL, NULL),
(2290, 56, 372, 17, 1, 0, 27, NULL, 1, 0, '2017-04-04 17:24:49', 1, NULL, NULL),
(2291, 56, 306, 17, 1, 0, 35, NULL, 1, 0, '2017-04-04 17:24:49', 1, NULL, NULL),
(2292, 56, 493, 18, 0, 0, 5, NULL, 1, 1, '2017-04-04 17:25:14', 1, '2017-04-04 17:25:21', 1),
(2293, 56, 76, 18, 0, 0, 8, NULL, 1, 1, '2017-04-04 17:25:14', 1, '2017-04-04 17:25:23', 1),
(2294, 56, 260, 18, 0, 0, 15, NULL, 1, 1, '2017-04-04 17:25:14', 1, '2017-04-04 17:25:25', 1),
(2295, 56, 280, 18, 0, 0, 19, NULL, 1, 1, '2017-04-04 17:25:14', 1, '2017-04-04 17:25:26', 1),
(2296, 56, 356, 18, 0, 0, 22, NULL, 1, 1, '2017-04-04 17:25:14', 1, '2017-04-04 17:25:29', 1),
(2297, 56, 301, 17, 0, 0, 5, NULL, 1, 0, '2017-04-04 17:25:42', 1, NULL, NULL),
(2298, 56, 542, 17, 0, 0, 8, NULL, 1, 0, '2017-04-04 17:25:42', 1, NULL, NULL),
(2299, 56, 119, 17, 0, 0, 15, NULL, 1, 0, '2017-04-04 17:25:42', 1, NULL, NULL),
(2300, 56, 418, 17, 0, 0, 19, NULL, 1, 0, '2017-04-04 17:25:42', 1, NULL, NULL),
(2301, 56, 366, 17, 0, 0, 22, NULL, 1, 0, '2017-04-04 17:25:42', 1, NULL, NULL),
(2302, 56, 615, 17, 0, 0, 26, NULL, 1, 0, '2017-04-04 17:25:42', 1, NULL, NULL),
(2303, 56, 74, 17, 0, 0, 29, NULL, 1, 0, '2017-04-04 17:25:42', 1, NULL, NULL),
(2304, 56, 360, 17, 0, 0, 32, NULL, 1, 0, '2017-04-04 17:25:42', 1, NULL, NULL),
(2305, 56, 632, 17, 0, 0, 45, NULL, 1, 0, '2017-04-04 17:25:42', 1, NULL, NULL),
(2306, 60, 68, 4, 1, 0, 1, NULL, 1, 0, '2017-04-04 17:41:51', 1, NULL, NULL),
(2307, 60, 518, 4, 1, 0, 3, NULL, 1, 0, '2017-04-04 17:41:51', 1, NULL, NULL),
(2308, 60, 513, 4, 1, 0, 7, NULL, 1, 0, '2017-04-04 17:41:51', 1, NULL, NULL),
(2309, 60, 514, 4, 1, 1, 8, NULL, 1, 0, '2017-04-04 17:41:51', 1, '2017-04-04 17:41:56', 1),
(2310, 60, 11, 4, 1, 0, 10, NULL, 1, 0, '2017-04-04 17:41:51', 1, NULL, NULL),
(2311, 60, 395, 4, 1, 0, 11, NULL, 1, 0, '2017-04-04 17:41:51', 1, NULL, NULL),
(2312, 60, 36, 4, 1, 0, 16, NULL, 1, 0, '2017-04-04 17:41:51', 1, NULL, NULL),
(2313, 60, 515, 4, 1, 0, 23, NULL, 1, 0, '2017-04-04 17:41:51', 1, NULL, NULL),
(2314, 60, 392, 4, 1, 0, 40, NULL, 1, 0, '2017-04-04 17:41:51', 1, NULL, NULL),
(2315, 60, 516, 4, 1, 0, 50, NULL, 1, 0, '2017-04-04 17:41:51', 1, NULL, NULL),
(2316, 60, 440, 4, 1, 0, 34, NULL, 1, 0, '2017-04-04 17:42:16', 1, NULL, NULL),
(2317, 60, 517, 4, 0, 0, 2, NULL, 1, 0, '2017-04-04 17:42:29', 1, NULL, NULL),
(2318, 60, 426, 4, 0, 0, 15, NULL, 1, 0, '2017-04-04 17:42:29', 1, NULL, NULL),
(2319, 60, 640, 4, 0, 0, 20, NULL, 1, 0, '2017-04-04 17:42:29', 1, NULL, NULL),
(2320, 60, 281, 4, 0, 0, 22, NULL, 1, 0, '2017-04-04 17:42:29', 1, NULL, NULL),
(2321, 60, 399, 4, 0, 0, 26, NULL, 1, 0, '2017-04-04 17:42:29', 1, NULL, NULL),
(2322, 60, 215, 4, 0, 0, 28, NULL, 1, 0, '2017-04-04 17:42:29', 1, NULL, NULL),
(2323, 60, 520, 4, 0, 0, 29, NULL, 1, 0, '2017-04-04 17:42:29', 1, NULL, NULL),
(2324, 60, 22, 1, 1, 0, 1, NULL, 1, 0, '2017-04-04 17:42:53', 1, NULL, NULL),
(2325, 60, 313, 1, 1, 0, 2, NULL, 1, 0, '2017-04-04 17:42:53', 1, NULL, NULL),
(2326, 60, 413, 1, 1, 0, 3, NULL, 1, 0, '2017-04-04 17:42:53', 1, NULL, NULL),
(2327, 60, 244, 1, 1, 0, 5, NULL, 1, 0, '2017-04-04 17:42:53', 1, NULL, NULL),
(2328, 60, 491, 1, 1, 0, 9, NULL, 1, 0, '2017-04-04 17:42:53', 1, NULL, NULL),
(2329, 60, 12, 1, 1, 1, 10, NULL, 1, 0, '2017-04-04 17:42:53', 1, '2017-04-04 17:42:56', 1),
(2330, 60, 510, 1, 1, 0, 15, NULL, 1, 0, '2017-04-04 17:42:53', 1, NULL, NULL),
(2331, 60, 235, 1, 1, 0, 18, NULL, 1, 0, '2017-04-04 17:42:53', 1, NULL, NULL),
(2332, 60, 98, 1, 1, 0, 19, NULL, 1, 0, '2017-04-04 17:42:53', 1, NULL, NULL),
(2333, 60, 512, 1, 1, 0, 29, NULL, 1, 0, '2017-04-04 17:42:53', 1, NULL, NULL),
(2334, 60, 316, 1, 1, 0, 34, NULL, 1, 0, '2017-04-04 17:42:53', 1, NULL, NULL),
(2335, 60, 259, 1, 0, 0, 11, NULL, 1, 0, '2017-04-04 17:43:16', 1, NULL, NULL),
(2336, 60, 509, 1, 0, 0, 13, NULL, 1, 0, '2017-04-04 17:43:16', 1, NULL, NULL),
(2337, 60, 230, 1, 0, 0, 14, NULL, 1, 0, '2017-04-04 17:43:16', 1, NULL, NULL),
(2338, 60, 511, 1, 0, 0, 16, NULL, 1, 0, '2017-04-04 17:43:16', 1, NULL, NULL),
(2339, 60, 433, 1, 0, 0, 22, NULL, 1, 0, '2017-04-04 17:43:16', 1, NULL, NULL),
(2340, 60, 412, 1, 0, 0, 25, NULL, 1, 0, '2017-04-04 17:43:16', 1, NULL, NULL),
(2341, 60, 253, 1, 0, 0, 26, NULL, 1, 0, '2017-04-04 17:43:16', 1, NULL, NULL),
(2342, 60, 126, 1, 0, 0, 28, NULL, 1, 0, '2017-04-04 17:43:16', 1, NULL, NULL),
(2343, 60, 152, 1, 0, 0, 33, NULL, 1, 0, '2017-04-04 17:43:16', 1, NULL, NULL),
(2344, 63, 567, 11, 1, 0, 5, NULL, 1, 0, '2017-04-04 18:28:50', 1, NULL, NULL),
(2345, 63, 208, 11, 1, 0, 7, NULL, 1, 0, '2017-04-04 18:28:50', 1, NULL, NULL),
(2346, 63, 364, 11, 1, 0, 10, NULL, 1, 0, '2017-04-04 18:28:50', 1, NULL, NULL),
(2347, 63, 137, 11, 1, 0, 15, NULL, 1, 0, '2017-04-04 18:28:50', 1, NULL, NULL),
(2348, 63, 163, 11, 1, 0, 18, NULL, 1, 0, '2017-04-04 18:28:50', 1, NULL, NULL),
(2349, 63, 295, 11, 1, 0, 22, NULL, 1, 0, '2017-04-04 18:28:50', 1, NULL, NULL),
(2350, 63, 108, 11, 1, 0, 25, NULL, 1, 0, '2017-04-04 18:28:50', 1, NULL, NULL),
(2351, 63, 114, 11, 1, 0, 27, NULL, 1, 0, '2017-04-04 18:28:50', 1, NULL, NULL),
(2352, 63, 568, 11, 1, 0, 28, NULL, 1, 0, '2017-04-04 18:28:50', 1, NULL, NULL),
(2353, 63, 188, 11, 1, 1, 35, NULL, 1, 0, '2017-04-04 18:28:50', 1, '2017-04-04 18:29:09', 1),
(2354, 63, 327, 11, 1, 0, 37, NULL, 1, 0, '2017-04-04 18:28:50', 1, NULL, NULL),
(2355, 63, 391, 11, 0, 0, 6, NULL, 1, 0, '2017-04-04 18:29:21', 1, NULL, NULL),
(2356, 63, 241, 11, 0, 0, 9, NULL, 1, 0, '2017-04-04 18:29:21', 1, NULL, NULL),
(2357, 63, 20, 11, 0, 0, 17, NULL, 1, 0, '2017-04-04 18:29:21', 1, NULL, NULL),
(2358, 63, 362, 11, 0, 0, 26, NULL, 1, 0, '2017-04-04 18:29:21', 1, NULL, NULL),
(2359, 63, 569, 11, 0, 0, 30, NULL, 1, 0, '2017-04-04 18:29:21', 1, NULL, NULL),
(2360, 63, 185, 11, 0, 0, 33, NULL, 1, 0, '2017-04-04 18:29:21', 1, NULL, NULL),
(2361, 63, 363, 11, 0, 0, 34, NULL, 1, 0, '2017-04-04 18:29:21', 1, NULL, NULL),
(2362, 63, 570, 11, 0, 0, 39, NULL, 1, 0, '2017-04-04 18:29:21', 1, NULL, NULL),
(2363, 63, 571, 11, 0, 0, 99, NULL, 1, 0, '2017-04-04 18:29:21', 1, NULL, NULL),
(2364, 63, 579, 14, 1, 0, 5, NULL, 1, 0, '2017-04-04 18:29:41', 1, NULL, NULL),
(2365, 63, 142, 14, 1, 0, 11, NULL, 1, 0, '2017-04-04 18:29:41', 1, NULL, NULL),
(2366, 63, 580, 14, 1, 0, 19, NULL, 1, 0, '2017-04-04 18:29:41', 1, NULL, NULL),
(2367, 63, 581, 14, 1, 0, 21, NULL, 1, 0, '2017-04-04 18:29:41', 1, NULL, NULL),
(2368, 63, 642, 14, 1, 0, 22, NULL, 1, 0, '2017-04-04 18:29:41', 1, NULL, NULL),
(2369, 63, 5, 14, 1, 0, 23, NULL, 1, 0, '2017-04-04 18:29:41', 1, NULL, NULL),
(2370, 63, 43, 14, 1, 1, 28, NULL, 1, 0, '2017-04-04 18:29:41', 1, '2017-04-04 18:29:52', 1),
(2371, 63, 582, 14, 1, 0, 33, NULL, 1, 0, '2017-04-04 18:29:41', 1, NULL, NULL),
(2372, 63, 607, 14, 1, 0, 36, NULL, 1, 0, '2017-04-04 18:29:41', 1, NULL, NULL),
(2373, 63, 584, 14, 1, 0, 39, NULL, 1, 0, '2017-04-04 18:29:41', 1, NULL, NULL),
(2374, 63, 586, 14, 1, 0, 80, NULL, 1, 0, '2017-04-04 18:29:41', 1, NULL, NULL),
(2375, 63, 447, 14, 0, 0, 2, NULL, 1, 0, '2017-04-04 18:30:00', 1, NULL, NULL),
(2376, 63, 608, 14, 0, 0, 4, NULL, 1, 0, '2017-04-04 18:30:00', 1, NULL, NULL),
(2377, 63, 416, 14, 0, 0, 6, NULL, 1, 0, '2017-04-04 18:30:00', 1, NULL, NULL),
(2378, 63, 609, 14, 0, 0, 7, NULL, 1, 0, '2017-04-04 18:30:00', 1, NULL, NULL),
(2379, 63, 643, 14, 0, 0, 13, NULL, 1, 0, '2017-04-04 18:30:00', 1, NULL, NULL),
(2380, 63, 415, 14, 0, 0, 14, NULL, 1, 0, '2017-04-04 18:30:00', 1, NULL, NULL),
(2381, 63, 64, 14, 0, 0, 17, NULL, 1, 0, '2017-04-04 18:30:00', 1, NULL, NULL),
(2382, 63, 585, 14, 0, 0, 77, NULL, 1, 0, '2017-04-04 18:30:00', 1, NULL, NULL),
(2383, 63, 657, 14, 0, 0, 44, NULL, 1, 0, '2017-04-04 18:30:48', 1, NULL, NULL),
(2384, 62, 595, 12, 1, 1, 3, NULL, 1, 0, '2017-04-04 22:32:49', 1, '2017-04-04 22:32:51', 1),
(2385, 62, 324, 12, 1, 0, 4, NULL, 1, 0, '2017-04-04 22:32:49', 1, NULL, NULL),
(2386, 62, 596, 12, 1, 0, 6, NULL, 1, 0, '2017-04-04 22:32:49', 1, NULL, NULL),
(2387, 62, 298, 12, 1, 0, 8, NULL, 1, 0, '2017-04-04 22:32:49', 1, NULL, NULL),
(2388, 62, 330, 12, 1, 0, 10, NULL, 1, 0, '2017-04-04 22:32:49', 1, NULL, NULL),
(2389, 62, 66, 12, 1, 0, 13, NULL, 1, 0, '2017-04-04 22:32:49', 1, NULL, NULL),
(2390, 62, 597, 12, 1, 0, 14, NULL, 1, 0, '2017-04-04 22:32:49', 1, NULL, NULL),
(2391, 62, 598, 12, 1, 0, 18, NULL, 1, 0, '2017-04-04 22:32:49', 1, NULL, NULL),
(2392, 62, 599, 12, 1, 0, 19, NULL, 1, 0, '2017-04-04 22:32:49', 1, NULL, NULL),
(2393, 62, 192, 12, 1, 0, 24, NULL, 1, 0, '2017-04-04 22:32:49', 1, NULL, NULL),
(2394, 62, 65, 12, 1, 0, 37, NULL, 1, 0, '2017-04-04 22:32:49', 1, NULL, NULL),
(2395, 62, 184, 12, 0, 0, 1, NULL, 1, 0, '2017-04-04 22:33:10', 1, NULL, NULL),
(2396, 62, 129, 12, 0, 0, 17, NULL, 1, 0, '2017-04-04 22:33:10', 1, NULL, NULL),
(2397, 62, 616, 12, 0, 0, 20, NULL, 1, 0, '2017-04-04 22:33:10', 1, NULL, NULL),
(2398, 62, 482, 12, 0, 0, 26, NULL, 1, 0, '2017-04-04 22:33:10', 1, NULL, NULL),
(2399, 62, 600, 12, 0, 0, 27, NULL, 1, 0, '2017-04-04 22:33:10', 1, NULL, NULL),
(2400, 62, 322, 12, 0, 0, 35, NULL, 1, 0, '2017-04-04 22:33:10', 1, NULL, NULL),
(2401, 62, 121, 12, 0, 0, 38, NULL, 1, 0, '2017-04-04 22:33:10', 1, NULL, NULL),
(2402, 62, 246, 12, 0, 0, 5, NULL, 1, 0, '2017-04-04 22:33:24', 1, NULL, NULL),
(2403, 62, 528, 13, 1, 0, 1, NULL, 1, 0, '2017-04-04 22:33:48', 1, NULL, NULL),
(2404, 62, 529, 13, 1, 0, 2, NULL, 1, 0, '2017-04-04 22:33:48', 1, NULL, NULL),
(2405, 62, 166, 13, 1, 0, 3, NULL, 1, 0, '2017-04-04 22:33:48', 1, NULL, NULL),
(2406, 62, 289, 13, 1, 0, 4, NULL, 1, 0, '2017-04-04 22:33:48', 1, NULL, NULL),
(2407, 62, 254, 13, 1, 0, 13, NULL, 1, 0, '2017-04-04 22:33:48', 1, NULL, NULL),
(2408, 62, 196, 13, 1, 0, 16, NULL, 1, 0, '2017-04-04 22:33:48', 1, NULL, NULL),
(2409, 62, 200, 13, 1, 1, 17, NULL, 1, 0, '2017-04-04 22:33:48', 1, '2017-04-04 22:33:51', 1),
(2410, 62, 165, 13, 1, 0, 24, NULL, 1, 0, '2017-04-04 22:33:48', 1, NULL, NULL),
(2411, 62, 95, 13, 1, 0, 25, NULL, 1, 0, '2017-04-04 22:33:48', 1, NULL, NULL),
(2412, 62, 621, 13, 1, 0, 32, NULL, 1, 0, '2017-04-04 22:33:48', 1, NULL, NULL),
(2413, 62, 118, 13, 1, 0, 37, NULL, 1, 0, '2017-04-04 22:33:48', 1, NULL, NULL),
(2414, 62, 536, 13, 0, 0, 6, NULL, 1, 0, '2017-04-04 22:34:18', 1, NULL, NULL),
(2415, 62, 622, 13, 0, 0, 8, NULL, 1, 0, '2017-04-04 22:34:18', 1, NULL, NULL),
(2416, 62, 151, 13, 0, 0, 9, NULL, 1, 0, '2017-04-04 22:34:18', 1, NULL, NULL),
(2417, 62, 531, 13, 0, 0, 10, NULL, 1, 0, '2017-04-04 22:34:18', 1, NULL, NULL),
(2418, 62, 538, 13, 0, 0, 14, NULL, 1, 0, '2017-04-04 22:34:18', 1, NULL, NULL),
(2419, 62, 539, 13, 0, 0, 22, NULL, 1, 0, '2017-04-04 22:34:18', 1, NULL, NULL),
(2420, 62, 623, 13, 0, 0, 27, NULL, 1, 0, '2017-04-04 22:34:18', 1, NULL, NULL),
(2421, 62, 540, 13, 0, 0, 35, NULL, 1, 0, '2017-04-04 22:34:18', 1, NULL, NULL),
(2422, 62, 534, 13, 0, 0, 39, NULL, 1, 0, '2017-04-04 22:34:18', 1, NULL, NULL),
(2423, 57, 216, 15, 1, 0, 1, NULL, 1, 0, '2017-04-05 10:32:19', 1, NULL, NULL),
(2424, 57, 262, 15, 1, 0, 4, NULL, 1, 0, '2017-04-05 10:32:19', 1, NULL, NULL),
(2425, 57, 9, 15, 1, 1, 6, NULL, 1, 0, '2017-04-05 10:32:19', 1, '2017-04-05 10:32:22', 1),
(2426, 57, 604, 15, 1, 0, 8, NULL, 1, 0, '2017-04-05 10:32:19', 1, NULL, NULL),
(2427, 57, 125, 15, 1, 0, 10, NULL, 1, 0, '2017-04-05 10:32:19', 1, NULL, NULL),
(2428, 57, 56, 15, 1, 0, 16, NULL, 1, 0, '2017-04-05 10:32:19', 1, NULL, NULL),
(2429, 57, 207, 15, 1, 0, 22, NULL, 1, 0, '2017-04-05 10:32:19', 1, NULL, NULL),
(2430, 57, 132, 15, 1, 0, 23, NULL, 1, 0, '2017-04-05 10:32:19', 1, NULL, NULL),
(2431, 57, 47, 15, 1, 0, 31, NULL, 1, 0, '2017-04-05 10:32:19', 1, NULL, NULL),
(2432, 57, 154, 15, 1, 0, 40, NULL, 1, 0, '2017-04-05 10:32:19', 1, NULL, NULL),
(2433, 57, 620, 15, 1, 0, 99, NULL, 1, 0, '2017-04-05 10:32:19', 1, NULL, NULL),
(2434, 57, 181, 15, 0, 0, 9, NULL, 1, 0, '2017-04-05 10:33:02', 1, NULL, NULL),
(2435, 57, 263, 15, 0, 0, 14, NULL, 1, 0, '2017-04-05 10:33:02', 1, NULL, NULL),
(2436, 57, 344, 15, 0, 0, 17, NULL, 1, 0, '2017-04-05 10:33:02', 1, NULL, NULL),
(2437, 57, 18, 15, 0, 0, 19, NULL, 1, 0, '2017-04-05 10:33:02', 1, NULL, NULL),
(2438, 57, 639, 15, 0, 0, 21, NULL, 1, 0, '2017-04-05 10:33:02', 1, NULL, NULL),
(2439, 57, 58, 15, 0, 0, 27, NULL, 1, 0, '2017-04-05 10:33:02', 1, NULL, NULL),
(2440, 57, 606, 15, 0, 0, 29, NULL, 1, 0, '2017-04-05 10:33:02', 1, NULL, NULL),
(2441, 57, 149, 15, 0, 0, 39, NULL, 1, 0, '2017-04-05 10:33:02', 1, NULL, NULL),
(2442, 57, 343, 15, 0, 0, 20, NULL, 1, 0, '2017-04-05 10:33:21', 1, NULL, NULL),
(2443, 57, 46, 3, 1, 0, 1, NULL, 1, 0, '2017-04-05 10:33:38', 1, NULL, NULL),
(2444, 57, 249, 3, 1, 1, 4, NULL, 1, 0, '2017-04-05 10:33:38', 1, '2017-04-05 10:33:41', 1),
(2445, 57, 91, 3, 1, 0, 5, NULL, 1, 0, '2017-04-05 10:33:38', 1, NULL, NULL),
(2446, 57, 279, 3, 1, 0, 7, NULL, 1, 0, '2017-04-05 10:33:38', 1, NULL, NULL),
(2447, 57, 233, 3, 1, 0, 8, NULL, 1, 0, '2017-04-05 10:33:38', 1, NULL, NULL),
(2448, 57, 505, 3, 1, 0, 18, NULL, 1, 0, '2017-04-05 10:33:38', 1, NULL, NULL),
(2449, 57, 502, 3, 1, 0, 21, NULL, 1, 0, '2017-04-05 10:33:38', 1, NULL, NULL),
(2450, 57, 506, 3, 1, 0, 22, NULL, 1, 0, '2017-04-05 10:33:38', 1, NULL, NULL),
(2451, 57, 2, 3, 1, 0, 23, NULL, 1, 0, '2017-04-05 10:33:38', 1, NULL, NULL),
(2452, 57, 252, 3, 1, 0, 35, NULL, 1, 0, '2017-04-05 10:33:38', 1, NULL, NULL),
(2453, 57, 205, 3, 1, 0, 39, NULL, 1, 0, '2017-04-05 10:33:38', 1, NULL, NULL),
(2454, 57, 503, 3, 0, 0, 2, NULL, 1, 0, '2017-04-05 10:34:03', 1, NULL, NULL),
(2455, 57, 504, 3, 0, 0, 3, NULL, 1, 0, '2017-04-05 10:34:03', 1, NULL, NULL),
(2456, 57, 3, 3, 0, 0, 17, NULL, 1, 0, '2017-04-05 10:34:03', 1, NULL, NULL),
(2457, 57, 397, 3, 0, 0, 20, NULL, 1, 0, '2017-04-05 10:34:03', 1, NULL, NULL),
(2458, 57, 400, 3, 0, 0, 26, NULL, 1, 0, '2017-04-05 10:34:03', 1, NULL, NULL),
(2459, 57, 48, 3, 0, 0, 29, NULL, 1, 0, '2017-04-05 10:34:03', 1, NULL, NULL),
(2460, 57, 340, 3, 0, 0, 32, NULL, 1, 0, '2017-04-05 10:34:03', 1, NULL, NULL),
(2461, 57, 210, 3, 0, 0, 34, NULL, 1, 0, '2017-04-05 10:34:03', 1, NULL, NULL),
(2462, 57, 508, 3, 0, 0, 93, NULL, 1, 0, '2017-04-05 10:34:03', 1, NULL, NULL),
(2463, 64, 448, 9, 1, 0, 4, NULL, 1, 0, '2017-04-05 10:55:35', 1, NULL, NULL),
(2464, 64, 325, 9, 1, 0, 5, NULL, 1, 0, '2017-04-05 10:55:35', 1, NULL, NULL),
(2465, 64, 203, 9, 1, 0, 6, NULL, 1, 0, '2017-04-05 10:55:35', 1, NULL, NULL),
(2466, 64, 10, 9, 1, 1, 7, NULL, 1, 0, '2017-04-05 10:55:35', 1, '2017-04-05 10:55:50', 1),
(2467, 64, 374, 9, 1, 0, 9, NULL, 1, 0, '2017-04-05 10:55:35', 1, NULL, NULL),
(2468, 64, 589, 9, 1, 0, 10, NULL, 1, 0, '2017-04-05 10:55:35', 1, NULL, NULL),
(2469, 64, 590, 9, 1, 0, 11, NULL, 1, 0, '2017-04-05 10:55:35', 1, NULL, NULL),
(2470, 64, 21, 9, 1, 0, 19, NULL, 1, 0, '2017-04-05 10:55:35', 1, NULL, NULL),
(2471, 64, 407, 9, 1, 0, 20, NULL, 1, 0, '2017-04-05 10:55:35', 1, NULL, NULL),
(2472, 64, 26, 9, 1, 0, 28, NULL, 1, 0, '2017-04-05 10:55:35', 1, NULL, NULL),
(2473, 64, 658, 9, 1, 0, 3, NULL, 1, 0, '2017-04-05 10:57:48', 1, NULL, NULL),
(2474, 64, 1, 9, 0, 0, 1, NULL, 1, 0, '2017-04-05 10:58:56', 1, NULL, NULL),
(2475, 64, 591, 9, 0, 0, 2, NULL, 1, 0, '2017-04-05 10:58:56', 1, NULL, NULL),
(2476, 64, 612, 9, 0, 0, 16, NULL, 1, 0, '2017-04-05 10:58:56', 1, NULL, NULL),
(2477, 64, 97, 9, 0, 0, 17, NULL, 1, 0, '2017-04-05 10:58:56', 1, NULL, NULL),
(2478, 64, 225, 9, 0, 0, 21, NULL, 1, 0, '2017-04-05 10:58:56', 1, NULL, NULL),
(2479, 64, 613, 9, 0, 0, 23, NULL, 1, 0, '2017-04-05 10:58:56', 1, NULL, NULL),
(2480, 64, 634, 9, 0, 0, 30, NULL, 1, 0, '2017-04-05 10:58:56', 1, NULL, NULL),
(2481, 64, 318, 9, 0, 0, 34, NULL, 1, 0, '2017-04-05 10:58:56', 1, NULL, NULL),
(2482, 64, 594, 9, 0, 0, 40, NULL, 1, 0, '2017-04-05 10:58:56', 1, NULL, NULL),
(2483, 64, 547, 10, 1, 0, 3, NULL, 1, 0, '2017-04-05 10:59:16', 1, NULL, NULL),
(2484, 64, 40, 10, 1, 0, 4, NULL, 1, 0, '2017-04-05 10:59:16', 1, NULL, NULL),
(2485, 64, 548, 10, 1, 0, 5, NULL, 1, 0, '2017-04-05 10:59:16', 1, NULL, NULL),
(2486, 64, 4, 10, 1, 0, 6, NULL, 1, 0, '2017-04-05 10:59:16', 1, NULL, NULL),
(2487, 64, 145, 10, 1, 0, 7, NULL, 1, 0, '2017-04-05 10:59:16', 1, NULL, NULL),
(2488, 64, 285, 10, 1, 0, 9, NULL, 1, 0, '2017-04-05 10:59:16', 1, NULL, NULL),
(2489, 64, 550, 10, 1, 0, 10, NULL, 1, 0, '2017-04-05 10:59:16', 1, NULL, NULL),
(2490, 64, 50, 10, 1, 1, 18, NULL, 1, 0, '2017-04-05 10:59:16', 1, '2017-04-05 10:59:20', 1),
(2491, 64, 394, 10, 1, 0, 19, NULL, 1, 0, '2017-04-05 10:59:16', 1, NULL, NULL),
(2492, 64, 552, 10, 1, 0, 34, NULL, 1, 0, '2017-04-05 10:59:16', 1, NULL, NULL),
(2493, 64, 31, 10, 1, 0, 38, NULL, 1, 0, '2017-04-05 10:59:16', 1, NULL, NULL),
(2494, 64, 549, 10, 0, 0, 8, NULL, 1, 0, '2017-04-05 10:59:44', 1, NULL, NULL),
(2495, 64, 350, 10, 0, 0, 17, NULL, 1, 0, '2017-04-05 10:59:44', 1, NULL, NULL),
(2496, 64, 551, 10, 0, 0, 20, NULL, 1, 0, '2017-04-05 10:59:44', 1, NULL, NULL),
(2497, 64, 209, 10, 0, 0, 21, NULL, 1, 0, '2017-04-05 10:59:44', 1, NULL, NULL),
(2498, 64, 351, 10, 0, 0, 25, NULL, 1, 0, '2017-04-05 10:59:44', 1, NULL, NULL),
(2499, 64, 123, 10, 0, 0, 28, NULL, 1, 0, '2017-04-05 10:59:44', 1, NULL, NULL),
(2500, 64, 14, 10, 0, 0, 32, NULL, 1, 0, '2017-04-05 10:59:44', 1, NULL, NULL),
(2501, 64, 553, 10, 0, 0, 35, NULL, 1, 0, '2017-04-05 10:59:44', 1, NULL, NULL),
(2502, 64, 201, 10, 0, 0, 40, NULL, 1, 0, '2017-04-05 10:59:44', 1, NULL, NULL),
(2503, 59, 124, 2, 1, 0, 5, NULL, 1, 0, '2017-04-05 11:22:53', 1, NULL, NULL),
(2504, 59, 139, 2, 1, 0, 6, NULL, 1, 0, '2017-04-05 11:22:53', 1, NULL, NULL),
(2505, 59, 150, 2, 1, 0, 7, NULL, 1, 0, '2017-04-05 11:22:53', 1, NULL, NULL),
(2506, 59, 410, 2, 1, 0, 10, NULL, 1, 0, '2017-04-05 11:22:53', 1, NULL, NULL),
(2507, 59, 358, 2, 1, 0, 11, NULL, 1, 0, '2017-04-05 11:22:53', 1, NULL, NULL),
(2508, 59, 359, 2, 1, 0, 13, NULL, 1, 0, '2017-04-05 11:22:53', 1, NULL, NULL),
(2509, 59, 85, 2, 1, 0, 16, NULL, 1, 0, '2017-04-05 11:22:53', 1, NULL, NULL),
(2510, 59, 222, 2, 1, 0, 22, NULL, 1, 0, '2017-04-05 11:22:53', 1, NULL, NULL),
(2511, 59, 79, 2, 1, 1, 29, NULL, 1, 0, '2017-04-05 11:22:53', 1, '2017-04-05 11:22:56', 1),
(2512, 59, 636, 2, 1, 0, 32, NULL, 1, 0, '2017-04-05 11:22:53', 1, NULL, NULL),
(2513, 59, 120, 2, 1, 0, 34, NULL, 1, 0, '2017-04-05 11:22:53', 1, NULL, NULL),
(2514, 59, 86, 2, 0, 0, 1, NULL, 1, 0, '2017-04-05 11:23:37', 1, NULL, NULL),
(2515, 59, 245, 2, 0, 0, 3, NULL, 1, 0, '2017-04-05 11:23:37', 1, NULL, NULL),
(2516, 59, 37, 2, 0, 0, 8, NULL, 1, 0, '2017-04-05 11:23:37', 1, NULL, NULL),
(2517, 59, 13, 2, 0, 0, 14, NULL, 1, 0, '2017-04-05 11:23:37', 1, NULL, NULL),
(2518, 59, 398, 2, 0, 0, 18, NULL, 1, 0, '2017-04-05 11:23:37', 1, NULL, NULL),
(2519, 59, 92, 2, 0, 0, 20, NULL, 1, 0, '2017-04-05 11:23:37', 1, NULL, NULL),
(2520, 59, 212, 2, 0, 0, 21, NULL, 1, 0, '2017-04-05 11:23:37', 1, NULL, NULL),
(2521, 59, 602, 2, 0, 0, 23, NULL, 1, 0, '2017-04-05 11:23:37', 1, NULL, NULL),
(2522, 59, 32, 2, 0, 0, 39, NULL, 1, 0, '2017-04-05 11:23:37', 1, NULL, NULL),
(2523, 59, 243, 8, 1, 1, 4, NULL, 1, 0, '2017-04-05 11:23:57', 1, '2017-04-05 11:24:01', 1),
(2524, 59, 423, 8, 1, 0, 7, NULL, 1, 0, '2017-04-05 11:23:57', 1, NULL, NULL),
(2525, 59, 560, 8, 1, 0, 9, NULL, 1, 0, '2017-04-05 11:23:57', 1, NULL, NULL),
(2526, 59, 217, 8, 1, 0, 10, NULL, 1, 0, '2017-04-05 11:23:57', 1, NULL, NULL),
(2527, 59, 195, 8, 1, 0, 14, NULL, 1, 0, '2017-04-05 11:23:57', 1, NULL, NULL),
(2528, 59, 564, 8, 1, 0, 24, NULL, 1, 0, '2017-04-05 11:23:57', 1, NULL, NULL),
(2529, 59, 300, 8, 1, 0, 27, NULL, 1, 0, '2017-04-05 11:23:57', 1, NULL, NULL),
(2530, 59, 565, 8, 1, 0, 28, NULL, 1, 0, '2017-04-05 11:23:57', 1, NULL, NULL),
(2531, 59, 153, 8, 1, 0, 31, NULL, 1, 0, '2017-04-05 11:23:57', 1, NULL, NULL),
(2532, 59, 219, 8, 1, 0, 34, NULL, 1, 0, '2017-04-05 11:23:57', 1, NULL, NULL),
(2533, 59, 144, 8, 1, 0, 35, NULL, 1, 0, '2017-04-05 11:23:57', 1, NULL, NULL),
(2534, 59, 314, 8, 0, 0, 1, NULL, 1, 0, '2017-04-05 11:24:19', 1, NULL, NULL),
(2535, 59, 376, 8, 0, 0, 2, NULL, 1, 0, '2017-04-05 11:24:19', 1, NULL, NULL),
(2536, 59, 265, 8, 0, 0, 11, NULL, 1, 0, '2017-04-05 11:24:19', 1, NULL, NULL),
(2537, 59, 633, 8, 0, 0, 12, NULL, 1, 0, '2017-04-05 11:24:19', 1, NULL, NULL),
(2538, 59, 89, 8, 0, 0, 13, NULL, 1, 0, '2017-04-05 11:24:19', 1, NULL, NULL),
(2539, 59, 561, 8, 0, 0, 17, NULL, 1, 0, '2017-04-05 11:24:19', 1, NULL, NULL),
(2540, 59, 292, 8, 0, 0, 20, NULL, 1, 0, '2017-04-05 11:24:19', 1, NULL, NULL),
(2541, 59, 311, 8, 0, 0, 25, NULL, 1, 0, '2017-04-05 11:24:19', 1, NULL, NULL),
(2542, 59, 566, 8, 0, 0, 37, NULL, 1, 0, '2017-04-05 11:24:19', 1, NULL, NULL),
(2543, 58, 223, 16, 1, 0, 5, NULL, 1, 0, '2017-04-05 11:42:21', 1, NULL, NULL),
(2544, 58, 624, 16, 1, 0, 6, NULL, 1, 0, '2017-04-05 11:42:21', 1, NULL, NULL),
(2545, 58, 417, 16, 1, 0, 7, NULL, 1, 0, '2017-04-05 11:42:21', 1, NULL, NULL),
(2546, 58, 34, 16, 1, 0, 9, NULL, 1, 0, '2017-04-05 11:42:21', 1, NULL, NULL),
(2547, 58, 270, 16, 1, 0, 11, NULL, 1, 0, '2017-04-05 11:42:21', 1, NULL, NULL),
(2548, 58, 175, 16, 1, 1, 13, NULL, 1, 0, '2017-04-05 11:42:21', 1, '2017-04-05 11:42:25', 1),
(2549, 58, 228, 16, 1, 0, 19, NULL, 1, 0, '2017-04-05 11:42:21', 1, NULL, NULL),
(2550, 58, 273, 16, 1, 0, 20, NULL, 1, 0, '2017-04-05 11:42:21', 1, NULL, NULL),
(2551, 58, 557, 16, 1, 0, 23, NULL, 1, 0, '2017-04-05 11:42:21', 1, NULL, NULL),
(2552, 58, 276, 16, 1, 0, 26, NULL, 1, 0, '2017-04-05 11:42:21', 1, NULL, NULL),
(2553, 58, 277, 16, 1, 0, 31, NULL, 1, 0, '2017-04-05 11:42:21', 1, NULL, NULL),
(2554, 58, 267, 16, 0, 0, 1, NULL, 1, 0, '2017-04-05 11:42:58', 1, NULL, NULL),
(2555, 58, 625, 16, 0, 0, 2, NULL, 1, 0, '2017-04-05 11:42:58', 1, NULL, NULL),
(2556, 58, 268, 16, 0, 0, 3, NULL, 1, 0, '2017-04-05 11:42:58', 1, NULL, NULL),
(2557, 58, 555, 16, 0, 0, 4, NULL, 1, 0, '2017-04-05 11:42:58', 1, NULL, NULL),
(2558, 58, 229, 16, 0, 0, 8, NULL, 1, 0, '2017-04-05 11:42:58', 1, NULL, NULL),
(2559, 58, 227, 16, 0, 0, 12, NULL, 1, 0, '2017-04-05 11:42:58', 1, NULL, NULL),
(2560, 58, 271, 16, 0, 0, 14, NULL, 1, 0, '2017-04-05 11:42:58', 1, NULL, NULL),
(2561, 58, 51, 16, 0, 0, 18, NULL, 1, 0, '2017-04-05 11:42:58', 1, NULL, NULL),
(2562, 58, 559, 16, 0, 0, 40, NULL, 1, 0, '2017-04-05 11:42:58', 1, NULL, NULL),
(2563, 58, 78, 7, 1, 1, 3, NULL, 1, 0, '2017-04-05 11:43:23', 1, '2017-04-05 11:43:26', 1),
(2564, 58, 220, 7, 1, 0, 4, NULL, 1, 0, '2017-04-05 11:43:23', 1, NULL, NULL),
(2565, 58, 430, 7, 1, 0, 5, NULL, 1, 0, '2017-04-05 11:43:23', 1, NULL, NULL),
(2566, 58, 436, 7, 1, 0, 8, NULL, 1, 0, '2017-04-05 11:43:23', 1, NULL, NULL),
(2567, 58, 572, 7, 1, 0, 9, NULL, 1, 0, '2017-04-05 11:43:23', 1, NULL, NULL),
(2568, 58, 573, 7, 1, 0, 10, NULL, 1, 0, '2017-04-05 11:43:23', 1, NULL, NULL),
(2569, 58, 574, 7, 1, 0, 11, NULL, 1, 0, '2017-04-05 11:43:23', 1, NULL, NULL),
(2570, 58, 312, 7, 1, 0, 17, NULL, 1, 0, '2017-04-05 11:43:23', 1, NULL, NULL),
(2571, 58, 446, 7, 1, 0, 18, NULL, 1, 0, '2017-04-05 11:43:23', 1, NULL, NULL),
(2572, 58, 157, 7, 1, 0, 21, NULL, 1, 0, '2017-04-05 11:43:23', 1, NULL, NULL),
(2573, 58, 575, 7, 1, 0, 28, NULL, 1, 0, '2017-04-05 11:43:23', 1, NULL, NULL),
(2574, 58, 130, 7, 0, 0, 6, NULL, 1, 0, '2017-04-05 11:43:47', 1, NULL, NULL),
(2575, 58, 178, 7, 0, 0, 14, NULL, 1, 0, '2017-04-05 11:43:47', 1, NULL, NULL),
(2576, 58, 576, 7, 0, 0, 15, NULL, 1, 0, '2017-04-05 11:43:47', 1, NULL, NULL),
(2577, 58, 577, 7, 0, 0, 20, NULL, 1, 0, '2017-04-05 11:43:47', 1, NULL, NULL),
(2578, 58, 341, 7, 0, 0, 24, NULL, 1, 0, '2017-04-05 11:43:47', 1, NULL, NULL),
(2579, 58, 49, 7, 0, 0, 29, NULL, 1, 0, '2017-04-05 11:43:47', 1, NULL, NULL),
(2580, 58, 242, 7, 0, 0, 33, NULL, 1, 0, '2017-04-05 11:43:47', 1, NULL, NULL),
(2581, 58, 232, 7, 0, 0, 36, NULL, 1, 0, '2017-04-05 11:43:47', 1, NULL, NULL),
(2582, 58, 578, 7, 0, 0, 38, NULL, 1, 0, '2017-04-05 11:43:47', 1, NULL, NULL);

-- --------------------------------------------------------

--
-- Table structure for table `match_player_best`
--

CREATE TABLE `match_player_best` (
  `id` int(10) UNSIGNED NOT NULL,
  `week_id` int(10) UNSIGNED NOT NULL,
  `player_id` int(10) UNSIGNED NOT NULL,
  `club_id` int(10) UNSIGNED NOT NULL DEFAULT '0',
  `description` text COLLATE utf8_unicode_ci,
  `status` int(1) UNSIGNED NOT NULL DEFAULT '1',
  `deleted` int(1) UNSIGNED NOT NULL DEFAULT '0',
  `created_date` datetime NOT NULL DEFAULT CURRENT_TIMESTAMP,
  `created_by` int(10) UNSIGNED NOT NULL DEFAULT '1',
  `modified_date` datetime DEFAULT NULL,
  `modified_by` int(11) DEFAULT NULL
) ENGINE=MyISAM DEFAULT CHARSET=utf8 COLLATE=utf8_unicode_ci;

--
-- Dumping data for table `match_player_best`
--

INSERT INTO `match_player_best` (`id`, `week_id`, `player_id`, `club_id`, `description`, `status`, `deleted`, `created_date`, `created_by`, `modified_date`, `modified_by`) VALUES
(1, 1, 22, 1, NULL, 1, 0, '2017-02-20 20:59:40', 1, NULL, NULL),
(2, 1, 309, 17, NULL, 1, 0, '2017-02-20 21:00:00', 1, NULL, NULL),
(3, 1, 137, 11, NULL, 1, 0, '2017-02-20 21:01:31', 1, NULL, NULL),
(4, 1, 124, 2, NULL, 1, 0, '2017-02-20 21:01:47', 1, NULL, NULL),
(5, 1, 436, 7, NULL, 1, 0, '2017-02-20 21:02:07', 1, NULL, NULL),
(6, 1, 235, 1, NULL, 1, 0, '2017-02-20 21:02:15', 1, NULL, NULL),
(7, 1, 220, 7, NULL, 1, 0, '2017-02-20 21:02:39', 1, NULL, NULL),
(8, 1, 103, 5, NULL, 1, 0, '2017-02-20 21:02:47', 1, NULL, NULL),
(9, 1, 491, 1, NULL, 1, 0, '2017-02-20 21:02:58', 1, NULL, NULL),
(10, 1, 285, 10, NULL, 1, 0, '2017-02-20 21:03:12', 1, NULL, NULL),
(11, 1, 589, 9, NULL, 1, 0, '2017-02-26 23:43:42', 1, NULL, NULL),
(12, 2, 167, 14, NULL, 1, 0, '2017-02-26 23:44:11', 1, NULL, NULL),
(13, 2, 413, 1, NULL, 1, 0, '2017-02-26 23:44:19', 1, NULL, NULL),
(14, 2, 309, 17, NULL, 1, 0, '2017-02-26 23:44:53', 1, NULL, NULL),
(15, 2, 25, 4, NULL, 1, 0, '2017-02-26 23:44:59', 1, NULL, NULL),
(16, 2, 574, 7, NULL, 1, 0, '2017-02-26 23:45:41', 1, NULL, NULL),
(17, 2, 155, 18, NULL, 1, 0, '2017-02-26 23:45:49', 1, NULL, NULL),
(18, 2, 273, 16, NULL, 1, 0, '2017-02-26 23:45:59', 1, NULL, NULL),
(19, 2, 307, 17, NULL, 1, 0, '2017-02-26 23:46:08', 1, NULL, NULL),
(20, 2, 596, 12, NULL, 1, 0, '2017-02-26 23:46:49', 1, NULL, NULL),
(21, 2, 306, 17, NULL, 1, 0, '2017-02-26 23:46:58', 1, NULL, NULL),
(22, 2, 572, 7, NULL, 1, 0, '2017-02-26 23:47:48', 1, NULL, NULL),
(23, 3, 144, 8, NULL, 1, 0, '2017-03-02 12:39:58', 1, NULL, NULL),
(24, 3, 618, 5, NULL, 1, 0, '2017-03-02 12:40:06', 1, NULL, NULL),
(25, 3, 91, 3, NULL, 1, 0, '2017-03-02 12:40:12', 1, NULL, NULL),
(26, 3, 309, 17, NULL, 1, 0, '2017-03-02 12:40:24', 1, NULL, NULL),
(27, 3, 413, 1, NULL, 1, 0, '2017-03-02 12:40:34', 1, NULL, NULL),
(28, 3, 79, 2, NULL, 1, 0, '2017-03-02 12:40:48', 1, NULL, NULL),
(29, 3, 11, 4, NULL, 1, 0, '2017-03-02 12:40:56', 1, NULL, NULL),
(30, 3, 217, 8, NULL, 1, 0, '2017-03-02 12:41:06', 1, NULL, NULL),
(31, 3, 233, 3, NULL, 1, 0, '2017-03-02 12:43:51', 1, NULL, NULL),
(32, 3, 502, 3, NULL, 1, 0, '2017-03-02 12:43:59', 1, NULL, NULL),
(33, 3, 13, 2, NULL, 1, 0, '2017-03-02 12:44:06', 1, NULL, NULL),
(34, 4, 68, 4, NULL, 1, 0, '2017-03-07 22:40:57', 1, NULL, NULL),
(35, 4, 413, 1, NULL, 1, 0, '2017-03-07 22:41:06', 1, NULL, NULL),
(36, 4, 512, 1, NULL, 1, 0, '2017-03-07 22:41:19', 1, NULL, NULL),
(37, 4, 252, 3, NULL, 1, 0, '2017-03-07 22:41:28', 1, NULL, NULL),
(38, 4, 621, 13, NULL, 1, 0, '2017-03-07 22:41:34', 1, NULL, NULL),
(39, 4, 231, 4, NULL, 1, 0, '2017-03-07 22:41:41', 1, NULL, NULL),
(40, 4, 10, 9, NULL, 1, 0, '2017-03-07 22:41:50', 1, NULL, NULL),
(41, 4, 134, 18, NULL, 1, 0, '2017-03-07 22:41:56', 1, NULL, NULL),
(42, 4, 542, 17, NULL, 1, 0, '2017-03-07 22:42:03', 1, NULL, NULL),
(43, 4, 150, 2, NULL, 1, 0, '2017-03-07 22:42:12', 1, NULL, NULL),
(44, 4, 573, 7, NULL, 1, 0, '2017-03-07 22:42:21', 1, NULL, NULL),
(45, 5, 22, 1, NULL, 1, 0, '2017-03-09 14:23:12', 1, NULL, NULL),
(46, 5, 430, 7, NULL, 1, 0, '2017-03-09 14:23:23', 1, NULL, NULL),
(47, 5, 203, 9, NULL, 1, 0, '2017-03-09 14:23:35', 1, NULL, NULL),
(48, 5, 41, 5, NULL, 1, 0, '2017-03-09 14:23:43', 1, NULL, NULL),
(49, 5, 514, 4, NULL, 1, 0, '2017-03-09 14:23:50', 1, NULL, NULL),
(50, 5, 312, 7, NULL, 1, 0, '2017-03-09 14:24:25', 1, NULL, NULL),
(51, 5, 266, 6, NULL, 1, 0, '2017-03-09 14:24:34', 1, NULL, NULL),
(52, 5, 125, 15, NULL, 1, 0, '2017-03-09 14:24:43', 1, NULL, NULL),
(53, 5, 516, 4, NULL, 1, 0, '2017-03-09 14:24:58', 1, NULL, NULL),
(54, 5, 34, 16, NULL, 1, 0, '2017-03-09 14:25:08', 1, NULL, NULL),
(55, 5, 559, 16, NULL, 1, 0, '2017-03-09 14:26:46', 1, NULL, NULL),
(56, 6, 68, 4, NULL, 1, 0, '2017-03-13 14:16:09', 1, NULL, NULL),
(57, 6, 104, 6, NULL, 1, 0, '2017-03-13 14:16:19', 1, NULL, NULL),
(58, 6, 523, 5, NULL, 1, 0, '2017-03-13 14:16:41', 1, NULL, NULL),
(59, 6, 596, 12, NULL, 1, 0, '2017-03-13 14:16:54', 1, NULL, NULL),
(60, 6, 233, 3, NULL, 1, 0, '2017-03-13 14:17:49', 1, NULL, NULL),
(61, 6, 155, 18, NULL, 1, 0, '2017-03-13 14:20:31', 1, NULL, NULL),
(62, 6, 145, 10, NULL, 1, 0, '2017-03-13 14:20:45', 1, NULL, NULL),
(63, 6, 103, 5, NULL, 1, 0, '2017-03-13 14:20:56', 1, NULL, NULL),
(64, 6, 614, 17, NULL, 1, 0, '2017-03-13 14:21:15', 1, NULL, NULL),
(65, 6, 12, 1, NULL, 1, 0, '2017-03-13 14:21:28', 1, NULL, NULL),
(66, 6, 572, 7, NULL, 1, 0, '2017-03-13 14:21:46', 1, NULL, NULL),
(67, 7, 26, 9, NULL, 1, 0, '2017-04-05 10:27:36', 1, NULL, NULL),
(68, 7, 280, 18, NULL, 1, 0, '2017-04-05 10:27:44', 1, NULL, NULL),
(69, 7, 518, 4, NULL, 1, 0, '2017-04-05 10:27:52', 1, NULL, NULL),
(70, 7, 124, 2, NULL, 1, 0, '2017-04-05 10:28:01', 1, NULL, NULL),
(71, 7, 573, 7, NULL, 1, 0, '2017-04-05 10:28:36', 1, NULL, NULL),
(72, 7, 114, 11, NULL, 1, 0, '2017-04-05 10:28:46', 1, NULL, NULL),
(73, 7, 298, 12, NULL, 1, 0, '2017-04-05 10:28:54', 1, NULL, NULL),
(74, 7, 11, 4, NULL, 1, 0, '2017-04-05 10:29:01', 1, NULL, NULL),
(75, 7, 103, 5, NULL, 1, 0, '2017-04-05 10:29:07', 1, NULL, NULL),
(76, 7, 222, 2, NULL, 1, 0, '2017-04-05 10:29:17', 1, NULL, NULL),
(77, 7, 279, 3, NULL, 1, 0, '2017-04-05 10:29:30', 1, NULL, NULL);

-- --------------------------------------------------------

--
-- Table structure for table `match_save`
--

CREATE TABLE `match_save` (
  `id` int(10) UNSIGNED NOT NULL,
  `match_id` int(10) UNSIGNED NOT NULL,
  `club_id` int(10) UNSIGNED NOT NULL,
  `player_id` int(10) UNSIGNED NOT NULL,
  `total_saved` int(3) UNSIGNED NOT NULL DEFAULT '0',
  `description` text COLLATE utf8_unicode_ci,
  `status` int(1) UNSIGNED NOT NULL DEFAULT '1',
  `deleted` int(1) UNSIGNED NOT NULL DEFAULT '0',
  `created_date` datetime NOT NULL DEFAULT CURRENT_TIMESTAMP,
  `created_by` int(10) UNSIGNED NOT NULL DEFAULT '1',
  `modified_date` datetime DEFAULT NULL,
  `modified_by` int(11) DEFAULT NULL
) ENGINE=MyISAM DEFAULT CHARSET=utf8 COLLATE=utf8_unicode_ci;

--
-- Dumping data for table `match_save`
--

INSERT INTO `match_save` (`id`, `match_id`, `club_id`, `player_id`, `total_saved`, `description`, `status`, `deleted`, `created_date`, `created_by`, `modified_date`, `modified_by`) VALUES
(1, 1, 18, 189, 2, NULL, 1, 0, '2017-02-21 09:54:12', 1, NULL, NULL),
(2, 1, 6, 105, 1, NULL, 1, 0, '2017-02-21 09:54:12', 1, NULL, NULL),
(3, 3, 3, 46, 5, NULL, 1, 0, '2017-02-21 09:55:31', 1, NULL, NULL),
(4, 3, 1, 22, 4, NULL, 1, 0, '2017-02-21 09:55:31', 1, NULL, NULL),
(5, 6, 4, 68, 3, NULL, 1, 0, '2017-02-21 09:56:05', 1, NULL, NULL),
(6, 6, 5, 174, 1, NULL, 1, 0, '2017-02-21 09:56:05', 1, NULL, NULL),
(7, 2, 13, 528, 0, NULL, 1, 0, '2017-02-21 09:56:36', 1, NULL, NULL),
(8, 2, 13, 528, 1, NULL, 1, 0, '2017-02-21 09:56:36', 1, NULL, NULL),
(9, 4, 10, 50, 1, NULL, 1, 0, '2017-02-21 09:57:04', 1, NULL, NULL),
(10, 4, 16, 275, 1, NULL, 1, 0, '2017-02-21 09:57:04', 1, NULL, NULL),
(11, 9, 8, 144, 2, NULL, 1, 0, '2017-02-21 09:58:23', 1, NULL, NULL),
(12, 9, 11, 163, 1, NULL, 1, 0, '2017-02-21 09:58:23', 1, NULL, NULL),
(13, 7, 7, 446, 0, NULL, 1, 0, '2017-02-21 09:58:47', 1, NULL, NULL),
(14, 7, 14, 167, 2, NULL, 1, 0, '2017-02-21 09:58:47', 1, NULL, NULL),
(15, 5, 9, 26, 4, NULL, 1, 0, '2017-02-21 21:55:05', 1, NULL, NULL),
(16, 5, 12, 192, 0, NULL, 1, 0, '2017-02-21 21:55:05', 1, NULL, NULL),
(17, 8, 2, 86, 0, NULL, 1, 0, '2017-02-21 22:14:08', 1, NULL, NULL),
(18, 8, 15, 18, 0, NULL, 1, 0, '2017-02-21 22:14:09', 1, NULL, NULL),
(19, 12, 14, 167, 0, NULL, 1, 0, '2017-02-25 09:45:05', 1, NULL, NULL),
(20, 12, 3, 46, 2, NULL, 1, 0, '2017-02-25 09:45:05', 1, NULL, NULL),
(21, 17, 18, 189, 3, NULL, 1, 0, '2017-02-25 10:21:27', 1, NULL, NULL),
(22, 17, 10, 50, 0, NULL, 1, 0, '2017-02-25 10:21:27', 1, NULL, NULL),
(23, 16, 11, 163, 0, NULL, 1, 0, '2017-02-25 10:45:14', 1, NULL, NULL),
(24, 16, 9, 26, 1, NULL, 1, 0, '2017-02-25 10:45:14', 1, NULL, NULL),
(25, 18, 17, 304, 0, NULL, 1, 0, '2017-02-25 11:21:08', 1, NULL, NULL),
(26, 18, 17, 546, 0, NULL, 1, 0, '2017-02-25 11:21:08', 1, NULL, NULL),
(27, 18, 6, 105, 1, NULL, 1, 0, '2017-02-25 11:21:08', 1, NULL, NULL),
(28, 15, 12, 192, 0, NULL, 1, 0, '2017-02-26 00:15:07', 1, NULL, NULL),
(29, 15, 5, 174, 0, NULL, 1, 0, '2017-02-26 00:15:07', 1, NULL, NULL),
(30, 13, 15, 18, 1, NULL, 1, 0, '2017-02-26 00:35:25', 1, NULL, NULL),
(31, 13, 4, 68, 0, NULL, 1, 0, '2017-02-26 00:35:25', 1, NULL, NULL),
(32, 11, 7, 446, 4, NULL, 1, 0, '2017-02-26 09:42:36', 1, NULL, NULL),
(33, 11, 13, 528, 0, NULL, 1, 0, '2017-02-26 09:42:36', 1, NULL, NULL),
(34, 10, 1, 22, 0, NULL, 1, 0, '2017-02-26 10:14:28', 1, NULL, NULL),
(35, 10, 8, 144, 7, NULL, 1, 0, '2017-02-26 10:14:28', 1, NULL, NULL),
(36, 14, 16, 275, 7, NULL, 1, 0, '2017-02-26 18:59:30', 1, NULL, NULL),
(37, 14, 2, 86, 1, NULL, 1, 0, '2017-02-26 18:59:30', 1, NULL, NULL),
(38, 27, 6, 105, 1, NULL, 1, 0, '2017-02-27 22:44:50', 1, NULL, NULL),
(39, 27, 7, 446, 1, NULL, 1, 0, '2017-02-27 22:44:50', 1, NULL, NULL),
(40, 26, 5, 174, 1, NULL, 1, 0, '2017-03-01 09:58:44', 1, NULL, NULL),
(41, 26, 11, 163, 6, NULL, 1, 0, '2017-03-01 09:58:44', 1, NULL, NULL),
(42, 19, 3, 46, 1, NULL, 1, 0, '2017-03-01 10:54:20', 1, NULL, NULL),
(43, 19, 13, 528, 2, NULL, 1, 0, '2017-03-01 10:54:20', 1, NULL, NULL),
(44, 20, 4, 68, 0, NULL, 1, 0, '2017-03-01 11:11:12', 1, NULL, NULL),
(45, 20, 12, 192, 2, NULL, 1, 0, '2017-03-01 11:11:12', 1, NULL, NULL),
(46, 24, 15, 18, 0, NULL, 1, 0, '2017-03-01 11:29:21', 1, NULL, NULL),
(47, 24, 16, 275, 1, NULL, 1, 0, '2017-03-01 11:29:21', 1, NULL, NULL),
(48, 25, 10, 50, 1, NULL, 1, 0, '2017-03-02 10:23:15', 1, NULL, NULL),
(49, 25, 17, 546, 4, NULL, 1, 0, '2017-03-02 10:23:15', 1, NULL, NULL),
(50, 21, 8, 144, 5, NULL, 1, 0, '2017-03-02 11:22:31', 1, NULL, NULL),
(51, 21, 14, 167, 2, NULL, 1, 0, '2017-03-02 11:22:31', 1, NULL, NULL),
(52, 22, 9, 26, 1, NULL, 1, 0, '2017-03-02 11:52:22', 1, NULL, NULL),
(53, 22, 1, 22, 0, NULL, 1, 0, '2017-03-02 11:52:22', 1, NULL, NULL),
(54, 23, 2, 120, 0, NULL, 1, 0, '2017-03-02 12:36:08', 1, NULL, NULL),
(55, 23, 18, 189, 3, NULL, 1, 0, '2017-03-02 12:36:08', 1, NULL, NULL),
(56, 32, 18, 189, 1, NULL, 1, 0, '2017-03-05 22:54:18', 1, NULL, NULL),
(57, 32, 15, 18, 1, NULL, 1, 0, '2017-03-05 22:54:18', 1, NULL, NULL),
(58, 30, 16, 275, 2, NULL, 1, 0, '2017-03-05 23:21:15', 1, NULL, NULL),
(59, 30, 4, 68, 5, NULL, 1, 0, '2017-03-05 23:21:15', 1, NULL, NULL),
(60, 31, 11, 163, 3, NULL, 1, 0, '2017-03-06 00:07:53', 1, NULL, NULL),
(61, 31, 12, 192, 2, NULL, 1, 0, '2017-03-06 00:07:53', 1, NULL, NULL),
(62, 29, 14, 5, 4, NULL, 1, 0, '2017-03-06 22:02:16', 1, NULL, NULL),
(63, 29, 9, 26, 4, NULL, 1, 0, '2017-03-06 22:02:16', 1, NULL, NULL),
(64, 34, 3, 46, 2, NULL, 1, 0, '2017-03-06 22:25:07', 1, NULL, NULL),
(65, 34, 6, 105, 3, NULL, 1, 0, '2017-03-06 22:25:07', 1, NULL, NULL),
(66, 37, 5, 174, 3, NULL, 1, 0, '2017-03-07 14:16:02', 1, NULL, NULL),
(67, 37, 1, 22, 5, NULL, 1, 0, '2017-03-07 14:16:02', 1, NULL, NULL),
(68, 28, 13, 528, 1, NULL, 1, 0, '2017-03-07 21:32:34', 1, NULL, NULL),
(69, 28, 8, 144, 0, NULL, 1, 0, '2017-03-07 21:32:34', 1, NULL, NULL),
(70, 28, 8, 257, 1, NULL, 1, 0, '2017-03-07 21:32:34', 1, NULL, NULL),
(71, 36, 17, 546, 4, NULL, 1, 0, '2017-03-07 22:04:00', 1, NULL, NULL),
(72, 36, 2, 86, 2, NULL, 1, 0, '2017-03-07 22:04:01', 1, NULL, NULL),
(73, 33, 7, 446, 2, NULL, 1, 0, '2017-03-07 22:18:16', 1, NULL, NULL),
(74, 33, 10, 50, 2, NULL, 1, 0, '2017-03-07 22:18:17', 1, NULL, NULL),
(75, 46, 5, 174, 1, NULL, 1, 0, '2017-03-10 12:15:44', 1, NULL, NULL),
(76, 46, 14, 167, 4, NULL, 1, 0, '2017-03-10 12:15:44', 1, NULL, NULL),
(77, 40, 4, 68, 1, NULL, 1, 0, '2017-03-10 13:43:10', 1, NULL, NULL),
(78, 40, 11, 163, 6, NULL, 1, 0, '2017-03-10 13:43:10', 1, NULL, NULL),
(79, 38, 12, 192, 3, NULL, 1, 0, '2017-03-10 14:16:37', 1, NULL, NULL),
(80, 38, 1, 22, 5, NULL, 1, 0, '2017-03-10 14:16:37', 1, NULL, NULL),
(81, 45, 15, 216, 2, NULL, 1, 0, '2017-03-10 14:35:44', 1, NULL, NULL),
(82, 45, 17, 304, 1, NULL, 1, 0, '2017-03-10 14:35:44', 1, NULL, NULL),
(83, 41, 10, 50, 1, NULL, 1, 0, '2017-03-10 14:49:24', 1, NULL, NULL),
(84, 41, 3, 46, 3, NULL, 1, 0, '2017-03-10 14:49:24', 1, NULL, NULL),
(85, 44, 8, 257, 1, NULL, 1, 0, '2017-03-10 15:03:01', 1, NULL, NULL),
(86, 44, 6, 105, 0, NULL, 1, 0, '2017-03-10 15:03:01', 1, NULL, NULL),
(87, 39, 9, 26, 2, NULL, 1, 0, '2017-03-10 15:09:14', 1, NULL, NULL),
(88, 39, 13, 528, 1, NULL, 1, 0, '2017-03-10 15:09:14', 1, NULL, NULL),
(89, 43, 2, 86, 0, NULL, 1, 0, '2017-03-10 15:17:07', 1, NULL, NULL),
(90, 43, 2, 120, 1, NULL, 1, 0, '2017-03-10 15:17:07', 1, NULL, NULL),
(91, 43, 7, 446, 0, NULL, 1, 0, '2017-03-10 15:17:07', 1, NULL, NULL),
(92, 42, 16, 277, 3, NULL, 1, 0, '2017-03-10 15:30:22', 1, NULL, NULL),
(93, 42, 18, 83, 2, NULL, 1, 0, '2017-03-10 15:30:22', 1, NULL, NULL),
(94, 52, 6, 105, 1, NULL, 1, 0, '2017-03-13 21:22:08', 1, NULL, NULL),
(95, 52, 9, 1, 2, NULL, 1, 0, '2017-03-13 21:22:09', 1, NULL, NULL),
(96, 54, 14, 5, 2, NULL, 1, 0, '2017-03-13 21:35:18', 1, NULL, NULL),
(97, 54, 12, 192, 1, NULL, 1, 0, '2017-03-13 21:35:19', 1, NULL, NULL),
(98, 49, 18, 189, 1, NULL, 1, 0, '2017-03-13 21:38:21', 1, NULL, NULL),
(99, 49, 4, 68, 0, NULL, 1, 0, '2017-03-13 21:38:22', 1, NULL, NULL),
(100, 50, 3, 46, 4, NULL, 1, 0, '2017-03-13 22:06:56', 1, NULL, NULL),
(101, 50, 2, 86, 3, NULL, 1, 0, '2017-03-13 22:06:56', 1, NULL, NULL),
(102, 55, 13, 528, 2, NULL, 1, 0, '2017-03-13 22:20:49', 1, NULL, NULL),
(103, 55, 5, 174, 3, NULL, 1, 0, '2017-03-13 22:20:49', 1, NULL, NULL),
(104, 51, 1, 22, 1, NULL, 1, 0, '2017-03-13 22:25:56', 1, NULL, NULL),
(105, 51, 11, 163, 3, NULL, 1, 0, '2017-03-13 22:25:56', 1, NULL, NULL),
(106, 53, 8, 563, 1, NULL, 1, 0, '2017-03-14 09:55:26', 1, NULL, NULL),
(107, 53, 10, 50, 1, NULL, 1, 0, '2017-03-14 09:55:26', 1, NULL, NULL),
(108, 47, 17, 304, 1, NULL, 1, 0, '2017-03-14 10:12:59', 1, NULL, NULL),
(109, 47, 16, 277, 0, NULL, 1, 0, '2017-03-14 10:13:00', 1, NULL, NULL),
(110, 48, 7, 446, 0, NULL, 1, 0, '2017-03-14 10:26:02', 1, NULL, NULL),
(111, 48, 15, 216, 1, NULL, 1, 0, '2017-03-14 10:26:02', 1, NULL, NULL),
(112, 61, 5, 174, 0, NULL, 1, 0, '2017-04-04 10:18:41', 1, NULL, NULL),
(113, 61, 6, 105, 0, NULL, 1, 0, '2017-04-04 10:18:41', 1, NULL, NULL),
(114, 56, 18, 88, 2, NULL, 1, 0, '2017-04-04 17:37:58', 1, NULL, NULL),
(115, 56, 17, 304, 3, NULL, 1, 0, '2017-04-04 17:37:58', 1, NULL, NULL),
(116, 60, 4, 68, 3, NULL, 1, 0, '2017-04-04 17:53:31', 1, NULL, NULL),
(117, 60, 1, 22, 1, NULL, 1, 0, '2017-04-04 17:53:31', 1, NULL, NULL),
(118, 63, 11, 163, 2, NULL, 1, 0, '2017-04-04 18:47:38', 1, NULL, NULL),
(119, 63, 14, 5, 3, NULL, 1, 0, '2017-04-04 18:47:38', 1, NULL, NULL),
(120, 62, 12, 192, 1, NULL, 1, 0, '2017-04-04 22:56:11', 1, NULL, NULL),
(121, 62, 13, 528, 4, NULL, 1, 0, '2017-04-04 22:56:11', 1, NULL, NULL),
(122, 57, 15, 216, 0, NULL, 1, 0, '2017-04-05 10:48:45', 1, NULL, NULL),
(123, 57, 3, 46, 2, NULL, 1, 0, '2017-04-05 10:48:45', 1, NULL, NULL),
(124, 64, 9, 26, 8, NULL, 1, 0, '2017-04-05 11:21:35', 1, NULL, NULL),
(125, 64, 10, 50, 0, NULL, 1, 0, '2017-04-05 11:21:35', 1, NULL, NULL),
(126, 59, 2, 120, 2, NULL, 1, 0, '2017-04-05 11:41:41', 1, NULL, NULL),
(127, 59, 8, 144, 5, NULL, 1, 0, '2017-04-05 11:41:41', 1, NULL, NULL),
(128, 58, 16, 277, 4, NULL, 1, 0, '2017-04-05 11:56:57', 1, NULL, NULL),
(129, 58, 7, 446, 3, NULL, 1, 0, '2017-04-05 11:56:57', 1, NULL, NULL);

-- --------------------------------------------------------

--
-- Table structure for table `nation`
--

CREATE TABLE `nation` (
  `id` int(10) UNSIGNED NOT NULL,
  `name_th` varchar(100) COLLATE utf8_unicode_ci NOT NULL,
  `name_en` varchar(100) COLLATE utf8_unicode_ci NOT NULL,
  `short_name` varchar(3) COLLATE utf8_unicode_ci NOT NULL,
  `zone` varchar(10) COLLATE utf8_unicode_ci NOT NULL,
  `image` varchar(300) COLLATE utf8_unicode_ci DEFAULT NULL,
  `description` text COLLATE utf8_unicode_ci,
  `status` int(1) UNSIGNED NOT NULL DEFAULT '1',
  `deleted` int(1) UNSIGNED NOT NULL DEFAULT '0',
  `created_date` datetime NOT NULL DEFAULT CURRENT_TIMESTAMP,
  `created_by` int(10) UNSIGNED NOT NULL DEFAULT '1',
  `modified_date` datetime DEFAULT NULL,
  `modified_by` int(11) DEFAULT NULL
) ENGINE=MyISAM DEFAULT CHARSET=utf8 COLLATE=utf8_unicode_ci;

--
-- Dumping data for table `nation`
--

INSERT INTO `nation` (`id`, `name_th`, `name_en`, `short_name`, `zone`, `image`, `description`, `status`, `deleted`, `created_date`, `created_by`, `modified_date`, `modified_by`) VALUES
(1, 'Afghanistan', 'Afghanistan', 'AFG', 'AFC', NULL, NULL, 1, 0, '2017-01-16 14:16:00', 1, NULL, NULL),
(2, 'Albania', 'Albania', 'ALB', 'UEFA', NULL, NULL, 1, 0, '2017-01-16 14:16:00', 1, NULL, NULL),
(3, 'Algeria', 'Algeria', 'ALG', 'CAF', NULL, NULL, 1, 0, '2017-01-16 14:16:00', 1, NULL, NULL),
(4, 'American Samoa', 'American Samoa', 'ASA', 'OFC', NULL, NULL, 1, 0, '2017-01-16 14:16:00', 1, NULL, NULL),
(5, 'Andorra', 'Andorra', 'AND', 'UEFA', NULL, NULL, 1, 0, '2017-01-16 14:16:00', 1, NULL, NULL),
(6, 'Angola', 'Angola', 'ANG', 'CAF', NULL, NULL, 1, 0, '2017-01-16 14:16:00', 1, NULL, NULL),
(7, 'Anguilla', 'Anguilla', 'AIA', 'CONCACAF', NULL, NULL, 1, 0, '2017-01-16 14:16:00', 1, NULL, NULL),
(8, 'Antigua and Barbuda', 'Antigua and Barbuda', 'ATG', 'CONCACAF', NULL, NULL, 1, 0, '2017-01-16 14:16:00', 1, NULL, NULL),
(9, 'Argentina', 'Argentina', 'ARG', 'CONMEBOL', NULL, NULL, 1, 0, '2017-01-16 14:16:00', 1, NULL, NULL),
(10, 'Armenia', 'Armenia', 'ARM', 'UEFA', NULL, NULL, 1, 0, '2017-01-16 14:16:00', 1, NULL, NULL),
(11, 'Aruba', 'Aruba', 'ARU', 'CONCACAF', NULL, NULL, 1, 0, '2017-01-16 14:16:00', 1, NULL, NULL),
(12, 'Australia', 'Australia', 'AUS', 'AFC', NULL, NULL, 1, 0, '2017-01-16 14:16:00', 1, NULL, NULL),
(13, 'Austria', 'Austria', 'AUT', 'UEFA', NULL, NULL, 1, 0, '2017-01-16 14:16:00', 1, NULL, NULL),
(14, 'Azerbaijan', 'Azerbaijan', 'AZE', 'UEFA', NULL, NULL, 1, 0, '2017-01-16 14:16:00', 1, NULL, NULL),
(15, 'Bahamas', 'Bahamas', 'BAH', 'CONCACAF', NULL, NULL, 1, 0, '2017-01-16 14:16:00', 1, NULL, NULL),
(16, 'Bahrain', 'Bahrain', 'BHR', 'AFC', NULL, NULL, 1, 0, '2017-01-16 14:16:00', 1, NULL, NULL),
(17, 'Bangladesh', 'Bangladesh', 'BAN', 'AFC', NULL, NULL, 1, 0, '2017-01-16 14:16:00', 1, NULL, NULL),
(18, 'Barbados', 'Barbados', 'BRB', 'CONCACAF', NULL, NULL, 1, 0, '2017-01-16 14:16:00', 1, NULL, NULL),
(19, 'Belarus', 'Belarus', 'BLR', 'UEFA', NULL, NULL, 1, 0, '2017-01-16 14:16:00', 1, NULL, NULL),
(20, 'Belgium', 'Belgium', 'BEL', 'UEFA', NULL, NULL, 1, 0, '2017-01-16 14:16:00', 1, NULL, NULL),
(21, 'Belize', 'Belize', 'BLZ', 'CONCACAF', NULL, NULL, 1, 0, '2017-01-16 14:16:00', 1, NULL, NULL),
(22, 'Benin', 'Benin', 'BEN', 'CAF', NULL, NULL, 1, 0, '2017-01-16 14:16:00', 1, NULL, NULL),
(23, 'Bermuda', 'Bermuda', 'BER', 'CONCACAF', NULL, NULL, 1, 0, '2017-01-16 14:16:00', 1, NULL, NULL),
(24, 'Bhutan', 'Bhutan', 'BHU', 'AFC', NULL, NULL, 1, 0, '2017-01-16 14:16:00', 1, NULL, NULL),
(25, 'Bolivia', 'Bolivia', 'BOL', 'CONMEBOL', NULL, NULL, 1, 0, '2017-01-16 14:16:00', 1, NULL, NULL),
(26, 'Bosnia and Herzegovina', 'Bosnia and Herzegovina', 'BIH', 'UEFA', NULL, NULL, 1, 0, '2017-01-16 14:16:00', 1, NULL, NULL),
(27, 'Botswana', 'Botswana', 'BOT', 'CAF', NULL, NULL, 1, 0, '2017-01-16 14:16:00', 1, NULL, NULL),
(28, 'Brazil', 'Brazil', 'BRA', 'CONMEBOL', NULL, NULL, 1, 0, '2017-01-16 14:16:00', 1, NULL, NULL),
(29, 'British Virgin Islands', 'British Virgin Islands', 'VGB', 'CONCACAF', NULL, NULL, 1, 0, '2017-01-16 14:16:00', 1, NULL, NULL),
(30, 'Brunei', 'Brunei', 'BRU', 'AFC', NULL, NULL, 1, 0, '2017-01-16 14:16:00', 1, NULL, NULL),
(31, 'Bulgaria', 'Bulgaria', 'BUL', 'UEFA', NULL, NULL, 1, 0, '2017-01-16 14:16:00', 1, NULL, NULL),
(32, 'Burkina Faso', 'Burkina Faso', 'BFA', 'CAF', NULL, NULL, 1, 0, '2017-01-16 14:16:00', 1, NULL, NULL),
(33, 'Burundi', 'Burundi', 'BDI', 'CAF', NULL, NULL, 1, 0, '2017-01-16 14:16:00', 1, NULL, NULL),
(34, 'Cambodia', 'Cambodia', 'CAM', 'AFC', NULL, NULL, 1, 0, '2017-01-16 14:16:00', 1, NULL, NULL),
(35, 'Cameroon', 'Cameroon', 'CMR', 'CAF', NULL, NULL, 1, 0, '2017-01-16 14:16:00', 1, NULL, NULL),
(36, 'Canada', 'Canada', 'CAN', 'CONCACAF', NULL, NULL, 1, 0, '2017-01-16 14:16:00', 1, NULL, NULL),
(37, 'Cape Verde', 'Cape Verde', 'CPV', 'CAF', NULL, NULL, 1, 0, '2017-01-16 14:16:00', 1, NULL, NULL),
(38, 'Cayman Islands', 'Cayman Islands', 'CAY', 'CONCACAF', NULL, NULL, 1, 0, '2017-01-16 14:16:00', 1, NULL, NULL),
(39, 'Central African Republic', 'Central African Republic', 'CTA', 'CAF', NULL, NULL, 1, 0, '2017-01-16 14:16:00', 1, NULL, NULL),
(40, 'Chad', 'Chad', 'CHA', 'CAF', NULL, NULL, 1, 0, '2017-01-16 14:16:00', 1, NULL, NULL),
(41, 'Chile', 'Chile', 'CHI', 'CONMEBOL', NULL, NULL, 1, 0, '2017-01-16 14:16:00', 1, NULL, NULL),
(42, 'China PR', 'China PR', 'CHN', 'AFC', NULL, NULL, 1, 0, '2017-01-16 14:16:00', 1, NULL, NULL),
(43, 'Chinese Taipei', 'Chinese Taipei', 'TPE', 'AFC', NULL, NULL, 1, 0, '2017-01-16 14:16:00', 1, NULL, NULL),
(44, 'Colombia', 'Colombia', 'COL', 'CONMEBOL', NULL, NULL, 1, 0, '2017-01-16 14:16:00', 1, NULL, NULL),
(45, 'Comoros', 'Comoros', 'COM', 'CAF', NULL, NULL, 1, 0, '2017-01-16 14:16:00', 1, NULL, NULL),
(46, 'Congo', 'Congo', 'CGO', 'CAF', NULL, NULL, 1, 0, '2017-01-16 14:16:00', 1, NULL, NULL),
(47, 'DR Congo', 'DR Congo', 'COD', 'CAF', NULL, NULL, 1, 0, '2017-01-16 14:16:00', 1, NULL, NULL),
(48, 'Cook Islands', 'Cook Islands', 'COK', 'OFC', NULL, NULL, 1, 0, '2017-01-16 14:16:00', 1, NULL, NULL),
(49, 'Costa Rica', 'Costa Rica', 'CRC', 'CONCACAF', NULL, NULL, 1, 0, '2017-01-16 14:16:00', 1, NULL, NULL),
(50, 'Croatia', 'Croatia', 'CRO', 'UEFA', NULL, NULL, 1, 0, '2017-01-16 14:16:00', 1, NULL, NULL),
(51, 'Cuba', 'Cuba', 'CUB', 'CONCACAF', NULL, NULL, 1, 0, '2017-01-16 14:16:00', 1, NULL, NULL),
(52, 'Curaçao', 'Curaçao', 'CUW', 'CONCACAF', NULL, NULL, 1, 0, '2017-01-16 14:16:00', 1, NULL, NULL),
(53, 'Cyprus', 'Cyprus', 'CYP', 'UEFA', NULL, NULL, 1, 0, '2017-01-16 14:16:00', 1, NULL, NULL),
(54, 'Czech Republic', 'Czech Republic', 'CZE', 'UEFA', NULL, NULL, 1, 0, '2017-01-16 14:16:00', 1, NULL, NULL),
(55, 'Denmark', 'Denmark', 'DEN', 'UEFA', NULL, NULL, 1, 0, '2017-01-16 14:16:00', 1, NULL, NULL),
(56, 'Djibouti', 'Djibouti', 'DJI', 'CAF', NULL, NULL, 1, 0, '2017-01-16 14:16:00', 1, NULL, NULL),
(57, 'Dominica', 'Dominica', 'DMA', 'CONCACAF', NULL, NULL, 1, 0, '2017-01-16 14:16:00', 1, NULL, NULL),
(58, 'Dominican Republic', 'Dominican Republic', 'DOM', 'CONCACAF', NULL, NULL, 1, 0, '2017-01-16 14:16:00', 1, NULL, NULL),
(59, 'Ecuador', 'Ecuador', 'ECU', 'CONMEBOL', NULL, NULL, 1, 0, '2017-01-16 14:16:00', 1, NULL, NULL),
(60, 'Egypt', 'Egypt', 'EGY', 'CAF', NULL, NULL, 1, 0, '2017-01-16 14:16:00', 1, NULL, NULL),
(61, 'El Salvador', 'El Salvador', 'SLV', 'CONCACAF', NULL, NULL, 1, 0, '2017-01-16 14:16:00', 1, NULL, NULL),
(62, 'England', 'England', 'ENG', 'UEFA', NULL, NULL, 1, 0, '2017-01-16 14:16:00', 1, NULL, NULL),
(63, 'Equatorial Guinea', 'Equatorial Guinea', 'EQG', 'CAF', NULL, NULL, 1, 0, '2017-01-16 14:16:00', 1, NULL, NULL),
(64, 'Eritrea', 'Eritrea', 'ERI', 'CAF', NULL, NULL, 1, 0, '2017-01-16 14:16:00', 1, NULL, NULL),
(65, 'Estonia', 'Estonia', 'EST', 'UEFA', NULL, NULL, 1, 0, '2017-01-16 14:16:00', 1, NULL, NULL),
(66, 'Ethiopia', 'Ethiopia', 'ETH', 'CAF', NULL, NULL, 1, 0, '2017-01-16 14:16:00', 1, NULL, NULL),
(67, 'Faroe Islands', 'Faroe Islands', 'FRO', 'UEFA', NULL, NULL, 1, 0, '2017-01-16 14:16:00', 1, NULL, NULL),
(68, 'Fiji', 'Fiji', 'FIJ', 'OFC', NULL, NULL, 1, 0, '2017-01-16 14:16:00', 1, NULL, NULL),
(69, 'Finland', 'Finland', 'FIN', 'UEFA', NULL, NULL, 1, 0, '2017-01-16 14:16:00', 1, NULL, NULL),
(70, 'France', 'France', 'FRA', 'UEFA', NULL, NULL, 1, 0, '2017-01-16 14:16:00', 1, NULL, NULL),
(71, 'Gabon', 'Gabon', 'GAB', 'CAF', NULL, NULL, 1, 0, '2017-01-16 14:16:00', 1, NULL, NULL),
(72, 'Gambia', 'Gambia', 'GAM', 'CAF', NULL, NULL, 1, 0, '2017-01-16 14:16:00', 1, NULL, NULL),
(73, 'Georgia', 'Georgia', 'GEO', 'UEFA', NULL, NULL, 1, 0, '2017-01-16 14:16:00', 1, NULL, NULL),
(74, 'Germany', 'Germany', 'GER', 'UEFA', NULL, NULL, 1, 0, '2017-01-16 14:16:00', 1, NULL, NULL),
(75, 'Ghana', 'Ghana', 'GHA', 'CAF', NULL, NULL, 1, 0, '2017-01-16 14:16:00', 1, NULL, NULL),
(76, 'Gibraltar', 'Gibraltar', 'GIB', 'UEFA', NULL, NULL, 1, 0, '2017-01-16 14:16:00', 1, NULL, NULL),
(77, 'Greece', 'Greece', 'GRE', 'UEFA', NULL, NULL, 1, 0, '2017-01-16 14:16:00', 1, NULL, NULL),
(78, 'Grenada', 'Grenada', 'GRN', 'CONCACAF', NULL, NULL, 1, 0, '2017-01-16 14:16:00', 1, NULL, NULL),
(79, 'Guam', 'Guam', 'GUM', 'AFC', NULL, NULL, 1, 0, '2017-01-16 14:16:00', 1, NULL, NULL),
(80, 'Guatemala', 'Guatemala', 'GUA', 'CONCACAF', NULL, NULL, 1, 0, '2017-01-16 14:16:00', 1, NULL, NULL),
(81, 'Guinea', 'Guinea', 'GUI', 'CAF', NULL, NULL, 1, 0, '2017-01-16 14:16:00', 1, NULL, NULL),
(82, 'Guinea-Bissau', 'Guinea-Bissau', 'GNB', 'CAF', NULL, NULL, 1, 0, '2017-01-16 14:16:00', 1, NULL, NULL),
(83, 'Guyana', 'Guyana', 'GUY', 'CONCACAF', NULL, NULL, 1, 0, '2017-01-16 14:16:00', 1, NULL, NULL),
(84, 'Haiti', 'Haiti', 'HAI', 'CONCACAF', NULL, NULL, 1, 0, '2017-01-16 14:16:00', 1, NULL, NULL),
(85, 'Honduras', 'Honduras', 'HON', 'CONCACAF', NULL, NULL, 1, 0, '2017-01-16 14:16:00', 1, NULL, NULL),
(86, 'Hong Kong', 'Hong Kong', 'HKG', 'AFC', NULL, NULL, 1, 0, '2017-01-16 14:16:00', 1, NULL, NULL),
(87, 'Hungary', 'Hungary', 'HUN', 'UEFA', NULL, NULL, 1, 0, '2017-01-16 14:16:00', 1, NULL, NULL),
(88, 'Iceland', 'Iceland', 'ISL', 'UEFA', NULL, NULL, 1, 0, '2017-01-16 14:16:00', 1, NULL, NULL),
(89, 'India', 'India', 'IND', 'AFC', NULL, NULL, 1, 0, '2017-01-16 14:16:00', 1, NULL, NULL),
(90, 'Indonesia', 'Indonesia', 'IDN', 'AFC', NULL, NULL, 1, 0, '2017-01-16 14:16:00', 1, NULL, NULL),
(91, 'Iran', 'Iran', 'IRN', 'AFC', NULL, NULL, 1, 0, '2017-01-16 14:16:00', 1, NULL, NULL),
(92, 'Iraq', 'Iraq', 'IRQ', 'AFC', NULL, NULL, 1, 0, '2017-01-16 14:16:00', 1, NULL, NULL),
(93, 'Israel', 'Israel', 'ISR', 'UEFA', NULL, NULL, 1, 0, '2017-01-16 14:16:00', 1, NULL, NULL),
(94, 'Italy', 'Italy', 'ITA', 'UEFA', NULL, NULL, 1, 0, '2017-01-16 14:16:00', 1, NULL, NULL),
(95, 'Côte d''Ivoire', 'Côte d''Ivoire', 'CIV', 'CAF', NULL, NULL, 1, 0, '2017-01-16 14:16:00', 1, NULL, NULL),
(96, 'Jamaica', 'Jamaica', 'JAM', 'CONCACAF', NULL, NULL, 1, 0, '2017-01-16 14:16:00', 1, NULL, NULL),
(97, 'Japan', 'Japan', 'JPN', 'AFC', NULL, NULL, 1, 0, '2017-01-16 14:16:00', 1, NULL, NULL),
(98, 'Jordan', 'Jordan', 'JOR', 'AFC', NULL, NULL, 1, 0, '2017-01-16 14:16:00', 1, NULL, NULL),
(99, 'Kazakhstan', 'Kazakhstan', 'KAZ', 'UEFA', NULL, NULL, 1, 0, '2017-01-16 14:16:00', 1, NULL, NULL),
(100, 'Kenya', 'Kenya', 'KEN', 'CAF', NULL, NULL, 1, 0, '2017-01-16 14:16:00', 1, NULL, NULL),
(101, 'Kosovo', 'Kosovo', 'KVX', 'UEFA', NULL, NULL, 1, 0, '2017-01-16 14:16:00', 1, NULL, NULL),
(102, 'Kuwait', 'Kuwait', 'KUW', 'AFC', NULL, NULL, 1, 0, '2017-01-16 14:16:00', 1, NULL, NULL),
(103, 'Kyrgyzstan', 'Kyrgyzstan', 'KGZ', 'AFC', NULL, NULL, 1, 0, '2017-01-16 14:16:00', 1, NULL, NULL),
(104, 'Laos', 'Laos', 'LAO', 'AFC', NULL, NULL, 1, 0, '2017-01-16 14:16:00', 1, NULL, NULL),
(105, 'Latvia', 'Latvia', 'LVA', 'UEFA', NULL, NULL, 1, 0, '2017-01-16 14:16:00', 1, NULL, NULL),
(106, 'Lebanon', 'Lebanon', 'LIB', 'AFC', NULL, NULL, 1, 0, '2017-01-16 14:16:00', 1, NULL, NULL),
(107, 'Lesotho', 'Lesotho', 'LES', 'CAF', NULL, NULL, 1, 0, '2017-01-16 14:16:00', 1, NULL, NULL),
(108, 'Liberia', 'Liberia', 'LBR', 'CAF', NULL, NULL, 1, 0, '2017-01-16 14:16:00', 1, NULL, NULL),
(109, 'Libya', 'Libya', 'LBY', 'CAF', NULL, NULL, 1, 0, '2017-01-16 14:16:00', 1, NULL, NULL),
(110, 'Liechtenstein', 'Liechtenstein', 'LIE', 'UEFA', NULL, NULL, 1, 0, '2017-01-16 14:16:00', 1, NULL, NULL),
(111, 'Lithuania', 'Lithuania', 'LTU', 'UEFA', NULL, NULL, 1, 0, '2017-01-16 14:16:00', 1, NULL, NULL),
(112, 'Luxembourg', 'Luxembourg', 'LUX', 'UEFA', NULL, NULL, 1, 0, '2017-01-16 14:16:00', 1, NULL, NULL),
(113, 'Macau', 'Macau', 'MAC', 'AFC', NULL, NULL, 1, 0, '2017-01-16 14:16:00', 1, NULL, NULL),
(114, 'Macedonia', 'Macedonia', 'MKD', 'UEFA', NULL, NULL, 1, 0, '2017-01-16 14:16:00', 1, NULL, NULL),
(115, 'Madagascar', 'Madagascar', 'MAD', 'CAF', NULL, NULL, 1, 0, '2017-01-16 14:16:00', 1, NULL, NULL),
(116, 'Malawi', 'Malawi', 'MWI', 'CAF', NULL, NULL, 1, 0, '2017-01-16 14:16:00', 1, NULL, NULL),
(117, 'Malaysia', 'Malaysia', 'MAS', 'AFC', NULL, NULL, 1, 0, '2017-01-16 14:16:00', 1, NULL, NULL),
(118, 'Maldives', 'Maldives', 'MDV', 'AFC', NULL, NULL, 1, 0, '2017-01-16 14:16:00', 1, NULL, NULL),
(119, 'Mali', 'Mali', 'MLI', 'CAF', NULL, NULL, 1, 0, '2017-01-16 14:16:00', 1, NULL, NULL),
(120, 'Malta', 'Malta', 'MLT', 'UEFA', NULL, NULL, 1, 0, '2017-01-16 14:16:00', 1, NULL, NULL),
(121, 'Mauritania', 'Mauritania', 'MTN', 'CAF', NULL, NULL, 1, 0, '2017-01-16 14:16:00', 1, NULL, NULL),
(122, 'Mauritius', 'Mauritius', 'MRI', 'CAF', NULL, NULL, 1, 0, '2017-01-16 14:16:00', 1, NULL, NULL),
(123, 'Mexico', 'Mexico', 'MEX', 'CONCACAF', NULL, NULL, 1, 0, '2017-01-16 14:16:00', 1, NULL, NULL),
(124, 'Moldova', 'Moldova', 'MDA', 'UEFA', NULL, NULL, 1, 0, '2017-01-16 14:16:00', 1, NULL, NULL),
(125, 'Mongolia', 'Mongolia', 'MNG', 'AFC', NULL, NULL, 1, 0, '2017-01-16 14:16:00', 1, NULL, NULL),
(126, 'Montenegro', 'Montenegro', 'MNE', 'UEFA', NULL, NULL, 1, 0, '2017-01-16 14:16:00', 1, NULL, NULL),
(127, 'Montserrat', 'Montserrat', 'MSR', 'CONCACAF', NULL, NULL, 1, 0, '2017-01-16 14:16:00', 1, NULL, NULL),
(128, 'Morocco', 'Morocco', 'MAR', 'CAF', NULL, NULL, 1, 0, '2017-01-16 14:16:00', 1, NULL, NULL),
(129, 'Mozambique', 'Mozambique', 'MOZ', 'CAF', NULL, NULL, 1, 0, '2017-01-16 14:16:00', 1, NULL, NULL),
(130, 'Myanmar', 'Myanmar', 'MYA', 'AFC', NULL, NULL, 1, 0, '2017-01-16 14:16:00', 1, NULL, NULL),
(131, 'Namibia', 'Namibia', 'NAM', 'CAF', NULL, NULL, 1, 0, '2017-01-16 14:16:00', 1, NULL, NULL),
(132, 'Nepal', 'Nepal', 'NEP', 'AFC', NULL, NULL, 1, 0, '2017-01-16 14:16:00', 1, NULL, NULL),
(133, 'Netherlands', 'Netherlands', 'NED', 'UEFA', NULL, NULL, 1, 0, '2017-01-16 14:16:00', 1, NULL, NULL),
(134, 'New Caledonia', 'New Caledonia', 'NCL', 'OFC', NULL, NULL, 1, 0, '2017-01-16 14:16:00', 1, NULL, NULL),
(135, 'New Zealand', 'New Zealand', 'NZL', 'OFC', NULL, NULL, 1, 0, '2017-01-16 14:16:00', 1, NULL, NULL),
(136, 'Nicaragua', 'Nicaragua', 'NCA', 'CONCACAF', NULL, NULL, 1, 0, '2017-01-16 14:16:00', 1, NULL, NULL),
(137, 'Niger', 'Niger', 'NIG', 'CAF', NULL, NULL, 1, 0, '2017-01-16 14:16:00', 1, NULL, NULL),
(138, 'Nigeria', 'Nigeria', 'NGA', 'CAF', NULL, NULL, 1, 0, '2017-01-16 14:16:00', 1, NULL, NULL),
(139, 'Korea DPR', 'Korea DPR', 'PRK', 'AFC', NULL, NULL, 1, 0, '2017-01-16 14:16:00', 1, NULL, NULL),
(140, 'Northern Ireland', 'Northern Ireland', 'NIR', 'UEFA', NULL, NULL, 1, 0, '2017-01-16 14:16:00', 1, NULL, NULL),
(141, 'Norway', 'Norway', 'NOR', 'UEFA', NULL, NULL, 1, 0, '2017-01-16 14:16:00', 1, NULL, NULL),
(142, 'Oman', 'Oman', 'OMA', 'AFC', NULL, NULL, 1, 0, '2017-01-16 14:16:00', 1, NULL, NULL),
(143, 'Pakistan', 'Pakistan', 'PAK', 'AFC', NULL, NULL, 1, 0, '2017-01-16 14:16:00', 1, NULL, NULL),
(144, 'Palestine', 'Palestine', 'PLE', 'AFC', NULL, NULL, 1, 0, '2017-01-16 14:16:00', 1, NULL, NULL),
(145, 'Panama', 'Panama', 'PAN', 'CONCACAF', NULL, NULL, 1, 0, '2017-01-16 14:16:00', 1, NULL, NULL),
(146, 'Papua New Guinea', 'Papua New Guinea', 'PNG', 'OFC', NULL, NULL, 1, 0, '2017-01-16 14:16:00', 1, NULL, NULL),
(147, 'Paraguay', 'Paraguay', 'PAR', 'CONMEBOL', NULL, NULL, 1, 0, '2017-01-16 14:16:00', 1, NULL, NULL),
(148, 'Peru', 'Peru', 'PER', 'CONMEBOL', NULL, NULL, 1, 0, '2017-01-16 14:16:00', 1, NULL, NULL),
(149, 'Philippines', 'Philippines', 'PHI', 'AFC', NULL, NULL, 1, 0, '2017-01-16 14:16:00', 1, NULL, NULL),
(150, 'Poland', 'Poland', 'POL', 'UEFA', NULL, NULL, 1, 0, '2017-01-16 14:16:00', 1, NULL, NULL),
(151, 'Portugal', 'Portugal', 'POR', 'UEFA', NULL, NULL, 1, 0, '2017-01-16 14:16:00', 1, NULL, NULL),
(152, 'Puerto Rico', 'Puerto Rico', 'PUR', 'CONCACAF', NULL, NULL, 1, 0, '2017-01-16 14:16:00', 1, NULL, NULL),
(153, 'Qatar', 'Qatar', 'QAT', 'AFC', NULL, NULL, 1, 0, '2017-01-16 14:16:00', 1, NULL, NULL),
(154, 'Republic of Ireland', 'Republic of Ireland', 'IRL', 'UEFA', NULL, NULL, 1, 0, '2017-01-16 14:16:00', 1, NULL, NULL),
(155, 'Romania', 'Romania', 'ROU', 'UEFA', NULL, NULL, 1, 0, '2017-01-16 14:16:00', 1, NULL, NULL),
(156, 'Russia', 'Russia', 'RUS', 'UEFA', NULL, NULL, 1, 0, '2017-01-16 14:16:00', 1, NULL, NULL),
(157, 'Rwanda', 'Rwanda', 'RWA', 'CAF', NULL, NULL, 1, 0, '2017-01-16 14:16:00', 1, NULL, NULL),
(158, 'Saint Kitts and Nevis', 'Saint Kitts and Nevis', 'SKN', 'CONCACAF', NULL, NULL, 1, 0, '2017-01-16 14:16:00', 1, NULL, NULL),
(159, 'Saint Lucia', 'Saint Lucia', 'LCA', 'CONCACAF', NULL, NULL, 1, 0, '2017-01-16 14:16:00', 1, NULL, NULL),
(160, 'Saint Vincent and the Grenadines', 'Saint Vincent and the Grenadines', 'VIN', 'CONCACAF', NULL, NULL, 1, 0, '2017-01-16 14:16:00', 1, NULL, NULL),
(161, 'Samoa', 'Samoa', 'SAM', 'OFC', NULL, NULL, 1, 0, '2017-01-16 14:16:00', 1, NULL, NULL),
(162, 'San Marino', 'San Marino', 'SMR', 'UEFA', NULL, NULL, 1, 0, '2017-01-16 14:16:00', 1, NULL, NULL),
(163, 'São Tomé and Príncipe', 'São Tomé and Príncipe', 'STP', 'CAF', NULL, NULL, 1, 0, '2017-01-16 14:16:00', 1, NULL, NULL),
(164, 'Saudi Arabia', 'Saudi Arabia', 'KSA', 'AFC', NULL, NULL, 1, 0, '2017-01-16 14:16:00', 1, NULL, NULL),
(165, 'Scotland', 'Scotland', 'SCO', 'UEFA', NULL, NULL, 1, 0, '2017-01-16 14:16:00', 1, NULL, NULL),
(166, 'Senegal', 'Senegal', 'SEN', 'CAF', NULL, NULL, 1, 0, '2017-01-16 14:16:00', 1, NULL, NULL),
(167, 'Serbia', 'Serbia', 'SRB', 'UEFA', NULL, NULL, 1, 0, '2017-01-16 14:16:00', 1, NULL, NULL),
(168, 'Seychelles', 'Seychelles', 'SEY', 'CAF', NULL, NULL, 1, 0, '2017-01-16 14:16:00', 1, NULL, NULL),
(169, 'Sierra Leone', 'Sierra Leone', 'SLE', 'CAF', NULL, NULL, 1, 0, '2017-01-16 14:16:00', 1, NULL, NULL),
(170, 'Singapore', 'Singapore', 'SIN', 'AFC', NULL, NULL, 1, 0, '2017-01-16 14:16:00', 1, NULL, NULL),
(171, 'Slovakia', 'Slovakia', 'SVK', 'UEFA', NULL, NULL, 1, 0, '2017-01-16 14:16:00', 1, NULL, NULL),
(172, 'Slovenia', 'Slovenia', 'SVN', 'UEFA', NULL, NULL, 1, 0, '2017-01-16 14:16:00', 1, NULL, NULL),
(173, 'Solomon Islands', 'Solomon Islands', 'SOL', 'OFC', NULL, NULL, 1, 0, '2017-01-16 14:16:00', 1, NULL, NULL),
(174, 'Somalia', 'Somalia', 'SOM', 'CAF', NULL, NULL, 1, 0, '2017-01-16 14:16:00', 1, NULL, NULL),
(175, 'South Africa', 'South Africa', 'RSA', 'CAF', NULL, NULL, 1, 0, '2017-01-16 14:16:00', 1, NULL, NULL),
(176, 'Korea Republic', 'Korea Republic', 'KOR', 'AFC', NULL, NULL, 1, 0, '2017-01-16 14:16:00', 1, NULL, NULL),
(177, 'South Sudan', 'South Sudan', 'SSD', 'CAF', NULL, NULL, 1, 0, '2017-01-16 14:16:00', 1, NULL, NULL),
(178, 'Spain', 'Spain', 'ESP', 'UEFA', NULL, NULL, 1, 0, '2017-01-16 14:16:00', 1, NULL, NULL),
(179, 'Sri Lanka', 'Sri Lanka', 'SRI', 'AFC', NULL, NULL, 1, 0, '2017-01-16 14:16:00', 1, NULL, NULL),
(180, 'Sudan', 'Sudan', 'SDN', 'CAF', NULL, NULL, 1, 0, '2017-01-16 14:16:00', 1, NULL, NULL),
(181, 'Suriname', 'Suriname', 'SUR', 'CONCACAF', NULL, NULL, 1, 0, '2017-01-16 14:16:00', 1, NULL, NULL),
(182, 'Swaziland', 'Swaziland', 'SWZ', 'CAF', NULL, NULL, 1, 0, '2017-01-16 14:16:00', 1, NULL, NULL),
(183, 'Sweden', 'Sweden', 'SWE', 'UEFA', NULL, NULL, 1, 0, '2017-01-16 14:16:00', 1, NULL, NULL),
(184, 'Switzerland', 'Switzerland', 'SUI', 'UEFA', NULL, NULL, 1, 0, '2017-01-16 14:16:00', 1, NULL, NULL),
(185, 'Syria', 'Syria', 'SYR', 'AFC', NULL, NULL, 1, 0, '2017-01-16 14:16:00', 1, NULL, NULL),
(186, 'Tahiti', 'Tahiti', 'TAH', 'OFC', NULL, NULL, 1, 0, '2017-01-16 14:16:00', 1, NULL, NULL),
(187, 'Tajikistan', 'Tajikistan', 'TJK', 'AFC', NULL, NULL, 1, 0, '2017-01-16 14:16:00', 1, NULL, NULL),
(188, 'Tanzania', 'Tanzania', 'TAN', 'CAF', NULL, NULL, 1, 0, '2017-01-16 14:16:00', 1, NULL, NULL),
(189, 'Thailand', 'Thailand', 'THA', 'AFC', NULL, NULL, 1, 0, '2017-01-16 14:16:00', 1, NULL, NULL),
(190, 'Timor-Leste', 'Timor-Leste', 'TLS', 'AFC', NULL, NULL, 1, 0, '2017-01-16 14:16:00', 1, NULL, NULL),
(191, 'Togo', 'Togo', 'TOG', 'CAF', NULL, NULL, 1, 0, '2017-01-16 14:16:00', 1, NULL, NULL),
(192, 'Tonga', 'Tonga', 'TGA', 'OFC', NULL, NULL, 1, 0, '2017-01-16 14:16:00', 1, NULL, NULL),
(193, 'Trinidad and Tobago', 'Trinidad and Tobago', 'TRI', 'CONCACAF', NULL, NULL, 1, 0, '2017-01-16 14:16:00', 1, NULL, NULL),
(194, 'Tunisia', 'Tunisia', 'TUN', 'CAF', NULL, NULL, 1, 0, '2017-01-16 14:16:00', 1, NULL, NULL),
(195, 'Turkey', 'Turkey', 'TUR', 'UEFA', NULL, NULL, 1, 0, '2017-01-16 14:16:00', 1, NULL, NULL),
(196, 'Turkmenistan', 'Turkmenistan', 'TKM', 'AFC', NULL, NULL, 1, 0, '2017-01-16 14:16:00', 1, NULL, NULL),
(197, 'Turks and Caicos Islands', 'Turks and Caicos Islands', 'TCA', 'CONCACAF', NULL, NULL, 1, 0, '2017-01-16 14:16:00', 1, NULL, NULL),
(198, 'Uganda', 'Uganda', 'UGA', 'CAF', NULL, NULL, 1, 0, '2017-01-16 14:16:00', 1, NULL, NULL),
(199, 'Ukraine', 'Ukraine', 'UKR', 'UEFA', NULL, NULL, 1, 0, '2017-01-16 14:16:00', 1, NULL, NULL),
(200, 'United Arab Emirates', 'United Arab Emirates', 'UAE', 'AFC', NULL, NULL, 1, 0, '2017-01-16 14:16:00', 1, NULL, NULL),
(201, 'United States', 'United States', 'USA', 'CONCACAF', NULL, NULL, 1, 0, '2017-01-16 14:16:00', 1, NULL, NULL),
(202, 'Uruguay', 'Uruguay', 'URU', 'CONMEBOL', NULL, NULL, 1, 0, '2017-01-16 14:16:00', 1, NULL, NULL),
(203, 'U.S. Virgin Islands', 'U.S. Virgin Islands', 'VIR', 'CONCACAF', NULL, NULL, 1, 0, '2017-01-16 14:16:00', 1, NULL, NULL),
(204, 'Uzbekistan', 'Uzbekistan', 'UZB', 'AFC', NULL, NULL, 1, 0, '2017-01-16 14:16:00', 1, NULL, NULL),
(205, 'Vanuatu', 'Vanuatu', 'VAN', 'OFC', NULL, NULL, 1, 0, '2017-01-16 14:16:00', 1, NULL, NULL),
(206, 'Venezuela', 'Venezuela', 'VEN', 'CONMEBOL', NULL, NULL, 1, 0, '2017-01-16 14:16:00', 1, NULL, NULL),
(207, 'Vietnam', 'Vietnam', 'VIE', 'AFC', NULL, NULL, 1, 0, '2017-01-16 14:16:00', 1, NULL, NULL),
(208, 'Wales', 'Wales', 'WAL', 'UEFA', NULL, NULL, 1, 0, '2017-01-16 14:16:00', 1, NULL, NULL),
(209, 'Yemen', 'Yemen', 'YEM', 'AFC', NULL, NULL, 1, 0, '2017-01-16 14:16:00', 1, NULL, NULL),
(210, 'Zambia', 'Zambia', 'ZAM', 'CAF', NULL, NULL, 1, 0, '2017-01-16 14:16:00', 1, NULL, NULL),
(211, 'Zimbabwe', 'Zimbabwe', 'ZIM', 'CAF', NULL, NULL, 1, 0, '2017-01-16 14:16:00', 1, NULL, NULL);

-- --------------------------------------------------------

--
-- Table structure for table `player`
--

CREATE TABLE `player` (
  `id` int(10) UNSIGNED NOT NULL,
  `name_th` varchar(100) COLLATE utf8_unicode_ci NOT NULL,
  `surname_th` varchar(100) COLLATE utf8_unicode_ci NOT NULL,
  `name_en` varchar(100) COLLATE utf8_unicode_ci DEFAULT NULL,
  `surname_en` varchar(100) COLLATE utf8_unicode_ci DEFAULT NULL,
  `called_name_th` varchar(50) COLLATE utf8_unicode_ci NOT NULL,
  `called_name_en` varchar(50) COLLATE utf8_unicode_ci DEFAULT NULL,
  `called_name_th_full` varchar(100) COLLATE utf8_unicode_ci DEFAULT NULL,
  `called_name_en_full` varchar(100) COLLATE utf8_unicode_ci DEFAULT NULL,
  `birthdate` date DEFAULT NULL,
  `image` varchar(300) COLLATE utf8_unicode_ci DEFAULT NULL,
  `current_shirt_no` int(2) UNSIGNED NOT NULL DEFAULT '0',
  `player_position_id` int(10) UNSIGNED NOT NULL,
  `current_club_id` int(10) UNSIGNED NOT NULL,
  `nation_id` int(10) UNSIGNED NOT NULL DEFAULT '0',
  `description` text COLLATE utf8_unicode_ci,
  `status` int(1) UNSIGNED NOT NULL DEFAULT '1',
  `deleted` int(1) UNSIGNED NOT NULL DEFAULT '0',
  `created_date` datetime NOT NULL DEFAULT CURRENT_TIMESTAMP,
  `created_by` int(10) UNSIGNED NOT NULL DEFAULT '1',
  `modified_date` datetime DEFAULT NULL,
  `modified_by` int(11) DEFAULT NULL
) ENGINE=MyISAM DEFAULT CHARSET=utf8 COLLATE=utf8_unicode_ci;

--
-- Dumping data for table `player`
--

INSERT INTO `player` (`id`, `name_th`, `surname_th`, `name_en`, `surname_en`, `called_name_th`, `called_name_en`, `called_name_th_full`, `called_name_en_full`, `birthdate`, `image`, `current_shirt_no`, `player_position_id`, `current_club_id`, `nation_id`, `description`, `status`, `deleted`, `created_date`, `created_by`, `modified_date`, `modified_by`) VALUES
(1, 'วิศณุศักดิ์', 'แก้วเรือง', 'Visanusak', 'Kaewruang', 'วิศณุศักดิ์', 'Visanusak', NULL, NULL, NULL, NULL, 1, 1, 9, 189, NULL, 1, 0, '2017-01-27 13:39:55', 1, '2017-03-13 09:44:04', 1),
(2, 'พีรพงศ์', 'พิชิตโชติรัตน์', 'Peeraphong', 'Pichitchotirat', 'พีรพงศ์', 'P-Raphong', NULL, NULL, NULL, NULL, 23, 3, 3, 189, NULL, 1, 0, '2017-01-27 13:39:55', 1, '2017-02-18 22:06:41', 1),
(3, 'ศุภชัย', 'คมศิลป์', 'Supachai', 'Komsilp', 'ศุภชัย', 'Supachai', NULL, NULL, NULL, NULL, 17, 2, 3, 189, NULL, 1, 0, '2017-01-27 13:39:55', 1, '2017-02-18 22:01:01', 1),
(4, 'อนาวิน', 'จูจีน', 'Anawin', 'Jujeen', 'อนาวิน', 'Anawin', NULL, NULL, NULL, NULL, 6, 2, 10, 189, NULL, 1, 0, '2017-01-27 13:39:55', 1, '2017-03-09 12:00:36', 1),
(5, 'ทนงศักดิ์', 'พันภิพัฒน์', 'Thanongsak', 'Phanphiphat', 'ทนงศักดิ์', 'Thanongsak', NULL, NULL, NULL, NULL, 23, 1, 14, 189, NULL, 1, 0, '2017-01-27 13:39:55', 1, '2017-03-09 11:30:15', 1),
(6, 'อิทธิพล', 'พูลทรัพย์', 'Atthipol', 'Poonsub', 'อิทธิพล', 'Atthipol', NULL, NULL, NULL, NULL, 7, 3, 18, 189, NULL, 1, 0, '2017-01-27 13:39:55', 1, '2017-02-25 09:53:17', 1),
(7, 'ปกาศิต', 'แสนสุข', 'Pakasit', 'Saensook', 'ปกาศิต', 'Pakasit', NULL, NULL, NULL, NULL, 0, 2, 0, 189, NULL, 1, 0, '2017-01-27 13:39:55', 1, NULL, NULL),
(8, 'ภานุพงศ์', 'วงศ์ษา', 'Panupong', 'Wongsa', 'ภานุพงศ์', 'Panupong', NULL, NULL, NULL, NULL, 4, 2, 2, 189, NULL, 1, 0, '2017-01-27 13:39:55', 1, '2017-03-09 14:02:51', 1),
(9, 'ณัฐพร', 'พันธุ์ฤทธิ์', 'Nataporn', 'Phanrit', 'ณัฐพร', 'Phanrit', NULL, NULL, NULL, NULL, 6, 2, 15, 189, NULL, 1, 0, '2017-01-27 13:39:55', 1, '2017-03-09 11:52:22', 1),
(10, 'ดัสกร', 'ทองเหลา', 'Datsakorn', 'Thonglao', 'ดัสกร', 'Datsakorn', NULL, NULL, NULL, NULL, 7, 3, 9, 189, NULL, 1, 0, '2017-01-27 13:39:55', 1, '2017-03-09 13:53:42', 1),
(11, 'จักรพันธ์', 'แก้วพรม', 'Jakkaphan', 'Kaewprom', 'จักรพันธ์', 'Jakkaphan', NULL, NULL, NULL, NULL, 10, 3, 4, 189, NULL, 1, 0, '2017-01-27 13:39:55', 1, '2017-03-09 11:37:02', 1),
(12, 'ธีรศิลป์', 'แดงดา', 'Teerasil', 'Dangda', 'ธีรศิลป์', 'Teerasil', NULL, NULL, NULL, NULL, 10, 4, 1, 189, NULL, 1, 0, '2017-01-27 13:39:55', 1, '2017-03-12 11:34:22', 1),
(13, 'ธีรเทพ', 'วิโนทัย', 'Teeratep', 'Winothai', 'ธีรเทพ', 'Teeratep', NULL, NULL, NULL, NULL, 14, 4, 2, 189, NULL, 1, 0, '2017-01-27 13:39:55', 1, '2017-03-09 14:02:51', 1),
(14, 'นพพล', 'ปิตะฝ่าย', 'Noppol', 'Pitafai', 'นพพล', 'Noppol', NULL, NULL, NULL, NULL, 32, 2, 10, 189, NULL, 1, 0, '2017-01-27 13:39:55', 1, '2017-03-09 12:00:35', 1),
(16, 'ชาคริต', 'บัวทอง', 'Chakrit', 'Buathong', 'ชาคริต', 'Chakrit', NULL, NULL, NULL, NULL, 0, 3, 0, 189, NULL, 1, 0, '2017-01-27 13:39:55', 1, NULL, NULL),
(17, 'อานนท์', 'สังสระน้อย', 'Anon', 'Sangsanoi', 'อานนท์', 'Anon', NULL, NULL, NULL, NULL, 0, 4, 0, 189, NULL, 1, 0, '2017-01-27 13:39:55', 1, NULL, NULL),
(18, 'อินทรัตน์', 'อภิญญากุล', 'Intharat', 'Apinyakun', 'อินทรัตน์', 'Intharat', NULL, NULL, NULL, NULL, 19, 1, 15, 189, NULL, 1, 0, '2017-01-27 13:39:55', 1, '2017-03-09 11:52:23', 1),
(19, 'ไพฑูรย์', 'นนทะดี', 'Phaitoon', 'Nontadee', 'ไพฑูรย์', 'Phaitoon', NULL, NULL, NULL, NULL, 0, 3, 0, 189, NULL, 1, 0, '2017-01-27 13:39:55', 1, NULL, NULL),
(20, 'นฤพล', 'อารมณ์สวะ', 'Naruphol', 'Ar-Romsawa', 'นฤพล', 'Naruphol', NULL, NULL, NULL, NULL, 17, 4, 11, 189, NULL, 1, 0, '2017-01-27 13:39:55', 1, '2017-03-09 11:39:22', 1),
(21, 'พิชิตพงษ์', 'เฉยฉิว', 'Phichitphong', 'Choeichiu', 'พิชิตพงษ์', 'Pichitpong', NULL, NULL, NULL, NULL, 19, 3, 9, 189, NULL, 1, 0, '2017-01-27 13:39:55', 1, '2017-03-09 13:53:42', 1),
(22, 'กวินทร์', 'ธรรมสัจจานันท์', 'Kawin', 'Thamsatchanan', 'กวินทร์', 'Kawin', NULL, NULL, NULL, NULL, 1, 1, 1, 189, NULL, 1, 0, '2017-01-27 13:39:56', 1, '2017-03-12 11:34:22', 1),
(23, 'ชยพัทธ์', 'กิจพงษ์ศรีธาดา', 'Chayaphat', 'Kitpongsrithada', 'ชยพัทธ์', 'Chayaphat', NULL, NULL, NULL, NULL, 15, 2, 5, 189, NULL, 1, 0, '2017-01-27 13:39:56', 1, '2017-02-18 23:37:32', 1),
(24, 'ประกิต', 'ดีพร้อม', 'Prakit', 'Deeprom', 'ประกิต', 'Prakit', NULL, NULL, NULL, NULL, 21, 3, 5, 189, NULL, 1, 0, '2017-01-27 13:39:56', 1, '2017-02-18 23:38:25', 1),
(25, 'ชิติพัทธ์', 'แทนกลาง', 'Chitipat', 'Thanklang', 'ชิติพัทธ์', 'Chitipat', NULL, NULL, NULL, NULL, 14, 2, 4, 189, NULL, 1, 0, '2017-01-27 13:39:56', 1, '2017-03-09 11:37:02', 1),
(26, 'กัมพล', 'ปฐมอรรฆย์กุล', 'Kampon', 'Phatomakkakul', 'กัมพล', 'Kampon', NULL, NULL, NULL, NULL, 28, 1, 9, 189, NULL, 1, 0, '2017-01-27 13:39:56', 1, '2017-03-09 13:53:42', 1),
(27, 'เมธี', 'ทวีกุลกาญจน์', 'Methee', 'Thaweekulkarn', 'เมธี', 'May T', NULL, NULL, NULL, NULL, 0, 3, 0, 189, NULL, 1, 0, '2017-01-27 13:39:56', 1, NULL, NULL),
(28, 'ประลอง', 'สาวันดี', 'Pralong', 'Sawandee', 'ประลอง', 'Pralong', NULL, NULL, NULL, NULL, 32, 2, 11, 189, NULL, 1, 0, '2017-01-27 13:39:56', 1, '2017-03-09 11:39:23', 1),
(29, 'ฉัตรชัย', 'บุตรพรหม', 'Chatchai', 'Bootprom', 'ฉัตรชัย', 'Chatchai', NULL, NULL, NULL, NULL, 0, 1, 0, 189, NULL, 1, 0, '2017-01-27 13:39:56', 1, NULL, NULL),
(30, 'รณชัย', 'รังสิโย', 'Ronnachai', 'Rungsiyo', 'รณชัย', 'Ronnachai', NULL, NULL, NULL, NULL, 0, 4, 0, 189, NULL, 1, 0, '2017-01-27 13:39:56', 1, NULL, NULL),
(31, 'อภิสิทธิ์', 'คำวัง', 'Apisit', 'Khamwang', 'อภิสิทธิ์', 'Apisit', NULL, NULL, NULL, NULL, 38, 2, 10, 189, NULL, 1, 0, '2017-01-27 13:39:56', 1, '2017-03-09 12:00:36', 1),
(32, 'ปกเกล้า', 'อนันต์', 'Pokklaw', 'A-Nan', 'ปกเกล้า', 'Pokklaw', NULL, NULL, NULL, NULL, 39, 3, 2, 189, NULL, 1, 0, '2017-01-27 13:39:56', 1, '2017-03-09 14:02:51', 1),
(33, 'สิทธิโชค', 'ทัศนัย', 'Sitichok', 'Tasanai', 'สิทธิโชค', 'Sitichok', NULL, NULL, NULL, NULL, 26, 3, 9, 189, NULL, 1, 0, '2017-01-27 13:39:56', 1, '2017-03-09 13:53:42', 1),
(34, 'Jesus Da Silva', 'Ricardo', 'Jesus Da Silva', 'Ricardo', 'R.Jesus', 'R.Jesus', NULL, NULL, NULL, NULL, 9, 4, 16, 28, NULL, 1, 0, '2017-01-27 13:39:56', 1, '2017-02-19 09:55:57', 1),
(35, 'ณัทธภณ', 'วรทญานันทน์', 'Rattapol', 'Piyawutsakul', 'ณัทธภณ', 'Nattapol', NULL, NULL, NULL, NULL, 0, 3, 0, 189, NULL, 1, 0, '2017-01-27 13:39:56', 1, NULL, NULL),
(36, 'กรวิทย์', 'นามวิเศษ', 'Korawit', 'Namwiset', 'กรวิทย์', 'Koravit', NULL, NULL, NULL, NULL, 16, 2, 4, 189, NULL, 1, 0, '2017-01-27 13:39:56', 1, '2017-03-09 11:37:02', 1),
(37, 'วิทยา', 'หมัดหลำ', 'Witthaya', 'Madlum', 'วิทยา', 'Witthaya', NULL, NULL, NULL, NULL, 8, 3, 2, 189, NULL, 1, 0, '2017-01-27 13:39:56', 1, '2017-03-09 14:02:51', 1),
(38, 'อาทิตย์', 'สุนทรพิธ', 'Arthit', 'Sunthornphit', 'อาทิตย์', 'Arthit', NULL, NULL, NULL, NULL, 0, 3, 0, 189, NULL, 1, 0, '2017-01-27 13:39:56', 1, NULL, NULL),
(39, 'สุรีย์', 'สุขะ', 'Suree', 'Sukha', 'สุรีย์', 'Suree', NULL, NULL, NULL, NULL, 25, 2, 17, 189, NULL, 1, 0, '2017-01-27 13:39:56', 1, '2017-03-09 11:54:56', 1),
(40, 'ณัฐพงษ์', 'สมณะ', 'Natthaphong', 'Samana', 'ณัฐพงษ์', 'Natthaphong', NULL, NULL, NULL, NULL, 4, 2, 10, 189, NULL, 1, 0, '2017-01-27 13:39:56', 1, '2017-03-09 12:00:35', 1),
(41, 'ชลทิตย์', 'จันทคาม', 'Chonlatit', 'Jantakam', 'ชลทิตย์', 'Chonlatit', NULL, NULL, NULL, NULL, 25, 2, 5, 189, NULL, 1, 0, '2017-01-27 13:39:56', 1, '2017-02-18 23:30:28', 1),
(42, 'พิภพ', 'อ่อนโม้', 'Pipob', 'Onmo', 'พิภพ', 'Pipob', NULL, NULL, NULL, NULL, 10, 4, 5, 189, NULL, 1, 0, '2017-01-27 13:39:56', 1, '2017-03-09 11:26:25', 1),
(43, 'เอกพันธ์', 'อินทเสน', 'Ekaphan', 'Inthasen', 'เอกพันธ์', 'Ekaphan', NULL, NULL, NULL, NULL, 28, 3, 14, 189, NULL, 1, 0, '2017-01-27 13:39:56', 1, '2017-03-09 11:30:15', 1),
(44, 'เจษฎากร', 'เหมแดง', 'Jetsadakorn', 'Hemdaeng', 'เจษฎากร', 'Jetsadakorn', NULL, NULL, NULL, NULL, 0, 2, 0, 189, NULL, 1, 0, '2017-01-27 13:39:56', 1, NULL, NULL),
(45, 'ธนา', 'ชะนะบุตร', 'Thana', 'Chanabut', 'ธนา', 'Tana', NULL, NULL, NULL, NULL, 99, 4, 18, 189, NULL, 1, 0, '2017-01-27 13:39:56', 1, '2017-02-18 19:05:11', 1),
(46, 'นริศ', 'ทวีกุล', 'Narit', 'Taweekul', 'นริศ', 'Narit', NULL, NULL, NULL, NULL, 1, 1, 3, 189, NULL, 1, 0, '2017-01-27 13:39:56', 1, '2017-02-18 21:54:47', 1),
(47, 'ชณธวัฒน์', 'ศรีสุข', 'Chontawat', 'Srisuk', 'ชณธวัฒน์', 'Chontawat', NULL, NULL, NULL, NULL, 31, 2, 15, 189, NULL, 1, 0, '2017-01-27 13:39:56', 1, '2017-03-09 11:52:22', 1),
(48, 'ชาตรี', 'ฉิมทะเล', 'Chatree', 'Chimtale', 'ชาตรี', 'Chatree', NULL, NULL, NULL, NULL, 29, 4, 3, 189, NULL, 1, 0, '2017-01-27 13:39:56', 1, '2017-02-18 22:24:01', 1),
(49, 'เกียรติประวุฒิ', 'สายแวว', 'Kiatprawut', 'Saiwaeo', 'เกียรติประวุฒิ', 'Kiatprawut', NULL, NULL, NULL, NULL, 29, 2, 7, 189, NULL, 1, 0, '2017-01-27 13:39:56', 1, '2017-03-09 14:05:00', 1),
(50, 'สินทวีชัย', 'หทัยรัตนกุล', 'Sinthaweechai', 'Hathairattanakool', 'สินทวีชัย', 'Sinthaweechai', NULL, NULL, NULL, NULL, 18, 1, 10, 189, NULL, 1, 0, '2017-01-27 13:39:56', 1, '2017-03-09 12:00:36', 1),
(51, 'ศุภเสกข์', 'ไก่แก้ว', 'Supasek', 'Kaikaew', 'ศุภเสกข์', 'Supasek', NULL, NULL, NULL, NULL, 18, 3, 16, 189, NULL, 1, 0, '2017-01-27 13:39:56', 1, '2017-02-19 10:00:03', 1),
(52, 'โกศวัต', 'ว่องไวลิขิต', 'Kosawat', 'Wongwailikit', 'โกศวัต', 'Kosawat', NULL, NULL, NULL, NULL, 0, 2, 0, 189, NULL, 1, 0, '2017-01-27 13:39:57', 1, NULL, NULL),
(53, 'บุญมี', 'บุญรอด', 'Boonmee', 'Boonrod', 'บุญมี', 'Boonmee', NULL, NULL, NULL, NULL, 0, 2, 0, 189, NULL, 1, 0, '2017-01-27 13:39:57', 1, NULL, NULL),
(54, 'Andre Luis', 'Leite', 'Andre Luis', 'Leite', 'Andre Luis', 'Andre Luis', NULL, NULL, NULL, NULL, 11, 4, 5, 28, NULL, 1, 0, '2017-01-27 13:39:57', 1, '2017-02-18 23:26:54', 1),
(55, 'เสกสันต์', 'ชาวทองหลาง', 'Seksan', 'Chawthonglang', 'เสกสันต์', 'Seksan', NULL, NULL, NULL, NULL, 15, 2, 15, 189, NULL, 1, 0, '2017-01-27 13:39:57', 1, '2017-03-09 11:52:23', 1),
(56, 'มารุต', 'ดอกมะลิป่า', 'Marut', 'Dokmalipa', 'มารุต', 'Marut', NULL, NULL, NULL, NULL, 16, 2, 15, 189, NULL, 1, 0, '2017-01-27 13:39:57', 1, '2017-03-09 11:52:23', 1),
(57, 'อภิวัฒน์', 'งั่วลำหิน', 'Apiwat', 'Ngualamhin', 'อภิวัฒน์', 'Apiwat', NULL, NULL, NULL, NULL, 19, 2, 6, 189, NULL, 1, 0, '2017-01-27 13:39:57', 1, '2017-02-18 19:16:53', 1),
(58, 'สิทธิศักดิ์', 'ตาระพันธุ์', 'Sitthisak', 'Tarapan', 'สิทธิศักดิ์', 'Sitthisak', NULL, NULL, NULL, NULL, 27, 2, 15, 189, NULL, 1, 0, '2017-01-27 13:39:57', 1, '2017-03-09 11:52:23', 1),
(59, 'สุรชาติ', 'สารีพิมพ์', 'Surachart', 'Sareepim', 'สุรชาติ', 'Surachat', NULL, NULL, NULL, NULL, 9, 4, 3, 189, NULL, 1, 0, '2017-01-27 13:39:57', 1, '2017-02-18 22:16:51', 1),
(60, 'อภิภู', 'สุนทรพนาเวศ', 'Apipoo', 'Sunthornpanavej', 'อภิภู', 'Apipoo', NULL, NULL, NULL, NULL, 0, 3, 0, 189, NULL, 1, 0, '2017-01-27 13:39:57', 1, NULL, NULL),
(61, 'เกรียงศักดิ์', 'ชุมพรผ่อง', 'Krengsak', 'Chunpornpong', 'เกรียงศักดิ์', 'Kriengsak', NULL, NULL, NULL, NULL, 0, 2, 0, 189, NULL, 1, 0, '2017-01-27 13:39:57', 1, NULL, NULL),
(62, 'ทศพล', 'ลาเทศ', 'Tossapol', 'Lated', 'ทศพล', 'Tossapol', NULL, NULL, NULL, NULL, 6, 2, 18, 189, NULL, 1, 0, '2017-01-27 13:39:57', 1, '2017-02-18 19:03:26', 1),
(63, 'เอกชัย', 'สำเร', 'Ekkachai', 'Sumrei', 'เอกชัย', 'Ekkachai', NULL, NULL, NULL, NULL, 2, 3, 2, 189, NULL, 1, 0, '2017-01-27 13:39:57', 1, '2017-03-09 14:02:51', 1),
(64, 'ณรงค์', 'วิเศษศรี', 'Narong', 'Wisetsri', 'ณรงค์', 'Narong', NULL, NULL, NULL, NULL, 17, 1, 14, 189, NULL, 1, 0, '2017-01-27 13:39:57', 1, '2017-03-13 10:11:59', 1),
(65, 'พิชา', 'อุทรา', 'Picha', 'Autra', 'พิชา', 'Picha', NULL, NULL, NULL, NULL, 37, 3, 12, 189, NULL, 1, 0, '2017-01-27 13:39:57', 1, '2017-03-09 11:45:18', 1),
(66, 'ชญาวัต', 'ศรีนาวงษ์', 'Chayawut', 'Srinawong', 'ชญาวัต', 'Chayawat', NULL, NULL, NULL, NULL, 13, 4, 12, 189, NULL, 1, 0, '2017-01-27 13:39:57', 1, '2017-03-09 11:45:18', 1),
(67, 'อภิเชษฐ์', 'พุฒตาล', 'Apichet', 'Puttan', 'อภิเชษฐ์', 'Apichet', NULL, NULL, NULL, NULL, 0, 2, 0, 189, NULL, 1, 0, '2017-01-27 13:39:57', 1, NULL, NULL),
(68, 'ศิวรักษ์', 'เทศสูงเนิน', 'Siwarak', 'Tedsungnern', 'ศิวรักษ์', 'Siwarak', NULL, NULL, NULL, NULL, 1, 1, 4, 189, NULL, 1, 0, '2017-01-27 13:39:57', 1, '2017-03-09 11:37:02', 1),
(69, 'ธนากร', 'สายปัญญา', 'Tanakorn', 'Saipanya', 'ธนากร', 'Tanakorn', NULL, NULL, NULL, NULL, 0, 2, 0, 189, NULL, 1, 0, '2017-01-27 13:39:57', 1, NULL, NULL),
(70, 'ทศพล', 'ยอดจันทร์', 'Dhossapol', 'Yotchan', 'ทศพล', 'Dhossapol', NULL, NULL, NULL, NULL, 0, 4, 0, 189, NULL, 1, 0, '2017-01-27 13:39:57', 1, NULL, NULL),
(72, 'ศักดิ์ดา', 'เจิมดี', 'Sakda', 'Joemdee', 'ศักดิ์ดา', 'Sakda. J', NULL, NULL, NULL, NULL, 8, 3, 14, 189, NULL, 1, 0, '2017-01-27 13:39:57', 1, '2017-03-09 11:30:15', 1),
(73, 'ชัยวุฒิ', 'วัฒนะ', 'Chaiwut', 'Watthana', 'ชัยวุฒิ', 'W.Chaiwut', NULL, NULL, NULL, NULL, 0, 3, 0, 189, NULL, 1, 0, '2017-01-27 13:39:57', 1, NULL, NULL),
(74, 'สุพจน์', 'วงษ์หอย', 'Suphot', 'Wonghoi', 'สุพจน์', 'Suphot', NULL, NULL, NULL, NULL, 29, 3, 17, 189, NULL, 1, 0, '2017-01-27 13:39:58', 1, '2017-03-09 11:54:56', 1),
(75, 'ธีรัตม์', 'นาคชำนาญ', 'Chayut', 'Nakchamnan', 'ธีรัตม์', 'Teerat', NULL, NULL, NULL, NULL, 32, 1, 6, 189, NULL, 1, 0, '2017-01-27 13:39:58', 1, '2017-02-18 19:18:59', 1),
(76, 'เอกภูมิ', 'โพธารุ่งโรจน์', 'Ekkaphum', 'Photharungroj', 'เอกภูมิ', 'Ekkabhum', NULL, NULL, NULL, NULL, 8, 3, 18, 189, NULL, 1, 0, '2017-01-27 13:39:58', 1, '2017-02-18 19:03:39', 1),
(77, 'นพนนท์', 'คชพลายุกต์', 'Noppanon', 'Kotchpalayuk', 'นพนนท์', 'Noppanon', NULL, NULL, NULL, NULL, 2, 2, 5, 189, NULL, 1, 0, '2017-01-27 13:39:58', 1, '2017-02-18 23:24:32', 1),
(78, 'กฤษฎี', 'ประกอบของ', 'Krisadee', 'Prakopkong', 'กฤษฎี', 'Krisadee', NULL, NULL, NULL, NULL, 3, 2, 7, 189, NULL, 1, 0, '2017-01-27 13:39:58', 1, '2017-03-09 14:05:00', 1),
(79, 'สรรวัชญ์', 'เดชมิตร', 'Sanrawat', 'Dechmitr', 'สรรวัชญ์', 'Dechmitr', NULL, NULL, NULL, NULL, 29, 3, 2, 189, NULL, 1, 0, '2017-01-27 13:39:58', 1, '2017-03-09 14:02:51', 1),
(81, 'วิธวินทร์', 'คลอวุฒิวัฒน์', 'Wittawin', 'Clowuttiwat', 'วิธวินทร์', 'Wittawin', NULL, NULL, NULL, NULL, 0, 2, 0, 189, NULL, 1, 0, '2017-01-27 13:39:58', 1, NULL, NULL),
(82, 'ปฏิภาณ', 'เพชรพูล', 'Patiparn', 'Phetpun', 'ปฏิภาณ', 'Patiparn', NULL, NULL, NULL, NULL, 0, 2, 0, 189, NULL, 1, 0, '2017-01-27 13:39:58', 1, NULL, NULL),
(83, 'วีระ', 'เกิดพุดซา', 'Weera', 'Koedpudsa', 'วีระ', 'Weera', NULL, NULL, NULL, NULL, 1, 1, 18, 189, NULL, 1, 0, '2017-01-27 13:39:58', 1, '2017-02-18 19:03:11', 1),
(84, 'ชุมพล', 'บัวงาม', 'Chumpol', 'Buangam', 'ชุมพล', 'Chumpol', NULL, NULL, NULL, NULL, 6, 2, 6, 189, NULL, 1, 0, '2017-01-27 13:39:58', 1, '2017-02-18 19:06:52', 1),
(85, 'มิก้า', 'ชูนวลศรี', 'Mika', 'Chunuonsee', 'มิก้า', 'Chunuonsee', NULL, NULL, NULL, NULL, 16, 2, 2, 189, NULL, 1, 0, '2017-01-27 13:39:58', 1, '2017-03-09 14:02:51', 1),
(86, 'กิตติพงศ์', 'ภูแถวเชือก', 'Kittipong', 'Poothawchuek', 'กิตติพงศ์', 'Kittipong', NULL, NULL, NULL, NULL, 1, 1, 2, 189, NULL, 1, 0, '2017-01-27 13:39:58', 1, '2017-03-09 14:02:50', 1),
(87, 'วัลลภ', 'แซ่จิ๋ว', 'Wanlop', 'Saechio', 'วัลลภ', 'Wanlop', NULL, NULL, NULL, NULL, 0, 1, 0, 189, NULL, 1, 0, '2017-01-27 13:39:58', 1, NULL, NULL),
(88, 'วรวุฒิ', 'ศรีสุภา', 'Worawut', 'Kaewpook', 'วรวุฒิ', 'Worawut S.', NULL, NULL, NULL, NULL, 36, 1, 18, 189, NULL, 1, 0, '2017-01-27 13:39:58', 1, '2017-02-25 09:53:38', 1),
(89, 'ปิยะราษฎร์', 'ลาจังหรีด', 'Piyarat', 'Lajungreed', 'ปิยะราษฎร์', 'Piyarat', NULL, NULL, NULL, NULL, 13, 2, 8, 189, NULL, 1, 0, '2017-01-27 13:39:58', 1, '2017-02-19 17:16:04', 1),
(90, 'พงศกร', 'สีรอด', 'Pongsakorn', 'Sirot', 'พงศกร', 'Pongsakorn', NULL, NULL, NULL, NULL, 0, 3, 0, 189, NULL, 1, 0, '2017-01-27 13:39:58', 1, NULL, NULL),
(91, 'ประวีณวัช', 'บุญยงค์', 'Praweenwat', 'Boonyong', 'ประวีณวัช', 'Praweenwat', NULL, NULL, NULL, NULL, 5, 2, 3, 189, NULL, 1, 0, '2017-01-27 13:39:58', 1, '2017-02-18 22:16:41', 1),
(92, 'Mario', 'Durovski', 'Mario', 'Durovski', 'Mario', 'Mario', NULL, NULL, NULL, NULL, 20, 4, 2, 114, NULL, 1, 0, '2017-01-27 13:39:58', 1, '2017-03-09 14:02:50', 1),
(93, 'Anderson', 'Dos Santos', 'Anderson', 'Dos Santos', 'Dos Santos', 'Dos Santos', NULL, NULL, NULL, NULL, 0, 2, 0, 28, NULL, 1, 0, '2017-01-27 13:39:58', 1, '2017-02-18 10:39:01', 1),
(94, 'Cleiton Augusto', 'Oliveira Silva', 'Cleiton', 'Silva', 'Cleiton', 'Cleiton', NULL, NULL, NULL, NULL, 23, 4, 1, 28, NULL, 1, 0, '2017-01-27 13:39:58', 1, '2017-03-12 11:34:22', 1),
(95, 'คมสันต์', 'เมินดี', 'Komson', 'Meundee', 'คมสันต์', 'Comson', NULL, NULL, NULL, NULL, 25, 3, 13, 189, NULL, 1, 0, '2017-01-27 13:39:58', 1, '2017-02-19 01:09:07', 1),
(97, 'เสกสิทธิ์', 'ศรีใส', 'Saksit', 'Srisai', 'เสกสิทธิ์', 'Saksit', NULL, NULL, NULL, NULL, 17, 3, 9, 189, NULL, 1, 0, '2017-01-27 13:39:58', 1, '2017-03-09 13:53:43', 1),
(98, 'ทริสตอง', 'โด', 'Tristan', 'Do', 'ทริสตอง', 'Tristan', NULL, NULL, NULL, NULL, 19, 2, 1, 189, NULL, 1, 0, '2017-01-27 13:39:58', 1, '2017-03-12 11:34:22', 1),
(99, 'สุชนม์', 'สงวนดี', 'Suchon', 'Sa-Nguan-Dee', 'สุชนม์', 'Suchon', NULL, NULL, NULL, NULL, 11, 2, 18, 189, NULL, 1, 0, '2017-01-27 13:39:58', 1, '2017-03-02 12:04:31', 1),
(100, 'Anggello', 'Machuca', 'Anggello Marciad', 'Machuca Noguera', 'Machuca', 'Machuca', NULL, NULL, NULL, NULL, 0, 3, 0, 147, NULL, 1, 0, '2017-01-27 13:39:58', 1, '2017-02-18 10:26:02', 1),
(101, 'ยุทธจักร', 'ก้อนจันทร์', 'Yuttajak', 'Khonchan', 'ยุทธจักร', 'Yuthajak', NULL, NULL, NULL, NULL, 18, 2, 15, 189, NULL, 1, 0, '2017-01-27 13:39:58', 1, '2017-03-09 11:52:23', 1),
(102, 'ชุติพนธ์', 'ทองแท้', 'Chutipon', 'Tongtae', 'ชุติพนธ์', 'Chutipon', NULL, NULL, NULL, NULL, 7, 3, 6, 189, NULL, 1, 0, '2017-01-27 13:39:58', 1, '2017-02-18 19:07:16', 1),
(103, 'นูรูล', 'ศรียานเก็ม', 'Nurul', 'Sriyankem', 'นูรูล', 'Nurul', NULL, NULL, NULL, NULL, 31, 4, 5, 189, NULL, 1, 0, '2017-01-27 13:39:58', 1, '2017-02-18 23:30:50', 1),
(104, 'เอกลักษณ์', 'ทองกริต', 'Eakkaluck', 'Thongkit', 'เอกลักษณ์', 'Eakkaluck', NULL, NULL, NULL, NULL, 17, 2, 6, 189, NULL, 1, 0, '2017-01-27 13:39:58', 1, '2017-02-18 19:10:41', 1),
(105, 'อุกฤษณ์', 'วงศ์มีมา', 'Ukrit', 'Wongmeema', 'อุกฤษณ์', 'Ukrit', NULL, NULL, NULL, NULL, 27, 1, 6, 189, NULL, 1, 0, '2017-01-27 13:39:58', 1, '2017-02-18 19:12:07', 1),
(106, 'สุรศักดิ์', 'คุ้มกัน', 'Surasak', 'Koomgan', 'สุรศักดิ์', 'S.Koomkan', NULL, NULL, NULL, NULL, 0, 3, 0, 189, NULL, 1, 0, '2017-01-27 13:39:58', 1, NULL, NULL),
(107, 'เฉลิมพงษ์', 'เกิดแก้ว', 'Chalermpong', 'Kerdkaew', 'เฉลิมพงษ์', 'Chalermpong', NULL, NULL, NULL, NULL, 4, 2, 11, 189, NULL, 1, 0, '2017-01-27 13:39:58', 1, '2017-03-09 11:39:23', 1),
(108, 'เดชา', 'สร้างดี', 'Decha', 'Srangdee', 'เดชา', 'Decha', NULL, NULL, NULL, NULL, 25, 2, 11, 189, NULL, 1, 0, '2017-01-27 13:39:58', 1, '2017-03-09 11:39:23', 1),
(109, 'Daiki', 'Higuchi', 'Daiki', 'Higuchi', 'Daiki', 'Daiki', NULL, NULL, NULL, NULL, 0, 2, 0, 97, NULL, 1, 0, '2017-01-27 13:39:58', 1, NULL, NULL),
(111, 'Saad', 'Hassan Ali', 'Saad', 'Hassan Ali', 'Hassan', 'Hassan', NULL, NULL, NULL, NULL, 0, 4, 0, 201, NULL, 1, 0, '2017-01-27 13:39:59', 1, NULL, NULL),
(112, 'พัทธนันท์', 'พิจิตรธรรม', 'Pattanan', 'Pijittham', 'พัทธนันท์', 'Pattanun', NULL, NULL, NULL, NULL, 0, 1, 0, 189, NULL, 1, 0, '2017-01-27 13:39:59', 1, NULL, NULL),
(113, 'ณรงค์ฤทธิ์', 'สามนปาล', 'Narongrit', 'Samonpan', 'ณรงค์ฤทธิ์', 'Narongrit', NULL, NULL, NULL, NULL, 0, 3, 0, 189, NULL, 1, 0, '2017-01-27 13:39:59', 1, NULL, NULL),
(114, 'Antonio Pereira', 'Pina Neto', 'Antonio Pereira', 'Pina Neto', 'Pina', 'Pina', NULL, NULL, NULL, NULL, 27, 3, 11, 28, NULL, 1, 0, '2017-01-27 13:39:59', 1, '2017-03-09 11:39:22', 1),
(115, 'Gleidionor Figueiredo', 'Pinto Junior', 'Gleidionor Figueiredo', 'Pinto Junior', 'Pinto Junior', 'Pinto Junior', NULL, NULL, NULL, NULL, 0, 4, 0, 28, NULL, 1, 0, '2017-01-27 13:39:59', 1, NULL, NULL),
(117, 'ศิวกร', 'จักขุประสาท', 'Siwakorn', 'Chakkuprasart', 'ศิวกร', 'Siwakorn', NULL, NULL, NULL, NULL, 16, 3, 18, 189, NULL, 1, 0, '2017-01-27 13:39:59', 1, '2017-02-18 18:55:42', 1),
(118, 'Leandro', 'Assumpcao', 'Leandro', 'Assumpcao', 'L.Assumpcao', 'L.Assumpcao', NULL, NULL, NULL, NULL, 37, 4, 13, 28, NULL, 1, 0, '2017-01-27 13:39:59', 1, '2017-02-19 01:09:24', 1),
(119, 'สุรัตน์', 'สุขะ', 'Surat', 'Sukha', 'สุรัตน์', 'Surat', NULL, NULL, NULL, NULL, 15, 3, 17, 189, NULL, 1, 0, '2017-01-27 13:39:59', 1, '2017-03-09 11:54:56', 1),
(120, 'วรุฒ', 'เมฆมุสิก', 'Mr.Walut', 'Makemusik', 'วรุฒ', 'Warut', NULL, NULL, NULL, NULL, 34, 1, 2, 189, NULL, 1, 0, '2017-01-27 13:39:59', 1, '2017-03-09 14:02:51', 1),
(121, 'ชัยณรงค์', 'ทาทอง', 'Chainarong', 'Tatong', 'ชัยณรงค์', 'Chainarong', NULL, NULL, NULL, NULL, 38, 4, 12, 189, NULL, 1, 0, '2017-01-27 13:39:59', 1, '2017-03-09 11:45:18', 1),
(122, 'Sreten', 'Sretenovic', 'Sreten', 'Sretenovic', 'Sreten', 'Sreten', NULL, NULL, NULL, NULL, 0, 2, 0, 167, NULL, 1, 0, '2017-01-27 13:39:59', 1, NULL, NULL),
(123, 'ณภัทร', 'ธำรงศุภกร', 'Naphat', 'Thamrongsupakon', 'ณภัทร', 'Naphat', NULL, NULL, NULL, NULL, 28, 4, 10, 189, NULL, 1, 0, '2017-01-27 13:39:59', 1, '2017-03-09 12:00:35', 1),
(124, 'พุทธินันท์', 'วรรณศรี', 'Puttinan', 'Wannasri', 'พุทธินันท์', 'Puttinan', NULL, NULL, NULL, NULL, 5, 2, 2, 189, NULL, 1, 0, '2017-01-27 13:39:59', 1, '2017-03-09 14:02:51', 1),
(125, 'Bjorn', 'Lindemann', 'Bjorn', 'Lindemann', 'Lindemann', 'Lindemann', NULL, NULL, NULL, NULL, 10, 3, 15, 74, NULL, 1, 0, '2017-01-27 13:39:59', 1, '2017-03-09 11:52:22', 1),
(126, 'ประสิทธิ์', 'ผดุงโชค', 'Prasit', 'Phadungchok', 'ประสิทธิ์', 'Prasit', NULL, NULL, NULL, NULL, 28, 1, 1, 189, NULL, 1, 0, '2017-01-27 13:39:59', 1, '2017-03-12 11:34:23', 1),
(127, 'ศิลา', 'ศรีกำปัง', 'Sila', 'Srikumpang', 'ศิลา', 'Sila', NULL, NULL, NULL, NULL, 2, 2, 6, 189, NULL, 1, 0, '2017-01-27 13:39:59', 1, '2017-02-18 19:05:50', 1),
(128, 'นฤบดินทร์', 'วีรวัฒโนดม', 'Narubadin', 'Weerawatnodom', 'นฤบดินทร์', 'Narubadin', NULL, NULL, NULL, NULL, 13, 2, 4, 189, NULL, 1, 0, '2017-01-27 13:39:59', 1, '2017-03-09 11:37:02', 1),
(129, 'อดิศักดิ์', 'แหวนหล่อ', 'Adisak', 'Waenlor', 'อดิศักดิ์', 'Adisak', NULL, NULL, NULL, NULL, 17, 2, 12, 189, NULL, 1, 0, '2017-01-27 13:39:59', 1, '2017-03-09 11:45:18', 1),
(130, 'พิธิวัต', 'สุขจิตธรรมกุล', 'Phitiwat', 'Sookjitthammakul', 'พิธิวัต', 'Phitiwat', NULL, NULL, NULL, NULL, 6, 3, 7, 189, NULL, 1, 0, '2017-01-27 13:39:59', 1, '2017-03-09 14:05:00', 1),
(131, 'องอาจ', 'ภมรประเสริฐ', 'Ongart', 'Pamonprasert', 'องอาจ', 'Ongart', NULL, NULL, NULL, NULL, 0, 3, 0, 189, NULL, 1, 0, '2017-01-27 13:39:59', 1, NULL, NULL),
(132, 'Rodrigo', 'Vergilio', 'Rodrigo', 'Vergilio', 'Rodrigo', 'Rodrigo', NULL, NULL, NULL, NULL, 23, 4, 15, 28, NULL, 1, 0, '2017-01-27 13:39:59', 1, '2017-03-09 11:52:22', 1),
(133, 'สหรัฐ', 'สนธิสวัสดิ์', 'Saharat', 'Sonthisawat', 'สหรัฐ', 'Saharat', NULL, NULL, NULL, NULL, 0, 3, 0, 189, NULL, 1, 0, '2017-01-27 13:39:59', 1, NULL, NULL),
(134, 'นิติพงษ์', 'เสลานนท์', 'Nitipong', 'Selanon', 'นิติพงษ์', 'Selanon', NULL, NULL, NULL, NULL, 34, 3, 18, 189, NULL, 1, 0, '2017-01-27 13:39:59', 1, '2017-02-18 18:58:46', 1),
(135, 'เสนีย์', 'แก้วนาม', 'Senee', 'Kaewnam', 'เสนีย์', 'Senee', NULL, NULL, NULL, NULL, 0, 2, 0, 189, NULL, 1, 0, '2017-01-27 13:39:59', 1, NULL, NULL),
(136, 'Addison Alves', 'De Oliveira', 'Addison Alves', 'De Oliveira', 'Addison', 'Addison', NULL, NULL, '2017-02-01', NULL, 20, 4, 0, 28, NULL, 1, 0, '2017-01-27 13:39:59', 1, '2017-02-18 10:38:55', 1),
(137, 'Victor', 'Chukwuekezie Igbonefo', 'Victor', 'Chukwuekezie Igbonefo', 'Victor', 'Victor', NULL, NULL, NULL, NULL, 15, 2, 11, 90, NULL, 1, 0, '2017-01-27 13:39:59', 1, '2017-03-09 11:39:22', 1),
(138, 'ศักดิ์สุริยา', 'กุลโพนเมือง', 'Saksuriya', 'Goolphonmuang', 'ศักดิ์สุริยา', 'Saksuriya', NULL, NULL, NULL, NULL, 0, 2, 0, 189, NULL, 1, 0, '2017-01-27 13:39:59', 1, NULL, NULL),
(139, 'แอนโทนี เพ็ชร', 'อำไพพิทักษ์วงศ์', 'Anthony', 'Aumpaipitakwong', 'แอนโทนี', 'Anthony', NULL, NULL, NULL, NULL, 6, 3, 2, 189, NULL, 1, 0, '2017-01-27 13:40:00', 1, '2017-03-09 14:02:51', 1),
(140, 'ชุษณะ', 'นัมคณิสร', 'Chusana', 'Namkanisorn', 'ชุษณะ', 'Chusana', NULL, NULL, NULL, NULL, 11, 4, 15, 189, NULL, 1, 0, '2017-01-27 13:40:00', 1, '2017-03-09 11:52:22', 1),
(141, 'ภัทรพล', 'ลาภมาก', 'Pattarapol', 'Labmak', 'ภัทรพล', 'Pattarapol', NULL, NULL, NULL, NULL, 0, 3, 0, 189, NULL, 1, 0, '2017-01-27 13:40:00', 1, NULL, NULL),
(142, 'Anthony', 'Moura-Komenan', 'Anthony', 'Moura-Komenan', 'Komenan', 'Komenan', NULL, NULL, NULL, NULL, 11, 4, 14, 70, NULL, 1, 0, '2017-01-27 13:40:00', 1, '2017-03-09 11:30:14', 1),
(143, 'อลงกรณ์', 'ทองจีน', 'Arongkorn', 'Thonggjeen', 'อลงกรณ์', 'Arongkorn', NULL, NULL, NULL, NULL, 0, 2, 0, 189, NULL, 1, 0, '2017-01-27 13:40:00', 1, NULL, NULL),
(144, 'ไพโรจน์', 'เอี่ยมมาก', 'Pirot', 'Eammak', 'ไพโรจน์', 'Pairot', NULL, NULL, NULL, NULL, 35, 1, 8, 189, NULL, 1, 0, '2017-01-27 13:40:00', 1, '2017-02-19 17:18:06', 1),
(145, 'ชาริล ยานนิส', 'ชับปุยส์', 'Charyl Yannic', 'Chappuis', 'ชับปุยส์', 'Chappuis', NULL, NULL, NULL, NULL, 7, 3, 10, 189, NULL, 1, 0, '2017-01-27 13:40:00', 1, '2017-03-09 12:00:35', 1),
(147, 'Satoshi', 'Nagano', 'Satoshi', 'Nagano', 'Satoshi', 'Satoshi', NULL, NULL, NULL, NULL, 0, 2, 0, 97, NULL, 1, 0, '2017-01-27 13:40:00', 1, NULL, NULL),
(148, 'พงศกร', 'สมรรถนเรศวร์', 'Pongsagorn', 'Samattanared', 'พงศกร', 'Pongsagorn', NULL, NULL, NULL, NULL, 0, 1, 0, 189, NULL, 1, 0, '2017-01-27 13:40:00', 1, NULL, NULL),
(149, 'ภาณุวัฒน์', 'มีนาภา', 'Panuwat', 'Meenapa', 'ภาณุวัฒน์', 'Panuwat', NULL, NULL, NULL, NULL, 39, 3, 15, 189, NULL, 1, 0, '2017-01-27 13:40:00', 1, '2017-03-09 11:52:23', 1),
(150, 'Dragan', 'Boskovic', 'Dragan', 'Boskovic', 'Boskovic', 'Boskovic', NULL, NULL, NULL, NULL, 7, 3, 2, 126, NULL, 1, 0, '2017-01-27 13:40:00', 1, '2017-03-09 14:02:50', 1),
(151, 'ทัตพงศ์', 'หล้าธรรม', 'Tatpong', 'Latun', 'ทัตพงศ์', 'Tatpong', NULL, NULL, NULL, NULL, 9, 4, 13, 189, NULL, 1, 0, '2017-01-27 13:40:00', 1, '2017-03-13 10:37:37', 1),
(152, 'พิทักษ์พงษ์', 'กุลสุวรรณ', 'Pitakpong', 'Kulsuwan', 'พิทักษ์พงษ์', 'Pitakpong', NULL, NULL, NULL, NULL, 33, 2, 1, 189, NULL, 1, 0, '2017-01-27 13:40:00', 1, '2017-03-12 11:34:23', 1),
(153, 'ชมพู', 'แสงโพธิ์', 'Chompoo', 'Seangpho', 'ชมพู', 'Chompoo', NULL, NULL, NULL, NULL, 31, 2, 8, 189, NULL, 1, 0, '2017-01-27 13:40:00', 1, '2017-02-19 17:23:48', 1),
(154, 'Durosinmi', 'Gafar Adefolarin', 'Durosinmi', 'Gafar Adefolarin', 'Durosinmi', 'Durosinmi', NULL, NULL, NULL, NULL, 40, 4, 15, 138, NULL, 1, 0, '2017-01-27 13:40:00', 1, '2017-03-09 11:52:22', 1),
(155, 'อดิศร', 'แดงเรือง', 'Adisorn', 'Dangraung', 'อดิศร', 'Adisorn', NULL, NULL, NULL, NULL, 13, 3, 18, 189, NULL, 1, 0, '2017-01-27 13:40:00', 1, '2017-02-18 19:03:55', 1),
(156, 'ภาณุพันธ์', 'จูเฮง', 'Panupan', 'Juheng', 'ภาณุพันธ์', 'Panupan', NULL, NULL, NULL, NULL, 0, 1, 0, 189, NULL, 1, 0, '2017-01-27 13:40:00', 1, NULL, NULL),
(157, 'ศิวกรณ์', 'เตียตระกูล', 'Sivakorn', 'Teatragul', 'ศิวกรณ์', 'Sivakorn', NULL, NULL, NULL, NULL, 21, 3, 7, 189, NULL, 1, 0, '2017-01-27 13:40:00', 1, '2017-03-09 14:05:00', 1),
(158, 'สุริยา', 'สิงห์มุ้ย', 'Suriya', 'Singhmui', 'สุริยา', 'Suriya.S', NULL, NULL, NULL, NULL, 30, 2, 7, 189, NULL, 1, 0, '2017-01-27 13:40:00', 1, '2017-03-09 14:05:00', 1),
(159, 'Murakami', 'Kazuki', 'Murakami', 'Kazuki', 'Kazuki', 'Kazuki', NULL, NULL, NULL, NULL, 0, 2, 0, 97, NULL, 1, 0, '2017-01-27 13:40:00', 1, NULL, NULL),
(160, 'อภิรักษ์', 'วรวงษ์', 'Aphirak', 'Worawong', 'อภิรักษ์', 'Apirak', NULL, NULL, NULL, NULL, 0, 1, 0, 189, NULL, 1, 0, '2017-01-27 13:40:00', 1, NULL, NULL),
(161, 'สุวรรณภัทร์', 'กิ่งแก้ว', 'Suwannapat', 'Kingkaew', 'สุวรรณภัทร์', 'Suwannapat', NULL, NULL, NULL, NULL, 0, 2, 0, 189, NULL, 1, 0, '2017-01-27 13:40:01', 1, NULL, NULL),
(162, 'ศราวุฒิ', 'จตุรภัทร', 'Sarawut', 'Chaturapat', 'ศราวุฒิ', 'Sarawut', NULL, NULL, NULL, NULL, 0, 3, 0, 189, NULL, 1, 0, '2017-01-27 13:40:01', 1, NULL, NULL),
(163, 'สรานนท์', 'อนุอินทร์', 'Saranon', 'Anuin', 'สรานนท์', 'Saranon', NULL, NULL, NULL, NULL, 18, 1, 11, 189, NULL, 1, 0, '2017-01-27 13:40:01', 1, '2017-03-09 11:39:23', 1),
(164, 'Noah Sikombe', 'Chivuta', 'Noah Sikombe', 'Chivuta', 'Chivuta', 'Chivuta', NULL, NULL, NULL, NULL, 0, 3, 0, 210, NULL, 1, 0, '2017-01-27 13:40:01', 1, NULL, NULL),
(165, 'สมศักดิ์', 'วงษ์ใหญ่', 'Somsak', 'Wongyai', 'สมศักดิ์', 'Somsak', NULL, NULL, NULL, NULL, 24, 3, 13, 189, NULL, 1, 0, '2017-01-27 13:40:01', 1, '2017-03-07 11:41:10', 1),
(166, 'ทศพร', 'เขม็งกิจ', 'Mr.Tossaporn', 'Kamengkit', 'ทศพร', 'Tossaporn', NULL, NULL, NULL, NULL, 3, 2, 13, 189, NULL, 1, 0, '2017-01-27 13:40:01', 1, '2017-02-19 01:12:53', 1),
(167, 'ประภาส', 'กอบแก้ว', 'Praphat', 'Kobkaew', 'ประภาส', 'Praphat', NULL, NULL, NULL, NULL, 1, 1, 14, 189, NULL, 1, 0, '2017-01-27 13:40:01', 1, '2017-03-09 11:30:15', 1),
(168, 'Victor', 'Goncalven Amaro', 'Goncalven Amaro', 'Victor', 'Amaro', 'Amaro', NULL, NULL, NULL, NULL, 0, 3, 0, 28, NULL, 1, 0, '2017-01-27 13:40:01', 1, NULL, NULL),
(169, 'ภูษิต', 'พงษ์สุระ', 'Mr.Pusit', 'Pongsura', 'ภูษิต', 'Poohsit', NULL, NULL, NULL, NULL, 0, 1, 0, 189, NULL, 1, 0, '2017-01-27 13:40:01', 1, NULL, NULL),
(170, 'จิรวัฒน์', 'ดาวขาว', 'Mr.Jirawat', 'Daorhao', 'จิรวัฒน์', 'Jirawat', NULL, NULL, NULL, NULL, 0, 3, 0, 189, NULL, 1, 0, '2017-01-27 13:40:01', 1, NULL, NULL),
(171, 'จักรพงษ์', 'สมบูรณ์', 'Mr.Jakkrapong', 'Somboon', 'จักรพงษ์', 'Jakrapong', NULL, NULL, NULL, NULL, 0, 2, 0, 189, NULL, 1, 0, '2017-01-27 13:40:01', 1, NULL, NULL),
(172, 'สารัช', 'อยู่เย็น', 'Sarach', 'Yooyen', 'สารัช', 'Sarach', NULL, NULL, NULL, NULL, 6, 3, 1, 189, NULL, 1, 0, '2017-01-27 13:40:01', 1, '2017-03-12 11:34:23', 1),
(174, 'ชนินทร์', 'แซ่เอียะ', 'Chanin', 'Sae-Ear', 'ชนินทร์', 'Chanin', NULL, NULL, NULL, NULL, 35, 1, 5, 189, NULL, 1, 0, '2017-01-27 13:40:01', 1, '2017-02-18 23:31:00', 1),
(175, 'วัชระ', 'มหาวงศ์', 'Watchara', 'Mahawong', 'วัชระ', 'Watchara', NULL, NULL, NULL, NULL, 13, 2, 16, 189, NULL, 1, 0, '2017-01-27 13:40:01', 1, '2017-02-19 09:56:15', 1),
(176, 'เกริกฤทธิ์', 'ทวีกาญจน์', 'Kroekrit', 'Thawikan', 'เกริกฤทธิ์', 'Kroekrit', NULL, NULL, NULL, NULL, 4, 3, 5, 189, NULL, 1, 0, '2017-01-27 13:40:01', 1, '2017-02-18 23:24:41', 1),
(177, 'กิติศักดิ์', 'โฮชิน', 'Kittisak', 'Hochin', 'กิติศักดิ์', 'Kittisak', NULL, NULL, NULL, NULL, 0, 3, 0, 189, NULL, 1, 0, '2017-01-27 13:40:01', 1, NULL, NULL),
(178, 'ปฐมพล', 'เจริญรัตนาภิรมย์', 'Pathomphon', 'Charoenrattanaphirom', 'ปฐมพล', 'Pathomphon', NULL, NULL, NULL, NULL, 14, 3, 7, 189, NULL, 1, 0, '2017-01-27 13:40:01', 1, '2017-03-09 14:05:00', 1),
(179, 'อลงกรณ์', 'ประทุมวงศ์', 'Alongkon', 'Prathumwong', 'อลงกรณ์', 'Alongkon', NULL, NULL, NULL, NULL, 6, 2, 5, 189, NULL, 1, 0, '2017-01-27 13:40:01', 1, '2017-02-18 23:25:32', 1),
(181, 'พิศาลสิน', 'ซ่าอินทร์', 'Pisansin', 'Sain', 'พิศาลสิน', 'Pisansin', NULL, NULL, NULL, NULL, 9, 4, 15, 189, NULL, 1, 0, '2017-01-27 13:40:01', 1, '2017-03-09 11:52:22', 1),
(182, 'สุวิทยา', 'นำสินหลาก', 'Suwittaya', 'Namsinlak', 'สุวิทยา', 'Suwittaya', NULL, NULL, NULL, NULL, 3, 2, 15, 189, NULL, 1, 0, '2017-01-27 13:40:01', 1, '2017-03-12 00:28:57', 1),
(183, 'วรชิต', 'กนิตศรีบำเพ็ญ', 'Worachit', 'Kanitsribumphen', 'วรชิต', 'Worachit', NULL, NULL, NULL, NULL, 24, 3, 5, 189, NULL, 1, 0, '2017-01-27 13:40:01', 1, '2017-02-18 23:38:33', 1),
(184, 'ปฏิวัติ', 'คำไหม', 'Patiwat', 'Khammai', 'ปฏิวัติ', 'Patiwat', NULL, NULL, NULL, NULL, 1, 1, 12, 189, NULL, 1, 0, '2017-01-27 13:40:01', 1, '2017-03-09 11:45:18', 1),
(185, 'กฤษดา', 'เหมวิพัฒน์', 'Kitsada', 'Hemvipat', 'กฤษดา', 'Kitsada', NULL, NULL, NULL, NULL, 33, 3, 11, 189, NULL, 1, 0, '2017-01-27 13:40:01', 1, '2017-03-09 11:39:22', 1),
(187, 'วุฒิชัย', 'ทาทอง', 'Wuttichai', 'Tatong', 'วุฒิชัย', 'Tatong', NULL, NULL, NULL, NULL, 14, 4, 18, 189, NULL, 1, 0, '2017-01-27 13:40:01', 1, '2017-02-18 19:04:06', 1),
(188, 'อธิบดี', 'เอติรัตน์', 'Atibodee', 'Atirat', 'อธิบดี', 'Athibordee', NULL, NULL, NULL, NULL, 35, 2, 11, 189, NULL, 1, 0, '2017-01-27 13:40:01', 1, '2017-03-09 11:39:23', 1),
(189, 'รัตนัย', 'ส่องแสงจันทร์', 'Rattanai', 'Songsangchan', 'รัตนัย', 'Rattanai', NULL, NULL, NULL, NULL, 17, 1, 18, 189, NULL, 1, 0, '2017-01-27 13:40:01', 1, '2017-02-18 18:57:20', 1),
(190, 'Leandro Angelo', 'Martins', 'Leandro Angelo', 'Martins', 'Leandro', 'Leandro', NULL, NULL, NULL, NULL, 0, 4, 0, 151, NULL, 1, 0, '2017-01-27 13:40:01', 1, NULL, NULL),
(191, 'มีโชค', 'มหาศรานุกูล', 'Meechok', 'Marhasaranukun', 'มีโชค', 'Meechok', NULL, NULL, NULL, NULL, 20, 2, 18, 189, NULL, 1, 0, '2017-01-27 13:40:01', 1, '2017-02-18 19:04:51', 1),
(192, 'สมพร', 'ยศ', 'Somporn', 'Yos', 'สมพร', 'Somporn', NULL, NULL, NULL, NULL, 24, 1, 12, 189, NULL, 1, 0, '2017-01-27 13:40:02', 1, '2017-03-09 11:45:18', 1),
(193, 'Gusmao Maciel', 'Jeferson', 'Gusma Maciel', 'Jeferson', 'Jeferson', 'Jeferson', NULL, NULL, NULL, NULL, 0, 2, 0, 21, NULL, 1, 0, '2017-01-27 13:40:02', 1, NULL, NULL),
(194, 'วันใหม่', 'เศรษฐนันท์', 'Wanmai', 'Setthanan', 'วันใหม่', 'Wanmai', NULL, NULL, NULL, NULL, 15, 2, 14, 189, NULL, 1, 0, '2017-01-27 13:40:02', 1, '2017-03-09 11:30:15', 1),
(195, 'ณัฐวุฒิ', 'คำรินทร์', 'Natthawut', 'Khamrin', 'ณัฐวุฒิ', 'Natthawut', NULL, NULL, NULL, NULL, 14, 3, 8, 189, NULL, 1, 0, '2017-01-27 13:40:02', 1, '2017-03-02 10:37:15', 1),
(196, 'ธีรชัย', 'งามเจริญ', 'Teerachai', 'Ngamcharoen', 'ธีรชัย', 'Theerachai', NULL, NULL, NULL, NULL, 16, 2, 13, 189, NULL, 1, 0, '2017-01-27 13:40:02', 1, '2017-02-19 01:18:23', 1),
(197, 'Heberty', 'Fernandes De Andrade', 'Heberty', 'Fernandes De Andrade', 'Heberty', 'Heberty', NULL, NULL, NULL, NULL, 37, 4, 0, 28, NULL, 1, 0, '2017-01-27 13:40:02', 1, '2017-02-18 10:18:40', 1),
(198, 'สิงขร', 'มังคุด', 'Singkhorn', 'Mungkud', 'สิงขร', 'Singkhon', NULL, NULL, NULL, NULL, 0, 3, 0, 189, NULL, 1, 0, '2017-01-27 13:40:02', 1, '2017-02-16 15:09:23', 1),
(199, 'ใหญ่', 'นิลวงศ์', 'Yai', 'Nilwong', 'ใหญ่', 'Yai', NULL, NULL, NULL, NULL, 13, 3, 6, 189, NULL, 1, 0, '2017-01-27 13:40:02', 1, '2017-02-18 19:15:15', 1),
(200, 'เอกพันธ์', 'จันดากรณ์', 'Akaphan', 'Jandakorn', 'เอกพันธ์', 'Akaphan', NULL, NULL, NULL, NULL, 17, 2, 13, 189, NULL, 1, 0, '2017-01-27 13:40:02', 1, '2017-02-19 01:08:04', 1),
(201, 'ประสิทธิ์', 'จันทุม', 'Prasid', 'Jantum', 'ประสิทธิ์', 'Prasid', NULL, NULL, NULL, NULL, 40, 3, 10, 189, NULL, 1, 0, '2017-01-27 13:40:02', 1, '2017-03-09 12:00:36', 1),
(202, 'ณรงค์ศิลป์', 'โคตรเวียง', 'Narongsil', 'Chotweang', 'ณรงค์ศิลป์', 'Narongsil', NULL, NULL, NULL, NULL, 0, 2, 0, 189, NULL, 1, 0, '2017-01-27 13:40:02', 1, NULL, NULL),
(203, 'Pedro Mario', 'Alvarez Abrante', 'Pedro Mario', 'Alvarez Abrante', 'Mario', 'Mario', NULL, NULL, NULL, NULL, 6, 2, 9, 178, NULL, 1, 0, '2017-01-27 13:40:02', 1, '2017-03-09 13:53:42', 1),
(204, 'สิทธิโชค', 'ภาโส', 'Sittichok', 'Paso', 'สิทธิโชค', 'Sittichok', NULL, NULL, NULL, NULL, 0, 4, 0, 189, NULL, 1, 0, '2017-01-27 13:40:02', 1, NULL, NULL),
(205, 'เชาว์วัฒน์', 'วีระชาติ', 'Chaowat', 'Weerachart', 'เชาว์วัฒน์', 'Chaowat', NULL, NULL, NULL, NULL, 39, 3, 3, 189, NULL, 1, 0, '2017-01-27 13:40:02', 1, '2017-02-18 22:07:12', 1),
(206, 'Andres Jose', 'Tunez Arceo', 'Andres Jose', 'Andres Jose', 'Tunez', 'Tunez', NULL, NULL, NULL, NULL, 0, 2, 0, 185, NULL, 1, 0, '2017-01-27 13:40:02', 1, '2017-02-18 10:39:09', 1),
(207, 'สุทธิพงษ์', 'เหลาพร', 'Suttipong', 'Laoporn', 'สุทธิพงษ์', 'Suttipong', NULL, NULL, NULL, NULL, 22, 4, 15, 189, NULL, 1, 0, '2017-01-27 13:40:02', 1, '2017-03-09 11:52:23', 1),
(208, 'ชาคริต', 'ระวันประโคน', 'Chakrit', 'Ravanprakhon', 'ชาคริต', 'Chakrit', NULL, NULL, NULL, NULL, 7, 4, 11, 189, NULL, 1, 0, '2017-01-27 13:40:02', 1, '2017-03-09 11:39:22', 1),
(209, 'ประธาน', 'แม้นศิริ', 'Pratan', 'Mansri', 'ประธาน', 'Pratan', NULL, NULL, NULL, NULL, 21, 2, 10, 189, NULL, 1, 0, '2017-01-27 13:40:02', 1, '2017-03-09 12:00:36', 1),
(210, 'ปิยะชนก', 'ดาฤทธิ์', 'Piyachanok', 'Darit', 'ปิยะชนก', 'Piyachanok', NULL, NULL, NULL, NULL, 34, 2, 3, 189, NULL, 1, 0, '2017-01-27 13:40:02', 1, '2017-02-18 22:06:53', 1),
(211, 'Marcio Nascimento', 'Rozario', 'Marcio Nascimento', 'Rozario', 'Rozario', 'Rozario', NULL, NULL, NULL, NULL, 0, 2, 0, 28, NULL, 1, 0, '2017-01-27 13:40:02', 1, NULL, NULL),
(212, 'ศศลักษณ์', 'ไหประโคน', 'Sasalak', 'Haiprakhon', 'ศศลักษณ์', 'Sasalak', NULL, NULL, NULL, NULL, 21, 3, 2, 189, NULL, 1, 0, '2017-01-27 13:40:02', 1, '2017-03-09 14:02:51', 1),
(213, 'ทักดนัย', 'กลมเกลี้ยง', 'Takdanai', 'Klomklieng', 'ทักดนัย', 'Takdanai', NULL, NULL, NULL, NULL, 0, 1, 0, 189, NULL, 1, 0, '2017-01-27 13:40:02', 1, NULL, NULL),
(214, 'ถวิล', 'บุตรสมบัติ', 'Tawin', 'Butsombat', 'ถวิล', 'Thawin B.', NULL, NULL, NULL, NULL, 0, 4, 0, 189, NULL, 1, 0, '2017-01-27 13:40:02', 1, NULL, NULL),
(215, 'ภานุพงศ์', 'พลซา', 'Phanuphong', 'Phonsa', 'ภานุพงศ์', 'Phanuphong', NULL, NULL, NULL, NULL, 28, 3, 4, 189, NULL, 1, 0, '2017-01-27 13:40:02', 1, '2017-03-09 11:37:02', 1),
(216, 'ณรงค์', 'วงษ์ทองคำ', 'Narong', 'Wongthongkhum', 'ณรงค์', 'Narong', NULL, NULL, NULL, NULL, 1, 1, 15, 189, NULL, 1, 0, '2017-01-27 13:40:02', 1, '2017-03-09 11:52:22', 1),
(217, 'John', 'Baggio', 'John Baggio Martial', 'Rakotonmenjanahary', 'J.Baggio', 'J.Baggio', NULL, NULL, NULL, NULL, 10, 3, 8, 115, NULL, 1, 0, '2017-01-27 13:40:02', 1, '2017-02-19 17:15:51', 1),
(218, 'ปกรณ์', 'เปรมภักดิ์', 'Pakorn', 'Parmpak', 'ปกรณ์', 'Pakorn', NULL, NULL, NULL, NULL, 9, 3, 18, 189, NULL, 1, 0, '2017-01-27 13:40:02', 1, '2017-02-18 18:53:41', 1),
(219, 'เลอสันต์', 'เทียมราช', 'Lursan', 'Thiamrat', 'เลอสันต์', 'T.Lursan', NULL, NULL, NULL, NULL, 34, 3, 8, 189, NULL, 1, 0, '2017-01-27 13:40:02', 1, '2017-02-19 17:17:58', 1),
(220, 'ปิยพล', 'ผานิชกุล', 'Piyaphon', 'Phanitchakun', 'ปิยพล', 'Piyaphon', NULL, NULL, NULL, NULL, 4, 2, 7, 189, NULL, 1, 0, '2017-01-27 13:40:02', 1, '2017-03-09 14:05:00', 1),
(221, 'Hironori', 'Saruta', 'Hironori', 'Saruta', 'Saruta', 'Saruta', NULL, NULL, NULL, NULL, 0, 4, 0, 97, NULL, 1, 0, '2017-01-27 13:40:02', 1, NULL, NULL),
(222, 'Jaycee John', 'Okwunwanne', 'Jaycee John', 'Okwunwanne', 'Jaycee John', 'Jaycee John', NULL, NULL, NULL, NULL, 22, 4, 2, 16, NULL, 1, 0, '2017-01-27 13:40:02', 1, '2017-03-09 14:02:50', 1),
(223, 'Michitaka', 'Akimoto', 'Michitaka', 'Akimoto', 'Michitaka', 'Michitaka', NULL, NULL, NULL, NULL, 5, 3, 16, 97, NULL, 1, 0, '2017-01-27 13:40:02', 1, '2017-02-19 09:55:14', 1),
(225, 'เจนรบ', 'สำเภาดี', 'Chenrop', 'Samphaodi', 'เจนรบ', 'Chenrop', NULL, NULL, NULL, NULL, 21, 4, 9, 189, NULL, 1, 0, '2017-01-27 13:40:02', 1, '2017-03-09 13:53:43', 1),
(226, 'ปรวัตร', 'สิริวัฒนากร', 'Porawat', 'Siriwattanakorn', 'ปรวัตร', 'Porawat S.', NULL, NULL, NULL, NULL, 0, 3, 0, 189, NULL, 1, 0, '2017-01-27 13:40:02', 1, NULL, NULL),
(227, 'ปรมัตถ์', 'กรองบริสุทธิ์', 'Poramut', 'Krongborisut', 'ปรมัตถ์', 'Poramut', NULL, NULL, NULL, NULL, 12, 3, 16, 189, NULL, 1, 0, '2017-01-27 13:40:02', 1, '2017-02-19 09:58:30', 1),
(228, 'ธนวิทย์', 'คำนะ', 'Thanawit', 'Kamna', 'ธนวิทย์', 'K.Thanawit', NULL, NULL, NULL, NULL, 19, 3, 16, 189, NULL, 1, 0, '2017-01-27 13:40:02', 1, '2017-02-19 09:57:13', 1),
(229, 'อลงกรณ์', 'จรนาทอง', 'Alongkon', 'Chonnathong', 'อลงกรณ์', 'Alongkon J.', NULL, NULL, NULL, NULL, 8, 4, 16, 189, NULL, 1, 0, '2017-01-27 13:40:03', 1, '2017-02-19 09:55:46', 1),
(230, 'สรวิทย์', 'พานทอง', 'Sorawit', 'Panthong', 'สรวิทย์', 'Sorawit', NULL, NULL, NULL, NULL, 14, 3, 1, 189, NULL, 1, 0, '2017-01-27 13:40:03', 1, '2017-03-12 11:34:23', 1),
(231, 'สุภโชค', 'สารชาติ', 'Supachok', 'Sarachat', 'สุภโชค', 'Supachok', NULL, NULL, NULL, NULL, 19, 3, 4, 189, NULL, 1, 0, '2017-01-27 13:40:03', 1, '2017-03-09 11:37:02', 1),
(232, 'ชินภัทร์', 'ลีเอาะ', 'Shinnaphat', 'Leeach', 'ชินภัทร์', 'Shinnaphat', NULL, NULL, NULL, NULL, 36, 2, 7, 189, NULL, 1, 0, '2017-01-27 13:40:03', 1, '2017-03-09 14:05:00', 1),
(233, 'Daniel', 'Garcia Rodriguez', 'Daniel', 'Garcia Rodriguez', 'Toti', 'Toti', NULL, NULL, NULL, NULL, 8, 3, 3, 178, NULL, 1, 0, '2017-01-27 13:40:03', 1, '2017-02-18 22:26:41', 1),
(234, 'ปฐมทัศน์', 'สุดประเสริฐ', 'Pathomtat', 'Sudprasert', 'ปฐมทัศน์', 'Pathomtat', NULL, NULL, NULL, NULL, 0, 1, 0, 189, NULL, 1, 0, '2017-01-27 13:40:03', 1, NULL, NULL),
(235, 'ชนาธิป', 'สรงกระสินธ์', 'Chanathip', 'Songkrasin', 'ชนาธิป', 'Chanathip', NULL, NULL, NULL, NULL, 18, 3, 1, 189, NULL, 1, 0, '2017-01-27 13:40:03', 1, '2017-03-12 11:34:22', 1),
(236, 'Milan', 'Bubalo', 'Milan', 'Bubalo', 'Milan', 'Milan', NULL, NULL, NULL, NULL, 0, 4, 0, 167, NULL, 1, 0, '2017-01-27 13:40:03', 1, NULL, NULL),
(237, 'Milos', 'Bosancic', 'Milos', 'Bosancic', 'Bosancic', 'Bosancic', NULL, NULL, NULL, NULL, 0, 4, 0, 167, NULL, 1, 0, '2017-01-27 13:40:03', 1, NULL, NULL),
(238, 'ศาสนพงษ์', 'วัฒยุชูติกุล', 'Satsanapong', 'Wattayuchutikul', 'ศาสนพงษ์', 'Satsanapong', NULL, NULL, NULL, NULL, 35, 2, 6, 189, NULL, 1, 0, '2017-01-27 13:40:03', 1, '2017-02-18 19:19:12', 1),
(240, 'กนกศักดิ์', 'วงศ์รัตนวิจิตร', 'Kanoksak', 'Wongrattanavijit', 'กนกศักดิ์', 'Kanoksak', NULL, NULL, NULL, NULL, 0, 1, 0, 189, NULL, 1, 0, '2017-01-27 13:40:03', 1, NULL, NULL),
(241, 'พร้อมพงษ์', 'กรานสำโรง', 'Promphong', 'Kransumrong', 'พร้อมพงษ์', 'Promphong', NULL, NULL, NULL, NULL, 9, 4, 11, 189, NULL, 1, 0, '2017-01-27 13:40:03', 1, '2017-03-09 11:39:23', 1),
(242, 'โชติภัทร', 'พุ่มแก้ว', 'Chotipat', 'Poomkaew', 'โชติภัทร', 'Chotipat', NULL, NULL, NULL, NULL, 33, 3, 7, 189, NULL, 1, 0, '2017-01-27 13:40:03', 1, '2017-03-09 14:05:00', 1),
(243, 'Katano', 'Hiromichi', 'Katano', 'Hiromichi', 'Katano', 'Katano', NULL, NULL, NULL, NULL, 4, 2, 8, 97, NULL, 1, 0, '2017-01-27 13:40:03', 1, '2017-03-07 11:42:13', 1),
(244, 'Naoaki', 'Aoyama', 'Naoaki', 'Aoyama', 'Aoyama', 'Aoyama', NULL, NULL, NULL, NULL, 5, 2, 1, 97, NULL, 1, 0, '2017-01-27 13:40:03', 1, '2017-03-12 11:34:22', 1),
(245, 'ศิวรุต', 'ผลหิรัญ', 'Siwarut', 'Pholhirun', 'ศิวรุต', 'Siwarut', NULL, NULL, NULL, NULL, 3, 3, 2, 189, NULL, 1, 0, '2017-01-27 13:40:03', 1, '2017-03-09 14:02:51', 1),
(246, 'สราวุทธ', 'กัลยาบัณฑิต', 'Sarawut', 'Kanlayanamit', 'สราวุทธ', 'Sarawut', NULL, NULL, NULL, NULL, 5, 2, 12, 189, NULL, 1, 0, '2017-01-27 13:40:03', 1, '2017-04-04 22:33:24', 1),
(247, 'Wagner Correa', 'Machado', 'Wagner Correa', 'Machado', 'W.Carioca', 'W.Carioca', NULL, NULL, NULL, NULL, 0, 3, 0, 28, NULL, 1, 0, '2017-01-27 13:40:03', 1, NULL, NULL),
(248, 'ศรันยู', 'อินต๊ะราช', 'Saranyoo', 'Intahrat', 'ศรันยู', 'Saranyoo', NULL, NULL, NULL, NULL, 0, 2, 0, 189, NULL, 1, 0, '2017-01-27 13:40:03', 1, NULL, NULL),
(249, 'Matthew', 'Smith', 'Matthew', 'Smith', 'Smith', 'Smith', NULL, NULL, NULL, NULL, 4, 2, 3, 12, NULL, 1, 0, '2017-01-27 13:40:03', 1, '2017-02-18 21:54:59', 1),
(250, 'ศิวกร', 'แสงวงศ์', 'Siwakorn', 'Saengwong', 'ศิวกร', 'Siwakorn', NULL, NULL, NULL, NULL, 0, 3, 0, 189, NULL, 1, 0, '2017-01-27 13:40:03', 1, NULL, NULL),
(251, 'ชาคร', 'พิลาคลัง', 'Chakhon', 'Philaklang', 'ชาคร', 'Chakhon', NULL, NULL, NULL, NULL, 0, 1, 0, 189, NULL, 1, 0, '2017-01-27 13:40:03', 1, NULL, NULL),
(252, 'ทัศนพงษ์', 'หมวดดารักษ์', 'Tassanapong', 'Mhuaddarak', 'ทัศนพงษ์', 'Tassanapong', NULL, NULL, NULL, NULL, 35, 3, 3, 189, NULL, 1, 0, '2017-01-27 13:40:03', 1, '2017-02-18 22:07:05', 1),
(253, 'สุพรรณ', 'ทองสงค์', 'Suphan', 'Thongsong', 'สุพรรณ', 'Suphan', NULL, NULL, NULL, NULL, 26, 2, 1, 189, NULL, 1, 0, '2017-01-27 13:40:03', 1, '2017-03-12 11:34:23', 1),
(254, 'ยุทธนา', 'เรืองสุขสุด', 'Mr.Yuttana', 'Ruangsuksut', 'ยุทธนา', 'Yuttana', NULL, NULL, NULL, NULL, 13, 4, 13, 189, NULL, 1, 0, '2017-01-27 13:40:03', 1, '2017-02-19 01:16:06', 1),
(255, 'เอกนิษฐ์', 'ปัญญา', 'Ekkanit', 'Panya', 'เอกนิษฐ์', 'Ekanit', NULL, NULL, NULL, NULL, 0, 3, 0, 189, NULL, 1, 0, '2017-01-27 13:40:03', 1, NULL, NULL),
(256, 'Wellington Bruno', 'Da Silva', 'Wellington Bruno', 'Da Silva', 'W.Bruno', 'W.Bruno', NULL, NULL, NULL, NULL, 0, 4, 0, 28, NULL, 1, 0, '2017-01-27 13:40:03', 1, NULL, NULL),
(257, 'ยุทธภูมิ', 'ศรีไชย', 'Yoottapoom', 'Srichai', 'ยุทธภูมิ', 'S.Yuttapoom', NULL, NULL, NULL, NULL, 15, 1, 8, 189, NULL, 1, 0, '2017-01-27 13:40:03', 1, '2017-03-07 11:42:56', 1),
(258, 'ภูมินทร์', 'แก้วตา', 'Pumin', 'Kaewta', 'ภูมินทร์', 'Pumin', NULL, NULL, NULL, NULL, 21, 4, 12, 189, NULL, 1, 0, '2017-01-27 13:40:03', 1, '2017-03-09 11:45:18', 1),
(259, 'อดิศักดิ์', 'ไกรสร', 'Adisak', 'Kraisorn', 'อดิศักดิ์', 'Adisak', NULL, NULL, NULL, NULL, 11, 4, 1, 189, NULL, 1, 0, '2017-01-27 13:40:03', 1, '2017-03-12 11:34:23', 1),
(260, 'อานิสงส์', 'เจริญธรรม', 'Anisong', 'Jaroenthum', 'อานิสงส์', 'Anisong', NULL, NULL, NULL, NULL, 15, 2, 18, 189, NULL, 1, 0, '2017-01-27 13:40:03', 1, '2017-03-09 14:17:50', 1),
(261, 'พรปรีชา', 'จารุนัย', 'Pornpreecha', 'Jarunai', 'พรปรีชา', 'Pornpreecha', NULL, NULL, NULL, NULL, 0, 3, 0, 189, NULL, 1, 0, '2017-01-27 13:40:03', 1, NULL, NULL),
(262, 'บวร', 'ตาปลา', 'Boworn', 'Tapla', 'บวร', 'Boworn', NULL, NULL, NULL, NULL, 4, 3, 15, 189, NULL, 1, 0, '2017-01-27 13:40:03', 1, '2017-03-09 11:52:22', 1),
(263, 'ศักดิ์ดา', 'ฝ่ายอินทร์', 'Sakda', 'Fai-In', 'ศักดิ์ดา', 'Sakda.F', NULL, NULL, NULL, NULL, 14, 2, 15, 189, NULL, 1, 0, '2017-01-27 13:40:03', 1, '2017-03-09 11:52:23', 1),
(265, 'กฤษณ', 'เกษมกุลวิไล', 'Kitsana', 'Kasemkulwirai', 'กฤษณ', 'Kitsana', NULL, NULL, NULL, NULL, 11, 3, 8, 189, NULL, 1, 0, '2017-01-27 13:40:03', 1, '2017-02-19 17:19:35', 1),
(266, 'สมปอง', 'สอเหลบ', 'Sompong', 'Soleb', 'สมปอง', 'Sompong', NULL, NULL, NULL, NULL, 24, 4, 6, 189, NULL, 1, 0, '2017-01-27 13:40:03', 1, '2017-02-18 19:18:07', 1),
(267, 'วัฒนพงษ์', 'ตาบุดดา', 'Watthanaphong', 'Tabootda', 'วัฒนพงษ์', 'Watthanaphong', NULL, NULL, NULL, NULL, 1, 1, 16, 189, NULL, 1, 0, '2017-01-27 13:40:04', 1, '2017-02-26 18:25:41', 1),
(268, 'วัชรินทร์', 'เนื่องพระแก้ว', 'Watcharin', 'Neangprakaew', 'วัชรินทร์', 'Watcharin', NULL, NULL, NULL, NULL, 3, 2, 16, 189, NULL, 1, 0, '2017-01-27 13:40:04', 1, '2017-02-19 09:54:59', 1),
(269, 'อนุรักษ์', 'กมลจิตร', 'Anurak', 'Kamonchit', 'อนุรักษ์', 'Anurak', NULL, NULL, NULL, NULL, 0, 2, 0, 189, NULL, 1, 0, '2017-01-27 13:40:04', 1, NULL, NULL),
(270, 'ภีมวิชช์', 'ทองนิธิโรจน์', 'Peemwit', 'Thongnitiroj', 'ภีมวิชช์', 'Peemwit', NULL, NULL, NULL, NULL, 11, 3, 16, 189, NULL, 1, 0, '2017-01-27 13:40:04', 1, '2017-02-19 09:56:06', 1),
(271, 'ถิรวัฒน์', 'เลิศพิชชพัชร์', 'Thirawat', 'Lertpitchapath', 'ถิรวัฒน์', 'Thirawit', NULL, NULL, NULL, NULL, 14, 3, 16, 189, NULL, 1, 0, '2017-01-27 13:40:04', 1, '2017-03-05 22:57:25', 1),
(272, 'ไกรกิตติ', 'อินอุเทน', 'Kaikitti', 'Inuthen', 'ไกรกิตติ', 'Kaikitti', NULL, NULL, NULL, NULL, 0, 3, 0, 189, NULL, 1, 0, '2017-01-27 13:40:04', 1, NULL, NULL),
(273, 'สันติธร', 'ลัทธิรมย์', 'Santitorn', 'Lattirom', 'สันติธร', 'Santitorn', NULL, NULL, NULL, NULL, 20, 3, 16, 189, NULL, 1, 0, '2017-01-27 13:40:04', 1, '2017-02-19 09:57:22', 1),
(274, 'สรรเพชร', 'แก้วช่วย', 'Sanphet', 'Kaeochuai', 'สรรเพชร', 'Sanphet', NULL, NULL, NULL, NULL, 0, 2, 0, 189, NULL, 1, 0, '2017-01-27 13:40:04', 1, NULL, NULL),
(275, 'บัญชา', 'ยิ้มช้อย', 'Bancha', 'Yimchoy', 'บัญชา', 'Bancha', NULL, NULL, NULL, NULL, 24, 1, 16, 189, NULL, 1, 0, '2017-01-27 13:40:04', 1, '2017-02-19 09:57:30', 1),
(276, 'มีเดช', 'สรายุทธพิสัย', 'Meedech', 'Sarayuthpisai', 'มีเดช', 'Meedech', NULL, NULL, NULL, NULL, 26, 2, 16, 189, NULL, 1, 0, '2017-01-27 13:40:04', 1, '2017-02-19 10:02:03', 1),
(277, 'ณัฐชานนท์', 'โจถาวร', 'Nutchanon', 'Jothavorn', 'ณัฐชานนท์', 'Nutchanon', NULL, NULL, NULL, NULL, 31, 1, 16, 189, NULL, 1, 0, '2017-01-27 13:40:04', 1, '2017-02-19 10:02:13', 1),
(278, 'Yuki', 'Bamba', 'Yuki', 'Bamba', 'Bamba', 'Bamba', NULL, NULL, NULL, NULL, 0, 3, 0, 97, NULL, 1, 0, '2017-01-27 13:40:04', 1, NULL, NULL),
(279, 'Ariel Francisco', 'Rodriguez Araya', 'Ariel Francisco', 'Rodriguez Araya', 'A.Rodriguez', 'A.Rodriguez', NULL, NULL, NULL, NULL, 7, 4, 3, 49, NULL, 1, 0, '2017-01-27 13:40:04', 1, '2017-02-18 21:55:20', 1),
(280, 'ปัณณ์พันธุ์พงษ์', 'ปิ่นกอง', 'Panphanphong', 'Pinkong', 'ปัณณ์พันธุ์พงษ์', 'Panphanphong', NULL, NULL, NULL, NULL, 19, 2, 18, 189, NULL, 1, 0, '2017-01-27 13:40:04', 1, '2017-02-18 19:04:33', 1),
(281, 'ศุภชัย', 'ใจเด็ด', 'Supachai', 'Chaided', 'ศุภชัย', 'Supachai', NULL, NULL, NULL, NULL, 22, 4, 4, 189, NULL, 1, 0, '2017-01-27 13:40:04', 1, '2017-03-09 11:37:02', 1),
(282, 'ประพัฒน์', 'ยศไกร', 'Prapat', 'Yosakai', 'ประพัฒน์', 'Prapat', NULL, NULL, NULL, NULL, 0, 1, 0, 189, NULL, 1, 0, '2017-01-27 13:40:04', 1, NULL, NULL),
(283, 'Kaio Felipe', 'Goncalves', 'Kaio Felipe', 'Goncalves', 'Kaio', 'Kaio', NULL, NULL, NULL, NULL, 0, 4, 0, 28, NULL, 1, 0, '2017-01-27 13:40:04', 1, NULL, NULL),
(284, 'เจนภพ', 'โพธิ์ขี', 'Jenphob', 'Phokhi', 'เจนภพ', 'Janepob', NULL, NULL, NULL, NULL, 0, 4, 0, 189, NULL, 1, 0, '2017-01-27 13:40:04', 1, NULL, NULL),
(285, 'Guilherme Augusto', 'Alves Dellatorre', 'Guilherme Augusto', 'Alves Dellatorre', 'Dellatorre', 'Dellatorre', NULL, NULL, NULL, 'images/player/1-1000/285.jpg', 9, 4, 10, 28, NULL, 1, 0, '2017-01-27 13:40:04', 1, '2017-03-09 12:00:35', 1),
(286, 'ภูวดล', 'สุวรรณชาติ', 'Phuwadon', 'Suwannachat', 'ภูวดล', 'Phuwadol', NULL, NULL, NULL, NULL, 0, 4, 0, 189, NULL, 1, 0, '2017-01-27 13:40:04', 1, NULL, NULL),
(287, 'แซมมวล ป.', 'คันนิงแฮม', 'Mr.Samuel Por', 'Cunningham', 'แซมมวล ป.', 'Cunningham', NULL, NULL, NULL, NULL, 0, 1, 0, 189, NULL, 1, 0, '2017-01-27 13:40:04', 1, NULL, NULL),
(288, 'ปิยะชาติ', 'ถามะพันธ์', 'Piyachart', 'Thamapun', 'ปิยะชาติ', 'Piyachart', NULL, NULL, NULL, NULL, 23, 3, 18, 189, NULL, 1, 0, '2017-01-27 13:40:04', 1, '2017-02-18 18:58:26', 1),
(289, 'สมยศ', 'พงษ์สุวรรณ์', 'Mr.Somyos', 'Pongsuwan', 'สมยศ', 'Somyot', NULL, NULL, NULL, NULL, 4, 3, 13, 189, NULL, 1, 0, '2017-01-27 13:40:04', 1, '2017-02-19 01:13:03', 1),
(290, 'Csiki', 'Norbert', 'Csiki', 'Norbert', 'Csiki', 'Csiki', NULL, NULL, NULL, NULL, 0, 4, 0, 87, NULL, 1, 0, '2017-01-27 13:40:04', 1, NULL, NULL),
(291, 'Carlos', 'Santos De Jesus', 'Carlos', 'Santos De Jesus', 'Carlos', 'Carlos', NULL, NULL, NULL, NULL, 3, 2, 6, 28, NULL, 1, 0, '2017-01-27 13:40:04', 1, '2017-02-18 19:06:13', 1),
(292, 'Anton', 'Zemlianukhin', 'Anton', 'Zemlianukhin', 'Anton', 'Anton', NULL, NULL, NULL, NULL, 20, 3, 8, 103, NULL, 1, 0, '2017-01-27 13:40:04', 1, '2017-02-19 17:17:24', 1),
(293, 'อาลีฟ', 'เปาะจิ', 'Aleef', 'Posji', 'อาลีฟ', 'Alef.P', NULL, NULL, NULL, NULL, 0, 3, 0, 189, NULL, 1, 0, '2017-01-27 13:40:04', 1, NULL, NULL),
(294, 'นิรันดร์', 'พันทอง', 'Niran', 'Phunthong', 'นิรันดร์', 'Niran', NULL, NULL, NULL, NULL, 0, 4, 0, 189, NULL, 1, 0, '2017-01-27 13:40:04', 1, NULL, NULL),
(295, 'ชนัตพล', 'สิกขะมณฑล', 'Chanatphon', 'Sikkhamondol', 'ชนัตพล', 'Chanatphon', NULL, NULL, NULL, NULL, 22, 3, 11, 189, NULL, 1, 0, '2017-01-27 13:40:04', 1, '2017-03-09 11:39:22', 1),
(296, 'คมกริช', 'คำโสกเชือก', 'Mr.Komkrit', 'Cumsokcheak', 'คมกริช', 'Komkrit', NULL, NULL, NULL, NULL, 27, 2, 10, 189, NULL, 1, 0, '2017-01-27 13:40:04', 1, '2017-03-09 12:00:35', 1),
(297, 'Jongpil', 'Kim', 'Jongpil', 'Kim', 'Jongpil', 'Jongpil', NULL, NULL, NULL, NULL, 0, 2, 0, 176, NULL, 1, 0, '2017-01-27 13:40:05', 1, NULL, NULL);
INSERT INTO `player` (`id`, `name_th`, `surname_th`, `name_en`, `surname_en`, `called_name_th`, `called_name_en`, `called_name_th_full`, `called_name_en_full`, `birthdate`, `image`, `current_shirt_no`, `player_position_id`, `current_club_id`, `nation_id`, `description`, `status`, `deleted`, `created_date`, `created_by`, `modified_date`, `modified_by`) VALUES
(298, 'พีรดนย์', 'ฉ่ำรัศมี', 'Peeradol', 'Chamrasamee', 'พีรดนย์', 'Peeradol', NULL, NULL, NULL, NULL, 8, 3, 12, 189, NULL, 1, 0, '2017-01-27 13:40:05', 1, '2017-03-09 11:45:18', 1),
(299, 'ยุทธพงษ์', 'ศรีละคร', 'Yuttapong', 'Srilakon', 'ยุทธพงษ์', 'Yuttapong', NULL, NULL, NULL, NULL, 5, 2, 8, 189, NULL, 1, 0, '2017-01-27 13:40:05', 1, '2017-02-19 17:13:43', 1),
(300, 'Diouf', 'Bireme', 'Diouf', 'Bireme', 'D.Bireme', 'D.Bireme', NULL, NULL, NULL, NULL, 27, 4, 8, 95, NULL, 1, 0, '2017-01-27 13:40:05', 1, '2017-02-19 17:17:49', 1),
(301, 'วัชระ', 'เกรียรัมย์', 'Watchara', 'Kriaram', 'วัชระ', 'Watchara', NULL, NULL, NULL, NULL, 5, 3, 17, 189, NULL, 1, 0, '2017-01-27 13:40:05', 1, '2017-03-09 11:54:55', 1),
(302, 'โชค', 'สุขแก้ว', 'Chok', 'Sukkaew', 'โชค', 'Chok', NULL, NULL, NULL, NULL, 0, 2, 0, 189, NULL, 1, 0, '2017-01-27 13:40:05', 1, NULL, NULL),
(304, 'พงศ์ปณต', 'นาคนายม', 'Phongpanot', 'Naknayom', 'พงศ์ปณต', 'Phongpanot', NULL, NULL, NULL, NULL, 1, 1, 17, 189, NULL, 1, 0, '2017-01-27 13:40:05', 1, '2017-03-09 11:54:55', 1),
(305, 'เฉลิมศักดิ์', 'อักขี', 'Chalermsak', 'Aukkee', 'เฉลิมศักดิ์', 'Chalermsak', NULL, NULL, NULL, NULL, 4, 2, 17, 189, NULL, 1, 0, '2017-01-27 13:40:05', 1, '2017-03-09 11:54:56', 1),
(306, 'สิโรจน์', 'ฉัตรทอง', 'Sirod', 'Chatthong', 'สิโรจน์', 'Siroch', NULL, NULL, NULL, NULL, 35, 4, 17, 189, NULL, 1, 0, '2017-01-27 13:40:05', 1, '2017-03-09 11:54:55', 1),
(307, 'Kenta', 'Yamazaki', 'Kenta', 'Yamazaki', 'Kenta', 'Kenta', NULL, NULL, NULL, NULL, 14, 3, 17, 97, NULL, 1, 0, '2017-01-27 13:40:05', 1, '2017-03-09 11:54:55', 1),
(308, 'Darryl', 'Roberts', 'Darryl', 'Roberts', 'Roberts', 'Roberts', NULL, NULL, NULL, NULL, 0, 3, 0, 193, NULL, 1, 0, '2017-01-27 13:40:05', 1, NULL, NULL),
(309, 'Victor', 'Mattos Cardozo', 'Victor', 'Mattos Cardozo', 'Victor', 'Victor', NULL, NULL, NULL, NULL, 6, 2, 17, 28, NULL, 1, 0, '2017-01-27 13:40:05', 1, '2017-03-09 11:54:55', 1),
(310, 'Febian Earlston', 'Brandy', 'Febian Earlston', 'Brandy', 'Brandy', 'Brandy', NULL, NULL, NULL, NULL, 0, 4, 0, 158, NULL, 1, 0, '2017-01-27 13:40:05', 1, NULL, NULL),
(311, 'ศักดรินทร์', 'มิ่งสมร', 'Sakdarin', 'Mingsamorn', 'ศักดรินทร์', 'Sakdarin M.', NULL, NULL, NULL, NULL, 25, 3, 8, 189, NULL, 1, 0, '2017-01-27 13:40:05', 1, '2017-02-19 17:17:38', 1),
(312, 'ธนบูรณ์', 'เกษารัตน์', 'Tanaboon', 'Kesarat', 'ธนบูรณ์', 'Tanaboon', NULL, NULL, NULL, NULL, 17, 3, 7, 189, NULL, 1, 0, '2017-01-27 13:40:05', 1, '2017-03-09 14:05:00', 1),
(313, 'พีระพัฒน์', 'โน๊ตชัยยา', 'Peerapat', 'Notechaiya', 'พีระพัฒน์', 'Peerapat', NULL, NULL, NULL, NULL, 2, 2, 1, 189, NULL, 1, 0, '2017-01-27 13:40:05', 1, '2017-03-12 11:34:23', 1),
(314, 'อนิรุต', 'นัยนา', 'Anirut', 'Naiyana', 'อนิรุต', 'Anirut', NULL, NULL, NULL, NULL, 1, 1, 8, 189, NULL, 1, 0, '2017-01-27 13:40:05', 1, '2017-03-02 10:35:15', 1),
(315, 'เจษฎา', 'พั่วนะคุณมี', 'Jessada', 'Puanakunmee', 'เจษฎา', 'Jessada', NULL, NULL, NULL, NULL, 0, 3, 0, 189, NULL, 1, 0, '2017-01-27 13:40:05', 1, NULL, NULL),
(316, 'วัฒนา', 'พลายนุ่ม', 'Wattana', 'Playnum', 'วัฒนา', 'Wattana', NULL, NULL, NULL, NULL, 34, 3, 1, 189, NULL, 1, 0, '2017-01-27 13:40:05', 1, '2017-03-12 11:34:23', 1),
(317, 'Takuya', 'Murayama', 'Takuya', 'Murayama', 'Taku', 'Taku', NULL, NULL, NULL, NULL, 0, 3, 0, 97, NULL, 1, 0, '2017-01-27 13:40:05', 1, '2017-02-16 15:09:22', 1),
(318, 'ภรัญยู', 'อุปละ', 'Pharanyu', 'Upala', 'ภรัญยู', 'Pharanyu', NULL, NULL, NULL, NULL, 34, 2, 9, 189, NULL, 1, 0, '2017-01-27 13:40:05', 1, '2017-03-09 13:53:42', 1),
(319, 'สุประวีณ์', 'มีประทัง', 'Supravee', 'Miprathang', 'สุประวีณ์', 'Supravee', NULL, NULL, NULL, NULL, 11, 2, 12, 189, NULL, 1, 0, '2017-01-27 13:40:05', 1, '2017-03-09 11:45:18', 1),
(320, 'สราวุธ', 'กองลาภ', 'Saravut', 'Konglap', 'สราวุธ', 'Konglarp', NULL, NULL, NULL, NULL, 0, 1, 0, 189, NULL, 1, 0, '2017-01-27 13:40:05', 1, NULL, NULL),
(321, 'ธนพัต', 'ณ ท่าเรือ', 'Tanapat', 'Na Tarue', 'ธนพัต', 'Tanapat', NULL, NULL, NULL, NULL, 0, 3, 0, 189, NULL, 1, 0, '2017-01-27 13:40:05', 1, NULL, NULL),
(322, 'วรนาถ', 'ทองเครือ', 'Woranat', 'Thongkhruea', 'วรนาถ', 'Woranat', NULL, NULL, NULL, NULL, 35, 3, 12, 189, NULL, 1, 0, '2017-01-27 13:40:05', 1, '2017-03-09 11:45:18', 1),
(323, 'วงศกร', 'ชัยกุลเทวินทร์', 'Wongsakorn', 'Chaikulthewin', 'วงศกร', 'Wongsakorn', NULL, NULL, NULL, NULL, 20, 3, 1, 189, NULL, 1, 0, '2017-01-27 13:40:05', 1, '2017-03-12 11:34:23', 1),
(324, 'ศุภนันท์', 'บุรีรัตน์', 'Suphanan', 'Burirat', 'ศุภนันท์', 'Suphanan', NULL, NULL, NULL, NULL, 4, 2, 12, 189, NULL, 1, 0, '2017-01-27 13:40:05', 1, '2017-03-09 11:45:18', 1),
(325, 'ธนะศักดิ์', 'ศรีใส', 'Thanasak', 'Srisai', 'ธนะศักดิ์', 'Tanasak', NULL, NULL, NULL, NULL, 5, 2, 9, 189, NULL, 1, 0, '2017-01-27 13:40:05', 1, '2017-03-09 13:53:42', 1),
(326, 'กฤต', 'ภวภูตานนท์', 'Krit', 'Phavaputanon', 'กฤต', 'Krit', NULL, NULL, NULL, NULL, 0, 4, 0, 189, NULL, 1, 0, '2017-01-27 13:40:05', 1, '2017-02-18 11:31:39', 1),
(327, 'ณัฐพงษ์', 'สายริยา', 'Nattapong', 'Sayriya', 'ณัฐพงษ์', 'Nattapong', NULL, NULL, NULL, NULL, 37, 2, 11, 189, NULL, 1, 0, '2017-01-27 13:40:06', 1, '2017-03-09 11:39:22', 1),
(328, 'วสันต์', 'สมานสิทธุ์', 'Wasan', 'Samansin', 'วสันต์', 'Wasan', NULL, NULL, NULL, NULL, 0, 3, 0, 189, NULL, 1, 0, '2017-01-27 13:40:06', 1, NULL, NULL),
(329, 'Marco', 'Tagbajumi', 'Marco', 'Tagbajumi', 'Tagbajumi', 'Tagbajumi', NULL, NULL, NULL, NULL, 0, 4, 0, 94, NULL, 1, 0, '2017-01-27 13:40:06', 1, NULL, NULL),
(330, 'ชัยวัฒน์', 'บุราญ', 'Chaiyawat', 'Buran', 'ชัยวัฒน์', 'Chaiyawat', NULL, NULL, NULL, NULL, 10, 4, 12, 189, NULL, 1, 0, '2017-01-27 13:40:06', 1, '2017-03-09 11:45:18', 1),
(331, 'กานต์นรินทร์', 'ถาวรศักดิ์', 'Kannarin', 'Thawornsak', 'กานต์นรินทร์', 'Kannarin', NULL, NULL, NULL, NULL, 8, 3, 6, 189, NULL, 1, 0, '2017-01-27 13:40:06', 1, '2017-02-27 22:16:09', 1),
(332, 'ณัฐวุฒิ', 'สมบัติโยธา', 'Nattawut', 'Sombatyota', 'ณัฐวุฒิ', 'Nattawut', NULL, NULL, NULL, NULL, 9, 4, 6, 189, NULL, 1, 0, '2017-01-27 13:40:06', 1, '2017-02-18 19:07:30', 1),
(333, 'Yannick', 'Dos Santos Djalo', 'Yannick', 'Dos Santos Djalo', 'Yannick', 'Yannick', NULL, NULL, NULL, NULL, 0, 4, 0, 151, NULL, 1, 0, '2017-01-27 13:40:06', 1, '2017-02-16 15:09:22', 1),
(334, 'ทศวีย์', 'ดีประเสริฐ', 'Thotsawee', 'Deeprasert', 'ทศวีย์', 'Thotsawee', NULL, NULL, NULL, NULL, 0, 3, 0, 189, NULL, 1, 0, '2017-01-27 13:40:06', 1, '2017-02-16 15:09:22', 1),
(335, 'ปฐมชัย', 'เสือสกุล', 'Pathomchai', 'Seaisakul', 'ปฐมชัย', 'Pathomchai', NULL, NULL, NULL, NULL, 31, 3, 6, 189, NULL, 1, 0, '2017-01-27 13:40:06', 1, '2017-02-18 19:18:49', 1),
(336, 'ปวีร์', 'ตัณฑะเตมีย์', 'Pawee', 'Tanthatemee', 'ปวีร์', 'Pawee', NULL, NULL, NULL, NULL, 0, 2, 0, 189, NULL, 1, 0, '2017-01-27 13:40:06', 1, '2017-02-16 15:09:22', 1),
(337, 'อรรถพงศ์', 'หนูพรหม', 'Attapong', 'Nooprom', 'อรรถพงศ์', 'Attapong', NULL, NULL, NULL, NULL, 0, 3, 0, 189, NULL, 1, 0, '2017-01-27 13:40:06', 1, '2017-02-16 15:09:23', 1),
(338, 'กฤตณภพ', 'เมฆพัชรกุล', 'Kitnapop', 'Mekputcharakul', 'กฤตณภพ', 'Kritnapob', NULL, NULL, NULL, NULL, 0, 2, 0, 189, NULL, 1, 0, '2017-01-27 13:40:06', 1, '2017-02-16 15:09:22', 1),
(339, 'พิชิต', 'เกสโร', 'Pichit', 'Gesaro', 'พิชิต', 'Pichit', NULL, NULL, NULL, NULL, 0, 2, 0, 189, NULL, 1, 0, '2017-01-27 13:40:06', 1, NULL, NULL),
(340, 'วรุตม์', 'บุญสุข', 'Warut', 'Boonsuk', 'วรุตม์', 'Warut', NULL, NULL, NULL, NULL, 32, 4, 3, 189, NULL, 1, 0, '2017-01-27 13:40:06', 1, '2017-02-22 09:57:09', 1),
(341, 'วรวุฒิ', 'นามเวช', 'Worawut', 'Namvech', 'วรวุฒิ', 'Worawut', NULL, NULL, NULL, NULL, 24, 2, 7, 189, NULL, 1, 0, '2017-01-27 13:40:06', 1, '2017-03-09 14:05:00', 1),
(342, 'สหรัฐ', 'แก้วแสงใส', 'Saharat', 'Keawsangsai', 'สหรัฐ', 'Saharath', NULL, NULL, NULL, NULL, 0, 2, 0, 189, NULL, 1, 0, '2017-01-27 13:40:06', 1, NULL, NULL),
(343, 'สามารถ', 'ปัญญา', 'Samat', 'Panya', 'สามารถ', 'Samart', NULL, NULL, NULL, NULL, 20, 2, 15, 189, NULL, 1, 0, '2017-01-27 13:40:06', 1, '2017-04-05 10:33:21', 1),
(344, 'ศิวะ', 'พรมมาศ', 'Siwa', 'Prommas', 'ศิวะ', 'Siwa', NULL, NULL, NULL, NULL, 17, 2, 15, 189, NULL, 1, 0, '2017-01-27 13:40:06', 1, '2017-03-09 11:53:06', 1),
(345, 'ศราวุฒิ', 'มาสุข', 'Sarawut', 'Masuk', 'ศราวุฒิ', 'Sarawut', NULL, NULL, NULL, NULL, 0, 3, 0, 189, NULL, 1, 0, '2017-01-27 13:40:06', 1, NULL, NULL),
(346, 'ณรงค์', 'จันทร์เสวก', 'Narong', 'Chansaweng', 'ณรงค์', 'Narong', NULL, NULL, NULL, NULL, 88, 3, 5, 189, NULL, 1, 0, '2017-01-27 13:40:06', 1, '2017-02-18 23:31:13', 1),
(347, 'ธณชัย', 'หนูราช', 'Thanachai', 'Noorach', 'ธณชัย', 'Thanachai', NULL, NULL, NULL, NULL, 0, 1, 0, 189, NULL, 1, 0, '2017-01-27 13:40:06', 1, NULL, NULL),
(348, 'วสันต์', 'ฮมแสน', 'Wasan', 'Homsaen', 'วสันต์', 'Wasan', NULL, NULL, NULL, NULL, 2, 2, 10, 189, NULL, 1, 0, '2017-01-27 13:40:06', 1, '2017-03-09 12:00:36', 1),
(349, 'รัตนะ', 'เพ็ชรอาภรณ์', 'Rattana', 'Petarporn', 'รัตนะ', 'Rattana', NULL, NULL, NULL, NULL, 0, 3, 0, 189, NULL, 1, 0, '2017-01-27 13:40:06', 1, NULL, NULL),
(350, 'รังสรรค์', 'วิวัฒน์ชัยโชค', 'Rangsan', 'Vivatchaichok', 'รังสรรค์', 'Rangsan', NULL, NULL, NULL, NULL, 17, 3, 10, 189, NULL, 1, 0, '2017-01-27 13:40:06', 1, '2017-03-09 12:00:36', 1),
(351, 'ทินกร', 'อสุรินทร์', 'Tinnakorn', 'Asurin', 'ทินกร', 'Tinnakorn', NULL, NULL, NULL, NULL, 25, 2, 10, 189, NULL, 1, 0, '2017-01-27 13:40:06', 1, '2017-03-09 12:00:35', 1),
(352, 'Hoon', 'Jung', 'Hoon', 'Jung', 'Hoon', 'Hoon', NULL, NULL, NULL, NULL, 0, 3, 0, 176, NULL, 1, 0, '2017-01-27 13:40:06', 1, NULL, NULL),
(353, 'ศุภชัย', 'แม้นจิต', 'Suphachai', 'Manjitt', 'ศุภชัย', 'Suphachai.M', NULL, NULL, NULL, NULL, 0, 3, 0, 189, NULL, 1, 0, '2017-01-27 13:40:06', 1, NULL, NULL),
(354, 'Thiago', 'Dos Santos Cunha', 'Thiago', 'Dos Santos Cunha', 'T.Cunha', 'T.Cunha', NULL, NULL, NULL, NULL, 0, 4, 0, 190, NULL, 1, 0, '2017-01-27 13:40:06', 1, NULL, NULL),
(355, 'Nagasato', 'Genki', 'Nagasato', 'Genki', 'Genki', 'Genki', NULL, NULL, NULL, NULL, 18, 3, 18, 97, NULL, 1, 0, '2017-01-27 13:40:06', 1, '2017-02-18 18:57:43', 1),
(356, 'David', 'Rochela Calvo', 'David', 'Rochela Calvo', 'Rochela', 'Rochela', NULL, NULL, NULL, NULL, 22, 2, 18, 178, NULL, 1, 0, '2017-01-27 13:40:06', 1, '2017-02-18 18:58:01', 1),
(357, 'Rodrigo', 'Meneses Quintanilha', 'Rodrigo', 'Meneses Quintanilha', 'R.Maranhao', 'R.Maranhao', NULL, NULL, NULL, NULL, 0, 4, 0, 28, NULL, 1, 0, '2017-01-27 13:40:06', 1, NULL, NULL),
(358, 'สุมัญญา', 'ปุริสาย', 'Sumanya', 'Purisay', 'สุมัญญา', 'Sumanya', NULL, NULL, NULL, NULL, 11, 3, 2, 189, NULL, 1, 0, '2017-01-27 13:40:06', 1, '2017-03-09 14:02:51', 1),
(359, 'เออร์เนสโต อมันเตกุย', 'ภูมิภา', 'Ernesto Arnantegul', 'Phumipha', 'เออร์เนสโต', 'Ernesto', NULL, NULL, NULL, NULL, 13, 2, 2, 189, NULL, 1, 0, '2017-01-27 13:40:06', 1, '2017-03-09 14:02:51', 1),
(360, 'สรรเสริญ', 'ลิ้มวัฒนะ', 'Sansern', 'Limwatthana', 'สรรเสริญ', 'Sansern', NULL, NULL, NULL, NULL, 32, 3, 17, 189, NULL, 1, 0, '2017-01-27 13:40:06', 1, '2017-03-09 11:54:55', 1),
(361, 'พลวัฒน์', 'วังฆะฮาด', 'Ponlawat', 'Wangkahad', 'พลวัฒน์', 'Ponlawat', NULL, NULL, NULL, NULL, 13, 2, 10, 189, NULL, 1, 0, '2017-01-27 13:40:06', 1, '2017-03-09 12:00:36', 1),
(362, 'ศราวุธ', 'สินธุปัน', 'Sarawut', 'Sintupun', 'ศราวุธ', 'Sarawut', NULL, NULL, NULL, NULL, 26, 4, 11, 189, NULL, 1, 0, '2017-01-27 13:40:06', 1, '2017-03-09 11:39:23', 1),
(363, 'กันตภณ', 'สมพิทยานุรักษ์', 'Kantapon', 'Sompittayanurak', 'กันตภณ', 'Kantapon', NULL, NULL, NULL, NULL, 34, 2, 11, 189, NULL, 1, 0, '2017-01-27 13:40:07', 1, '2017-03-09 11:39:22', 1),
(364, 'Dominic', 'Adiyiah', 'Dominic', 'Adiyiah', 'Adiyiah', 'Adiyiah', NULL, NULL, NULL, NULL, 10, 4, 11, 75, NULL, 1, 0, '2017-01-27 13:40:07', 1, '2017-03-09 11:39:22', 1),
(365, 'กฤษณ์พรหม', 'บุญสาร', 'Kitphom', 'Boonsan', 'กฤษณ์พรหม', 'Kitphom', NULL, NULL, NULL, NULL, 3, 2, 17, 189, NULL, 1, 0, '2017-01-27 13:40:07', 1, '2017-03-09 11:54:55', 1),
(366, 'อนุกรณ์', 'สางรัมย์', 'Anukorn', 'Sangram', 'อนุกรณ์', 'Anukorn', NULL, NULL, NULL, NULL, 22, 3, 17, 189, NULL, 1, 0, '2017-01-27 13:40:07', 1, '2017-03-09 11:54:56', 1),
(367, 'ธงไชย', 'รัฐไชย', 'Thongchai', 'Ratchai', 'ธงไชย', 'Thongchai', NULL, NULL, NULL, NULL, 10, 3, 17, 189, NULL, 1, 0, '2017-01-27 13:40:07', 1, '2017-03-09 11:54:55', 1),
(368, 'นิคม', 'สมหวัง', 'Nikhom', 'Somwang', 'นิคม', 'Nikhom', NULL, NULL, NULL, NULL, 11, 2, 17, 189, NULL, 1, 0, '2017-01-27 13:40:07', 1, '2017-03-09 11:54:55', 1),
(369, 'ป้องเพชร', 'หอมเกล็ด', 'Pongpet', 'Thongklet', 'ป้องเพชร', 'Pongpet', NULL, NULL, NULL, NULL, 0, 3, 0, 189, NULL, 1, 0, '2017-01-27 13:40:07', 1, NULL, NULL),
(371, 'แมนเทวา', 'ล่ามสมบัติ', 'Manteeva', 'Lamsombat', 'แมนเทวา', 'Manteeva', NULL, NULL, NULL, NULL, 0, 1, 0, 189, NULL, 1, 0, '2017-01-27 13:40:07', 1, NULL, NULL),
(372, 'กรพรหม', 'จรูญพงศ์', 'Kornprom', 'Jaroonpong', 'กรพรหม', 'Kornprom', NULL, NULL, NULL, NULL, 27, 3, 17, 189, NULL, 1, 0, '2017-01-27 13:40:07', 1, '2017-03-09 11:54:55', 1),
(373, 'ปิยพงษ์', 'หอมขจร', 'Piyapong', 'Homkhajohn', 'ปิยพงษ์', 'Piyapong', NULL, NULL, NULL, NULL, 0, 4, 0, 189, NULL, 1, 0, '2017-01-27 13:40:07', 1, NULL, NULL),
(374, 'Michael', 'Laurent N''Dri', 'Michael', 'Laurent N''Dri', 'N''Dri', 'N''Dri', NULL, NULL, NULL, NULL, 9, 4, 9, 70, NULL, 1, 0, '2017-01-27 13:40:07', 1, '2017-03-09 13:53:42', 1),
(375, 'อันตอนิโอ', 'แวร์ซูรา', 'Antonio', 'Vesura', 'อันตอนิโอ', 'Antonio', NULL, NULL, NULL, NULL, 69, 4, 14, 189, NULL, 1, 0, '2017-01-27 13:40:07', 1, '2017-03-09 11:30:15', 1),
(376, 'เกียรติศักดิ์', 'ธูปขุนทด', 'Kiattisak', 'Toopkhuntod', 'เกียรติศักดิ์', 'Kiattisak', NULL, NULL, NULL, NULL, 2, 2, 8, 189, NULL, 1, 0, '2017-01-27 13:40:07', 1, '2017-02-19 17:18:17', 1),
(377, 'Renan', 'Maques', 'Renan', 'Marques', 'R.Maques', 'R.Maques', NULL, NULL, NULL, NULL, 0, 4, 0, 28, NULL, 1, 0, '2017-01-27 13:40:07', 1, NULL, NULL),
(378, 'ธนาธิป', 'พยัพพฤกษ์', 'Tanatip', 'Payuppreuk', 'ธนาธิป', 'Tanatip', NULL, NULL, NULL, NULL, 0, 2, 0, 189, NULL, 1, 0, '2017-01-27 13:40:07', 1, NULL, NULL),
(379, 'Sadney', 'Khoetage', 'Sadney', 'Khoetage', 'Sadney', 'Sadney', NULL, NULL, NULL, NULL, 10, 4, 14, 131, NULL, 1, 0, '2017-01-27 13:40:07', 1, '2017-03-09 11:30:14', 1),
(380, 'อดิศักดิ์', 'นารัตน์โท', 'Adisak', 'Narattho', 'อดิศักดิ์', 'Adisak', NULL, NULL, NULL, NULL, 0, 2, 0, 189, NULL, 1, 0, '2017-01-27 13:40:07', 1, NULL, NULL),
(381, 'จาตุรงณ์', 'พิมพ์คูณ', 'Jaturong', 'Pimkhoon', 'จาตุรงณ์', 'Jaturong', NULL, NULL, NULL, NULL, 14, 4, 9, 189, NULL, 1, 0, '2017-01-27 13:40:07', 1, '2017-03-09 13:53:42', 1),
(382, 'พุทธิพงษ์', 'พรมลี', 'Putthipong', 'Promli', 'พุทธิพงษ์', 'Putthipong', NULL, NULL, NULL, NULL, 0, 1, 0, 189, NULL, 1, 0, '2017-01-27 13:40:07', 1, NULL, NULL),
(383, 'ทศพล', 'ศรีเรือง', 'Tossaporn', 'Srirueng', 'ทศพล', 'Tossaporn', NULL, NULL, NULL, NULL, 0, 1, 0, 189, NULL, 1, 0, '2017-01-27 13:40:08', 1, NULL, NULL),
(384, 'บุญเกิด', 'ไชยสิน', 'Boonkerd', 'Chaisin', 'บุญเกิด', 'Boonkerd', NULL, NULL, NULL, NULL, 0, 4, 0, 189, NULL, 1, 0, '2017-01-27 13:40:08', 1, NULL, NULL),
(385, 'ทัตพิชา', 'อักษรศรี', 'Thatpicha', 'Auksornsri', 'ทัตพิชา', 'Thatpicha', NULL, NULL, NULL, NULL, 0, 1, 0, 189, NULL, 1, 0, '2017-01-27 13:40:08', 1, NULL, NULL),
(386, 'เจษฎา', 'จิตสวัสดิ์', 'Jetsada', 'Jitsaward', 'เจษฎา', 'Jetsada', NULL, NULL, NULL, NULL, 0, 2, 0, 189, NULL, 1, 0, '2017-01-27 13:40:08', 1, NULL, NULL),
(387, 'พีรพงศ์', 'ปัญญาณุมาภรณ์', 'Peerapong', 'Panyanumaporn', 'พีรพงศ์', 'Peerapong', NULL, NULL, NULL, NULL, 0, 3, 0, 189, NULL, 1, 0, '2017-01-27 13:40:08', 1, NULL, NULL),
(388, 'นพกร', 'คำคง', 'Noppakorn', 'Khamkhong', 'นพกร', 'Noppakorn', NULL, NULL, NULL, NULL, 0, 3, 0, 189, NULL, 1, 0, '2017-01-27 13:40:08', 1, NULL, NULL),
(389, 'ศิริวัฒน์', 'สินธุรักษ์', 'Siriwat', 'Sinturak', 'ศิริวัฒน์', 'Siriwat S.', NULL, NULL, NULL, NULL, 0, 2, 0, 189, NULL, 1, 0, '2017-01-27 13:40:08', 1, NULL, NULL),
(390, 'Lukasz Szymon', 'Gikiewicz', 'Lukasz Szymon', 'Gikiewicz', 'Lukasz', 'Lukasz', NULL, NULL, NULL, NULL, 0, 4, 0, 150, NULL, 1, 0, '2017-01-27 13:40:08', 1, '2017-02-16 15:09:22', 1),
(391, 'พีรพัฒน์', 'พีรกิจ', 'Peerapat', 'Peerakit', 'พีรพัฒน์', 'Peerapat', NULL, NULL, NULL, NULL, 6, 2, 11, 189, NULL, 1, 0, '2017-01-27 13:40:08', 1, '2017-03-09 11:39:23', 1),
(392, 'Diogo', 'Luis Santo', 'Diogo', 'Luis Santo', 'Diogo', 'Diogo', NULL, NULL, NULL, NULL, 40, 4, 4, 28, NULL, 1, 0, '2017-01-27 13:40:08', 1, '2017-03-09 11:37:01', 1),
(393, 'ศรายุธ', 'สมพิมพ์', 'Srayut', 'Sompim', 'ศรายุธ', 'Srayut', NULL, NULL, NULL, NULL, 31, 2, 2, 189, NULL, 1, 0, '2017-01-27 13:40:08', 1, '2017-03-09 14:02:51', 1),
(394, 'อดุล', 'หละโสะ', 'Adul', 'Lahsoh', 'อดุล', 'Adul', NULL, NULL, NULL, NULL, 19, 3, 10, 189, NULL, 1, 0, '2017-01-27 13:40:08', 1, '2017-03-09 12:00:36', 1),
(395, 'กรกช', 'วิริยอุดมศิริ', 'Korrakot', 'Viriyaudomsiri', 'กรกช', 'Korrakot', NULL, NULL, NULL, NULL, 11, 2, 4, 189, NULL, 1, 0, '2017-01-27 13:40:08', 1, '2017-03-09 11:37:01', 1),
(396, 'Bruno Daniel Pereira', 'Castro Moreira', 'Bruno Daniel Pereira', 'Castro Moreira', 'B.Moreira', 'B.Moreira', NULL, NULL, NULL, NULL, 0, 4, 0, 151, NULL, 1, 0, '2017-01-27 13:40:08', 1, NULL, NULL),
(397, 'จิตปัญญา', 'ทิสุด', 'Chitpanya', 'Thisud', 'จิตปัญญา', 'Chitpanya', NULL, NULL, NULL, NULL, 20, 3, 3, 189, NULL, 1, 0, '2017-01-27 13:40:08', 1, '2017-03-01 10:17:46', 1),
(398, 'กษิดิศ', 'ซีกฮาร์ท', 'Kasidit', 'Sieghart', 'กษิดิศ', 'Sieghart', NULL, NULL, NULL, NULL, 18, 3, 2, 189, NULL, 1, 0, '2017-01-27 13:40:08', 1, '2017-03-09 14:02:50', 1),
(399, 'รัตนากร', 'ใหม่คามิ', 'Ratthanakorn', 'Maikami', 'รัตนากร', 'Ratthanakorn', NULL, NULL, NULL, NULL, 26, 3, 4, 189, NULL, 1, 0, '2017-01-27 13:40:08', 1, '2017-03-09 11:37:02', 1),
(400, 'ซากีรีน', 'ตีกาสม', 'Sakeereen', 'Teekasam', 'ซากีรีน', 'Sakeereen', NULL, NULL, NULL, NULL, 26, 2, 3, 189, NULL, 1, 0, '2017-01-27 13:40:08', 1, '2017-03-01 10:18:02', 1),
(401, 'อับดุลฮาฟิส', 'บือราเฮง', 'Abdulhafis', 'Beraheng', 'อับดุลฮาฟิส', 'Abdulhafiz', NULL, NULL, NULL, NULL, 0, 2, 0, 189, NULL, 1, 0, '2017-01-27 13:40:08', 1, NULL, NULL),
(402, 'อาทิตย์', 'ดาวสว่าง', 'Atit', 'Daosawang', 'อาทิตย์', 'Artit', NULL, NULL, NULL, NULL, 0, 2, 0, 189, NULL, 1, 0, '2017-01-27 13:40:08', 1, NULL, NULL),
(403, 'ชินพงษ์', 'รักษี', 'Chinnapong', 'Raksri', 'ชินพงษ์', 'Chinnapong', NULL, NULL, NULL, NULL, 0, 1, 0, 189, NULL, 1, 0, '2017-01-27 13:40:08', 1, NULL, NULL),
(404, 'อดิศักดิ์', 'เส็นสมเอียด', 'Adisak', 'Sensomaiad', 'อดิศักดิ์', 'Adisak', NULL, NULL, NULL, NULL, 0, 2, 0, 189, NULL, 1, 0, '2017-01-27 13:40:08', 1, NULL, NULL),
(405, 'ขวัญชัย', 'สุขล้อม', 'Kwanchai', 'Suklom', 'ขวัญชัย', 'Kwanchai', NULL, NULL, NULL, NULL, 0, 1, 0, 189, NULL, 1, 0, '2017-01-27 13:40:08', 1, NULL, NULL),
(406, 'จักรพันธ์', 'พรใส', 'Jakkapan', 'Pornsai', 'จักรพันธ์', 'Jakkapan', NULL, NULL, NULL, NULL, 10, 3, 3, 189, NULL, 1, 0, '2017-01-27 13:40:08', 1, '2017-02-18 21:57:59', 1),
(407, 'Kalifa', 'Cisse', 'Kalifa', 'Cisse', 'Cisse', 'Cisse', NULL, NULL, NULL, NULL, 20, 3, 9, 70, NULL, 1, 0, '2017-01-27 13:40:08', 1, '2017-03-09 13:53:42', 1),
(408, 'Romain', 'Gasmi', 'Romain', 'Gasmi', 'Gasmi', 'Gasmi', NULL, NULL, NULL, NULL, 0, 3, 0, 70, NULL, 1, 0, '2017-01-27 13:40:08', 1, NULL, NULL),
(410, 'Gilberto', 'Macedo Da Macena', 'Gilberto', 'Macedo Da Macena', 'G.Macena', 'G.Macena', NULL, NULL, NULL, NULL, 10, 4, 2, 28, NULL, 1, 0, '2017-01-27 13:40:08', 1, '2017-03-09 14:02:50', 1),
(411, 'ฉัตรชัย', 'โมกเกษม', 'Chatchai', 'Mokkasem', 'ฉัตรชัย', 'Chatchai', NULL, NULL, NULL, NULL, 0, 2, 0, 189, NULL, 1, 0, '2017-01-27 13:40:08', 1, NULL, NULL),
(412, 'อดิศร', 'พรหมรักษ์', 'Adison', 'Promrak', 'อดิศร', 'Adisorn', NULL, NULL, NULL, NULL, 25, 2, 1, 189, NULL, 1, 0, '2017-01-27 13:40:09', 1, '2017-03-12 11:34:23', 1),
(413, 'ธีราทร', 'บุญมาทัน', 'Theerathon', 'Bunmathan', 'ธีราทร', 'Theerathon', NULL, NULL, NULL, NULL, 3, 2, 1, 189, NULL, 1, 0, '2017-01-27 13:40:09', 1, '2017-03-12 11:34:23', 1),
(414, 'Dennis Murillo', 'Skrzypiec', 'Dennis Murillo', 'Skrzypiec', 'Dennis', 'Dennis', NULL, NULL, NULL, NULL, 0, 4, 0, 28, NULL, 1, 0, '2017-01-27 13:40:09', 1, NULL, NULL),
(415, 'กีรติกรณ์', 'นิลมาศ', 'Keeratikorn', 'Nilmas', 'กีรติกรณ์', 'Keeratikorn', NULL, NULL, NULL, NULL, 14, 2, 14, 189, NULL, 1, 0, '2017-01-27 13:40:09', 1, '2017-03-09 11:30:14', 1),
(416, 'เอกสิทธิ์', 'ฉาวบุตร', 'Ekkasit', 'Chaobut', 'เอกสิทธิ์', 'Chaobut', NULL, NULL, NULL, NULL, 6, 2, 14, 189, NULL, 1, 0, '2017-01-27 13:40:09', 1, '2017-03-09 11:30:15', 1),
(417, 'Rafael Lima', 'Pereira', 'Rafael Lima', 'Pereira', 'R.Lima', 'R.Lima', NULL, NULL, NULL, NULL, 7, 4, 16, 28, NULL, 1, 0, '2017-01-27 13:40:09', 1, '2017-02-19 09:55:31', 1),
(418, 'นุกูลกิจ', 'ครุฑใหญ่', 'Nukoolkit', 'Krutyai', 'นุกูลกิจ', 'Nukoolkit', NULL, NULL, NULL, NULL, 19, 2, 17, 189, NULL, 1, 0, '2017-01-27 13:40:09', 1, '2017-03-09 11:54:55', 1),
(419, 'ครรชิต', 'เสนยะเสน', 'Kanchit', 'Senyasaen', 'ครรชิต', 'Kanchit', NULL, NULL, NULL, NULL, 9, 4, 17, 189, NULL, 1, 0, '2017-01-27 13:40:09', 1, '2017-03-09 11:54:55', 1),
(420, 'Ivan', 'Knezevic', 'Ivan', 'Knezevic', 'Knezevic', 'Knezevic', NULL, NULL, NULL, NULL, 0, 4, 0, 126, NULL, 1, 0, '2017-01-27 13:40:09', 1, NULL, NULL),
(421, 'ธนวัต', 'ปานช้าง', 'Tanawat', 'Panchang', 'ธนวัต', 'P.Tanawat', NULL, NULL, NULL, NULL, 22, 2, 8, 189, NULL, 1, 0, '2017-01-27 13:40:09', 1, '2017-02-19 17:21:03', 1),
(422, 'อนุชา', 'สุกใส', 'Anucha', 'Suksai', 'อนุชา', 'Anucha', NULL, NULL, NULL, NULL, 0, 3, 0, 189, NULL, 1, 0, '2017-01-27 13:40:09', 1, NULL, NULL),
(423, 'พนธกร', 'โทสันเทียะ', 'Phontakorn', 'Thosanthiah', 'พนธกร', 'Phontakorn', NULL, NULL, NULL, NULL, 7, 2, 8, 189, NULL, 1, 0, '2017-01-27 13:40:09', 1, '2017-02-19 17:13:56', 1),
(424, 'ปฏิภาณ', 'ปิ่นเสริมสูตรศรี', 'Patipan', 'Pinsermsootsri', 'ปฏิภาณ', 'Patipan', NULL, NULL, NULL, NULL, 0, 4, 0, 189, NULL, 1, 0, '2017-01-27 13:40:09', 1, NULL, NULL),
(425, 'Darko', 'Tasevski', 'Darko', 'Tasevski', 'Tasevski', 'Tasevski', NULL, NULL, NULL, NULL, 0, 3, 0, 31, NULL, 1, 0, '2017-01-27 13:40:09', 1, NULL, NULL),
(426, 'บดินทร์', 'ผาลา', 'Bordin', 'Phala', 'บดินทร์', 'Bordin', NULL, NULL, NULL, NULL, 15, 3, 4, 189, NULL, 1, 0, '2017-01-27 13:40:09', 1, '2017-03-09 11:37:02', 1),
(427, 'ธนาสิทธิ์', 'ศิริผลา', 'Tanasith', 'Siripala', 'ธนาสิทธิ์', 'Tanasith', NULL, NULL, NULL, NULL, 11, 3, 10, 189, NULL, 1, 0, '2017-01-27 13:40:09', 1, '2017-03-09 12:00:35', 1),
(428, 'วิริทธิ์พล', 'ชนกกวินกุล', 'Wiritpol', 'Chanokkawinkul', 'วิริทธิ์พล', 'Wiritpol C.', NULL, NULL, NULL, NULL, 0, 2, 0, 189, NULL, 1, 0, '2017-01-27 13:40:09', 1, NULL, NULL),
(429, 'สุบรรณ', 'เงินประเสริฐ', 'Suban', 'Ngernprasert', 'สุบรรณ', 'Suban', NULL, NULL, NULL, NULL, 0, 3, 0, 189, NULL, 1, 0, '2017-01-27 13:40:09', 1, NULL, NULL),
(430, 'ประทุม', 'ชูทอง', 'Prathum', 'Chuthong', 'ประทุม', 'Prathum', NULL, NULL, NULL, NULL, 5, 2, 7, 189, NULL, 1, 0, '2017-01-27 13:40:09', 1, '2017-03-09 14:05:00', 1),
(431, 'สุระเดช', 'กลั่นขำ', 'Suradech', 'Klankham', 'สุระเดช', 'Suradet. K', NULL, NULL, NULL, NULL, 0, 2, 0, 189, NULL, 1, 0, '2017-01-27 13:40:09', 1, NULL, NULL),
(432, 'วันเฉลิม', 'ยิ่งยง', 'Wanchalerm', 'Yingyong', 'วันเฉลิม', 'Wanchalerm', NULL, NULL, NULL, NULL, 40, 3, 18, 189, NULL, 1, 0, '2017-01-27 13:40:09', 1, '2017-03-02 12:06:15', 1),
(433, 'มงคล', 'ทศไกร', 'Mongkol', 'Tossagri', 'มงคล', 'Mongkol', NULL, NULL, NULL, NULL, 22, 4, 1, 189, NULL, 1, 0, '2017-01-27 13:40:09', 1, '2017-03-12 11:34:23', 1),
(434, 'อติคุณ', 'มีท้วม', 'Atikun', 'Meetuam', 'อติคุณ', 'Atikun', NULL, NULL, NULL, NULL, 0, 3, 0, 189, NULL, 1, 0, '2017-01-27 13:40:09', 1, NULL, NULL),
(435, 'Seung Yong', 'Kim', 'Seung Yong', 'Kim', 'Yong', 'Yong', NULL, NULL, NULL, NULL, 0, 4, 0, 176, NULL, 1, 0, '2017-01-27 13:40:09', 1, NULL, NULL),
(436, 'ฐิติพันธ์', 'พ่วงจันทร์', 'Thitiphan', 'Puangjan', 'ฐิติพันธ์', 'Thitiphan', NULL, NULL, NULL, NULL, 8, 3, 7, 189, NULL, 1, 0, '2017-01-27 13:40:09', 1, '2017-03-09 14:05:00', 1),
(437, 'Takahiro', 'Kawamura', 'Takahiro', 'Kawamura', 'Kawamura', 'Kawamura', NULL, NULL, NULL, NULL, 0, 3, 0, 97, NULL, 1, 0, '2017-01-27 13:40:09', 1, NULL, NULL),
(438, 'Mark Robert', 'Bridge', 'Mark Robert', 'Bridge', 'Bridge', 'Bridge', NULL, NULL, NULL, NULL, 0, 4, 0, 12, NULL, 1, 0, '2017-01-27 13:40:09', 1, NULL, NULL),
(439, 'Lazarus', 'Kaimbi', 'Lazarus', 'Kaimbi', 'L.Kaimbi', 'L.Kaimbi', NULL, NULL, NULL, NULL, 0, 4, 0, 131, NULL, 1, 0, '2017-01-27 13:40:09', 1, NULL, NULL),
(440, 'อานนท์', 'อมรเลิศศักดิ์', 'Anon', 'Amornlertsak', 'อานนท์', 'Anon', NULL, NULL, NULL, NULL, 34, 3, 4, 189, NULL, 1, 0, '2017-01-27 13:40:09', 1, '2017-04-04 17:42:16', 1),
(441, 'บารมี', 'ลิ้มวัฒนะ', 'Baramee', 'Limwattana', 'บารมี', 'Baramee', NULL, NULL, NULL, NULL, 0, 3, 0, 189, NULL, 1, 0, '2017-01-27 13:40:09', 1, NULL, NULL),
(442, 'เอกชัย', 'ฤทธิพันธ์', 'Ekkachai', 'Ritthiphan', 'เอกชัย', 'Ekkachai', NULL, NULL, NULL, NULL, 0, 3, 0, 189, NULL, 1, 0, '2017-01-27 13:40:09', 1, NULL, NULL),
(443, 'กษิดิ์เดช', 'เวทยาวงศ์', 'Kasidech', 'Wattayawon', 'กษิดิ์เดช', 'Kasidech', NULL, NULL, NULL, NULL, 24, 4, 9, 189, NULL, 1, 0, '2017-01-27 13:40:09', 1, '2017-03-09 13:53:42', 1),
(444, 'นิเวส', 'ศิริวงศ์', 'Niweat', 'Siriwong', 'นิเวส', 'Niweat', NULL, NULL, NULL, NULL, 0, 3, 0, 189, NULL, 1, 0, '2017-01-27 13:40:09', 1, NULL, NULL),
(445, 'Jae Ho', 'Yoo', 'Jae Ho', 'Yoo', 'Jae Ho', 'Jae Ho', NULL, NULL, NULL, NULL, 0, 2, 0, 176, NULL, 1, 0, '2017-01-27 13:40:09', 1, NULL, NULL),
(446, 'ภัทร', 'ปิยภัทร์กิติ', 'Pattarakorn', 'Tanganurat', 'ภัทร', 'Pattara', NULL, NULL, NULL, NULL, 18, 1, 7, 189, NULL, 1, 0, '2017-01-27 13:40:09', 1, '2017-03-09 14:05:00', 1),
(447, 'สุรเดช', 'ธงชัย', 'Suradet', 'Thongchai', 'สุรเดช', 'Suradet', NULL, NULL, NULL, NULL, 2, 3, 14, 189, NULL, 1, 0, '2017-01-27 13:40:09', 1, '2017-03-09 11:30:15', 1),
(448, 'วิชาญ', 'นันทะศรี', 'Wichan', 'Nantasri', 'วิชาญ', 'Wichan', NULL, NULL, NULL, NULL, 4, 3, 9, 189, NULL, 1, 0, '2017-01-27 13:40:09', 1, '2017-03-09 13:53:42', 1),
(449, 'อดิศักดิ์', 'หาญเทศ', 'Adisak', 'Hantes', 'อดิศักดิ์', 'Adisak', NULL, NULL, NULL, NULL, 0, 2, 0, 189, NULL, 1, 0, '2017-01-27 13:40:10', 1, NULL, NULL),
(450, 'อภิวิชฐ์', 'ภู่เล็ก', 'Jessada', 'Phulek', 'อภิวิชฐ์', 'Apiwat', NULL, NULL, NULL, NULL, 0, 2, 0, 189, NULL, 1, 0, '2017-01-27 13:40:10', 1, NULL, NULL),
(451, 'ต่อศักดิ์', 'สะอาดเอี่ยม', 'Torsak', 'Saartaiam', 'ต่อศักดิ์', 'Torsak', NULL, NULL, NULL, NULL, 0, 2, 0, 189, NULL, 1, 0, '2017-01-27 13:40:10', 1, NULL, NULL),
(452, 'นันทวัฒน์', 'สวนแก้ว', 'Nanthawat', 'Suankeao', 'นันทวัฒน์', 'Nanthawat', NULL, NULL, NULL, NULL, 0, 2, 0, 189, NULL, 1, 0, '2017-01-27 13:40:10', 1, NULL, NULL),
(453, 'Rennan Goncalves', 'Oliveira', 'Rennan Goncalves', 'Oliveira', 'R.Oliveira', 'R.Oliveira', NULL, NULL, NULL, NULL, 0, 3, 0, 28, NULL, 1, 0, '2017-01-27 13:40:10', 1, NULL, NULL),
(454, 'ปรัชญ์', 'สมัคราษฏร์', 'Prat', 'Samakrat', 'ปรัชญ์', 'Prat', NULL, NULL, NULL, NULL, 3, 2, 8, 189, NULL, 1, 0, '2017-01-27 13:40:10', 1, '2017-02-26 10:05:47', 1),
(455, 'ศิวะพงษ์', 'เจริญศิลป์', 'Siwapong', 'Jareonsrin', 'ศิวะพงษ์', 'Siwapong', NULL, NULL, NULL, NULL, 97, 3, 18, 189, NULL, 1, 0, '2017-01-27 13:40:10', 1, '2017-02-18 19:05:03', 1),
(458, 'ปฏิภาณ', 'อุ่นอบ', 'Patipan', 'Unop', 'ปฏิภาณ', 'Patipan', NULL, NULL, NULL, NULL, 0, 2, 0, 189, NULL, 1, 0, '2017-01-27 13:40:10', 1, NULL, NULL),
(460, 'Francisco Javier', 'Gonzalez Munoz', 'Francisco Javier', 'Gonzalez Munoz', 'Francisco', 'Francisco', NULL, NULL, NULL, NULL, 0, 3, 0, 178, NULL, 1, 0, '2017-01-27 13:40:10', 1, NULL, NULL),
(461, 'จาตุรงค์', 'ไชยรัตน์', 'Jaturong', 'Chairut', 'จาตุรงค์', 'Jaturong', NULL, NULL, NULL, NULL, 0, 4, 0, 189, NULL, 1, 0, '2017-01-27 13:40:10', 1, NULL, NULL),
(462, 'Prince', 'Amponsah', 'Prince', 'Amponsah', 'Prince', 'Prince', NULL, NULL, NULL, NULL, 29, 4, 5, 75, NULL, 1, 0, '2017-01-27 13:40:10', 1, '2017-02-18 23:30:43', 1),
(463, 'จีราชัย', 'ละดาดก', 'Jeerachai', 'Ladadok', 'จีราชัย', 'Jeerachai', NULL, NULL, NULL, NULL, 0, 3, 0, 189, NULL, 1, 0, '2017-01-27 13:40:10', 1, NULL, NULL),
(464, 'German Ezequiel', 'Pacheco Gonzalez', 'German Ezequiel', 'Pacheco Gonzalez', 'Pacheco', 'Pacheco', NULL, NULL, NULL, NULL, 0, 4, 0, 9, NULL, 1, 0, '2017-01-27 13:40:10', 1, '2017-02-16 15:09:22', 1),
(465, 'มานูเอล ทอม', 'เบียรห์', 'Manuel Tom', 'Bihr', 'มานูเอล ทอม', 'Manuel', NULL, NULL, NULL, NULL, 40, 2, 2, 189, NULL, 1, 0, '2017-01-27 13:40:10', 1, '2017-03-09 14:02:51', 1),
(466, 'Marvin Olalekan', 'Ogunjimi', 'Marvin Olalekan', 'Ogunjimi', 'Ogunjimi', 'Ogunjimi', NULL, NULL, NULL, NULL, 0, 4, 0, 20, NULL, 1, 0, '2017-01-27 13:40:10', 1, '2017-02-16 15:09:22', 1),
(467, 'พงษ์ศักดิ์', 'บุญทศ', 'Pongsak', 'Boonthot', 'พงษ์ศักดิ์', 'Pongsak', NULL, NULL, NULL, NULL, 0, 3, 0, 189, NULL, 1, 0, '2017-01-27 13:40:10', 1, NULL, NULL),
(468, 'ชาตรี', 'รัตนวงษ์', 'Chatri', 'Rattanawong', 'ชาตรี', 'Chatri', NULL, NULL, NULL, NULL, 0, 4, 0, 189, NULL, 1, 0, '2017-01-27 13:40:10', 1, NULL, NULL),
(469, 'ปิยชัย', 'แววขาว', 'Piyachai', 'Waewkhao', 'ปิยชัย', 'Waeokhao P.', NULL, NULL, NULL, NULL, 0, 2, 0, 189, NULL, 1, 0, '2017-01-27 13:40:10', 1, NULL, NULL),
(470, 'ชาลี', 'จำเรียง', 'Chalee', 'Jamriang', 'ชาลี', 'Chalee', NULL, NULL, NULL, NULL, 0, 1, 0, 189, NULL, 1, 0, '2017-01-27 13:40:10', 1, NULL, NULL),
(471, 'Aron', 'Dasilva', 'Aron', 'Dasilva', 'Aron', 'Aron', NULL, NULL, NULL, NULL, 0, 4, 0, 28, NULL, 1, 0, '2017-01-27 13:40:10', 1, NULL, NULL),
(473, 'Lee', 'Hyun Woong', 'Lee', 'Hyun Woong', 'Lee', 'Lee', NULL, NULL, NULL, NULL, 0, 3, 0, 176, NULL, 1, 0, '2017-01-27 13:40:10', 1, NULL, NULL),
(474, 'เดนนิส', 'บูเชนิ่ง', 'Dennis', 'Buschening', 'เดนนิส', 'Buschening', NULL, NULL, NULL, NULL, 0, 4, 0, 189, NULL, 1, 0, '2017-01-27 13:40:10', 1, NULL, NULL),
(476, 'อิทธิพล', 'ยอดพรหม', 'Itthiphon', 'Yodhom', 'อิทธิพล', 'Itthiphon', NULL, NULL, NULL, NULL, 0, 3, 0, 189, NULL, 1, 0, '2017-01-27 13:40:10', 1, NULL, NULL),
(477, 'Alex Rafael', 'Da Silva Antonio', 'Alex Rafael', 'Da Silva Antonio', 'Alex', 'Alex', NULL, NULL, NULL, NULL, 0, 4, 0, 28, NULL, 1, 0, '2017-01-27 13:40:10', 1, '2017-02-18 10:38:58', 1),
(478, 'Bojan', 'Dubajic', 'Bojan', 'Dubajic', 'Bojan', 'Bojan', NULL, NULL, NULL, NULL, 0, 4, 0, 167, NULL, 1, 0, '2017-01-27 13:40:10', 1, NULL, NULL),
(481, 'ธรรมนูญ', 'สาลี', 'Thammanoon', 'Salee', 'ธรรมนูญ', 'Salee', NULL, NULL, NULL, NULL, 0, 3, 0, 189, NULL, 1, 0, '2017-01-27 13:40:10', 1, NULL, NULL),
(482, 'สุวภัทร', 'จันสีทา', 'Suwaphat', 'Chansitha', 'สุวภัทร', 'Suwaphut', NULL, NULL, NULL, NULL, 26, 3, 12, 189, NULL, 1, 0, '2017-01-27 13:40:10', 1, '2017-03-09 11:45:18', 1),
(485, 'ศุภชัย', 'แม้นจิต', 'Suphachai', 'Manjitt', 'ศุภชัย', 'S.Manjitt', NULL, NULL, NULL, NULL, 0, 3, 0, 189, NULL, 1, 0, '2017-01-27 13:40:11', 1, NULL, NULL),
(487, 'สันติราษฎร์', 'เวียงอินทร์', 'Santirad', 'Weanginn', 'สันติราษฎร์', 'Santirad', NULL, NULL, NULL, NULL, 0, 3, 0, 189, NULL, 1, 0, '2017-01-27 13:40:11', 1, NULL, NULL),
(488, 'ปฏิภาณ', 'ปิ่นเสริมสูตรศรี', 'Patipan', 'Pinsermsootsri', 'ปฏิภาณ', 'Patipan', NULL, NULL, NULL, NULL, 0, 3, 0, 189, NULL, 1, 0, '2017-01-27 13:40:11', 1, NULL, NULL),
(489, 'Lukasz Szymon', 'Gikiewicz', 'Lukasz Szymon', 'Gikiewicz', 'Lukasz', 'Lukasz', NULL, NULL, NULL, NULL, 0, 4, 0, 150, NULL, 1, 0, '2017-01-27 13:40:11', 1, NULL, NULL),
(490, 'Marino Clavero', 'Francisco', 'Marino Clavero', 'Francisco', 'F.Clavero', 'F.Clavero', NULL, NULL, NULL, NULL, 0, 4, 0, 28, NULL, 1, 0, '2017-01-27 13:40:11', 1, NULL, NULL),
(491, 'Xisco', 'Jimenez Tejada', 'Francisco', 'Jimenez Tejada', 'Xisco', 'Xisco', NULL, NULL, NULL, NULL, 9, 4, 1, 178, NULL, 1, 0, '2017-01-27 13:40:11', 1, '2017-03-12 11:34:22', 1),
(492, 'เอเลียส', 'ดอเลาะ', 'Elias', 'Dolah', 'ดอเลาะ', NULL, NULL, NULL, '1993-04-24', NULL, 4, 2, 18, 189, NULL, 1, 0, '2017-02-18 18:48:42', 1, '2017-02-18 18:48:57', 1),
(493, 'Sergio Gustavo', 'Suárez Arteaga', 'Sergio Gustavo', 'Suárez Arteaga', 'Suárez', NULL, NULL, NULL, '1987-01-06', NULL, 5, 3, 18, 178, NULL, 1, 0, '2017-02-18 18:52:24', 1, '2017-02-18 18:52:33', 1),
(494, 'Andrija', 'Kaluđerović', 'Andrija', 'Kaluđerović', 'Kaluđerović', NULL, NULL, NULL, '1987-07-05', NULL, 10, 4, 18, 167, NULL, 1, 0, '2017-02-18 18:55:19', 1, '2017-02-18 18:55:29', 1),
(495, 'ปิยะชาติ', 'ศรีมะเรือง', 'ปิยะชาติ', 'ศรีมะเรือง', 'ปิยะชาติ ศ', NULL, NULL, NULL, NULL, NULL, 88, 3, 18, 189, NULL, 1, 0, '2017-02-18 19:02:39', 1, '2017-02-18 19:02:55', 1),
(496, 'Alharbi', 'El Jadeyaoui', 'Alharbi', 'El Jadeyaoui', 'Alharbi', NULL, NULL, NULL, '1986-08-08', NULL, 10, 4, 6, 128, NULL, 1, 0, '2017-02-18 19:08:36', 1, '2017-02-18 19:08:43', 1),
(497, 'รุ่งรัฐ', 'ภูมิจันทึก', 'รุ่งรัฐ', 'ภูมิจันทึก', 'รุ่งรัฐ', NULL, NULL, NULL, '1992-05-17', NULL, 11, 3, 6, 189, NULL, 1, 0, '2017-02-18 19:10:14', 1, '2017-02-18 19:10:20', 1),
(498, 'Marcel Josué', 'Essombé', 'Marcel Josué', 'Essombé', 'Essombé', NULL, NULL, NULL, '1988-05-06', NULL, 18, 4, 6, 35, NULL, 1, 0, '2017-02-18 19:11:39', 1, '2017-02-18 19:11:52', 1),
(499, 'Takafumi', 'Akahoshi', 'Takafumi', 'Akahoshi', 'Takafumi', NULL, NULL, NULL, '1986-05-27', NULL, 37, 3, 6, 97, NULL, 1, 0, '2017-02-18 19:13:00', 1, '2017-02-18 19:13:07', 1),
(500, 'นพพล', 'ผลอุดม', 'นพพล', 'ผลอุดม', 'นพพล', NULL, NULL, NULL, '1985-01-29', NULL, 5, 3, 6, 189, NULL, 1, 0, '2017-02-18 19:14:39', 1, '2017-02-18 19:15:02', 1),
(501, 'ภูริทัต', 'จาริกานนท์', 'ภูริทัต', 'จาริกานนท์', 'ภูริทัต', NULL, NULL, NULL, '1989-08-01', NULL, 15, 3, 6, 189, NULL, 1, 0, '2017-02-18 19:16:21', 1, '2017-02-18 19:16:27', 1),
(502, 'Jhasmani', 'Campos Davalos', 'Jhasmani', 'Campos Davalos', 'Campos', NULL, NULL, NULL, '1988-05-10', NULL, 21, 3, 3, 25, NULL, 1, 0, '2017-02-18 22:06:16', 1, '2017-02-18 22:06:31', 1),
(503, 'ณัฐพล', 'เทพอุทัย', 'ณัฐพล', 'เทพอุทัย', 'ณัฐพล', NULL, NULL, NULL, '1991-09-02', NULL, 2, 2, 3, 189, NULL, 1, 0, '2017-02-18 22:14:37', 1, '2017-02-18 22:14:47', 1),
(504, 'Jurato', 'Ikeda', 'Jurato', 'Ikeda', 'Jurato', NULL, NULL, NULL, '1996-09-17', NULL, 3, 2, 3, 97, NULL, 1, 0, '2017-02-18 22:16:25', 1, '2017-02-18 22:16:32', 1),
(505, 'มงคล', 'นามนวด', 'มงคล', 'นามนวด', 'มงคล', NULL, NULL, NULL, '1985-05-16', NULL, 18, 2, 3, 189, NULL, 1, 0, '2017-02-18 22:17:49', 1, '2017-02-18 22:17:55', 1),
(506, 'ณัฐชัย', 'ศรีสุวรรณ์', 'ณัฐชัย', 'ศรีสุวรรณ์', 'ณัฐชัย', NULL, NULL, NULL, NULL, NULL, 22, 3, 3, 189, NULL, 1, 0, '2017-02-18 22:20:05', 1, '2017-02-18 22:23:01', 1),
(507, 'อภิสิทธิ์', 'โสรฎา', 'อภิสิทธิ์', 'โสรฎา', 'อภิสิทธิ์', NULL, NULL, NULL, '1997-02-28', NULL, 28, 2, 3, 189, NULL, 1, 0, '2017-02-18 22:23:45', 1, '2017-02-18 22:23:52', 1),
(508, 'พิศาล', 'ดอกไม้แก้ว', 'พิศาล', 'ดอกไม้แก้ว', 'พิศาล', NULL, NULL, NULL, '1984-05-10', NULL, 93, 1, 3, 189, NULL, 1, 0, '2017-02-18 22:25:18', 1, '2017-02-18 22:25:24', 1),
(509, 'รัชพล', 'นาวันโน', 'รัชพล', 'นาวันโน', 'รัชพล', NULL, NULL, NULL, '1986-04-28', NULL, 13, 3, 1, 189, NULL, 1, 0, '2017-02-18 22:32:08', 1, '2017-03-12 11:34:23', 1),
(510, 'Ho', 'Lee', 'Ho', 'Lee', 'Lee Ho', NULL, NULL, NULL, '1984-10-22', NULL, 15, 3, 1, 176, NULL, 1, 0, '2017-02-18 22:36:18', 1, '2017-03-12 11:34:22', 1),
(511, 'ศนุกรานต์', 'ถิ่นจอม', 'ศนุกรานต์', 'ถิ่นจอม', 'ศนุกรานต์', NULL, NULL, NULL, '1993-09-12', NULL, 16, 3, 1, 189, NULL, 1, 0, '2017-02-18 22:41:18', 1, '2017-03-12 11:34:23', 1),
(512, 'Célio', 'Ferreira dos Santos', 'Célio', 'Ferreira dos Santos', 'Célio', NULL, NULL, NULL, '1987-07-20', NULL, 29, 2, 1, 28, NULL, 1, 0, '2017-02-18 22:42:57', 1, '2017-03-12 11:34:22', 1),
(513, 'Seul-Ki', 'Ko', 'Seul-Ki', 'Ko', 'Ko', NULL, NULL, NULL, '1986-04-21', NULL, 7, 3, 4, 97, NULL, 1, 0, '2017-02-18 23:11:23', 1, '2017-03-09 11:37:01', 1),
(514, 'สุเชาว์', 'นุชนุ่ม', 'สุเชาว์', 'นุชนุ่ม', 'สุเชาว์', NULL, NULL, NULL, '1983-05-17', NULL, 8, 3, 4, 189, NULL, 1, 0, '2017-02-18 23:15:07', 1, '2017-03-09 11:37:02', 1),
(515, 'Sölvi Geir', 'Ottesen Jónsson', 'Sölvi Geir', 'Ottesen Jónsson', 'Ottesen', NULL, NULL, NULL, '1984-02-18', NULL, 23, 2, 4, 88, NULL, 1, 0, '2017-02-18 23:17:00', 1, '2017-03-09 11:37:01', 1),
(516, 'Jackson', 'Avelino de Coelho', 'Jackson', 'Avelino de Coelho', 'Jajá', NULL, NULL, NULL, '1986-02-28', NULL, 50, 4, 4, 28, NULL, 1, 0, '2017-02-18 23:17:56', 1, '2017-03-09 11:37:01', 1),
(517, 'ยศวรรธน์', 'มนทา', 'ยศวรรธน์', 'มนทา', 'ยศวรรธน์', NULL, NULL, NULL, NULL, NULL, 2, 3, 4, 189, NULL, 1, 0, '2017-02-18 23:18:46', 1, '2017-03-09 11:37:02', 1),
(518, 'พรรษา', 'เหมวิบูลย์', 'พรรษา', 'เหมวิบูลย์', 'พรรษา', NULL, NULL, NULL, '1990-07-08', NULL, 3, 2, 4, 189, NULL, 1, 0, '2017-02-18 23:19:44', 1, '2017-03-09 11:37:02', 1),
(519, 'นฤพน', 'พุฒซ้อน', 'นฤพน', 'พุฒซ้อน', 'นฤพน', NULL, NULL, NULL, '1988-07-21', NULL, 4, 3, 4, 189, NULL, 1, 0, '2017-02-18 23:20:51', 1, '2017-03-09 11:37:02', 1),
(520, 'ยศพล', 'เทียงดาห์', 'ยศพล', 'เทียงดาห์', 'ยศพล', NULL, NULL, NULL, '1992-04-06', NULL, 29, 1, 4, 189, NULL, 1, 0, '2017-02-18 23:22:58', 1, '2017-03-09 11:37:02', 1),
(521, 'อาทิตย์', 'บุตรจินดา', 'อาทิตย์', 'บุตรจินดา', 'อาทิตย์', NULL, NULL, NULL, NULL, NULL, 32, 4, 4, 189, NULL, 1, 0, '2017-02-18 23:23:49', 1, '2017-03-09 11:37:02', 1),
(522, 'Ryotaro', 'Nakano', 'Ryotaro', 'Nakano', 'Nakano', NULL, NULL, NULL, '1988-06-13', NULL, 7, 3, 5, 97, NULL, 1, 0, '2017-02-18 23:26:25', 1, '2017-02-18 23:26:41', 1),
(523, 'Fodé Bangaly', 'Diakité', 'Fodé Bangaly', 'Diakité', 'Diakité', NULL, NULL, NULL, '1985-01-26', NULL, 18, 2, 5, 95, NULL, 1, 0, '2017-02-18 23:30:08', 1, '2017-02-18 23:30:18', 1),
(524, 'ภานุพงศ์', 'พิจิตรธรรม', 'ภานุพงศ์', 'พิจิตรธรรม', 'ภานุพงศ์', NULL, NULL, NULL, '1989-02-04', NULL, 1, 1, 5, 189, NULL, 1, 0, '2017-02-18 23:35:45', 1, '2017-02-18 23:35:59', 1),
(525, 'เหมันต์', 'กิติอำไพพฤกษ์', 'เหมันต์', 'กิติอำไพพฤกษ์', 'เหมันต์', NULL, NULL, NULL, NULL, NULL, 3, 2, 5, 189, NULL, 1, 0, '2017-02-18 23:37:05', 1, '2017-02-18 23:37:12', 1),
(526, 'อดิศักดิ์', 'ศรีกำปัง', 'Adisak', 'Srikumpang', 'อดิศักดิ์', NULL, NULL, NULL, '1985-01-14', NULL, 40, 4, 5, 189, NULL, 1, 0, '2017-02-18 23:40:22', 1, '2017-02-18 23:40:34', 1),
(527, 'กฤษดา', 'กาแมน', 'กฤษดา', 'กาแมน', 'กฤษดา', NULL, NULL, NULL, '1999-03-18', NULL, 42, 2, 5, 189, NULL, 1, 0, '2017-02-18 23:41:06', 1, '2017-02-18 23:41:13', 1),
(528, 'ศุภวัฒน์', 'สีโนทัย', 'ศุภวัฒน์', 'สีโนทัย', 'ศุภวัฒน์', NULL, NULL, NULL, '1988-09-05', NULL, 1, 1, 13, 189, NULL, 1, 0, '2017-02-19 01:03:19', 1, '2017-02-19 01:03:28', 1),
(529, 'Denis', 'Viana Da Silva', 'Denis', 'Viana Da Silva', 'Da Silva', NULL, NULL, NULL, '1986-09-03', NULL, 2, 2, 13, 28, NULL, 1, 0, '2017-02-19 01:04:34', 1, '2017-02-19 01:04:46', 1),
(530, 'ยอดรัก', 'นาเมืองรักษ์', 'Yordrak', 'Namuangrak', 'ยอดรัก', NULL, NULL, NULL, '1989-09-19', NULL, 5, 2, 13, 189, NULL, 1, 0, '2017-02-19 01:05:29', 1, '2017-02-19 01:05:35', 1),
(531, 'Yusei', 'Ogasawara', 'Yusei', 'Ogasawara', 'Ogasawara', NULL, NULL, NULL, '1988-04-16', NULL, 10, 3, 13, 97, NULL, 1, 0, '2017-02-19 01:06:46', 1, '2017-02-19 01:06:53', 1),
(532, 'Leroy', 'Lita', 'Leroy', 'Lita', 'Leroy', NULL, NULL, NULL, '1984-12-28', NULL, 11, 4, 13, 62, NULL, 1, 0, '2017-02-19 01:07:44', 1, '2017-02-19 01:07:50', 1),
(533, 'วิศรุต', 'ไวงาน', 'วิศรุต', 'ไวงาน', 'วิศรุต', NULL, NULL, NULL, NULL, NULL, 19, 2, 13, 189, NULL, 1, 0, '2017-02-19 01:08:49', 1, '2017-02-19 01:08:58', 1),
(534, 'วานิช', 'ใจแสน', 'Wanit', 'Chaisan', 'วานิช', NULL, NULL, NULL, '1992-07-25', NULL, 39, 4, 13, 189, NULL, 1, 0, '2017-02-19 01:10:30', 1, '2017-02-19 01:10:54', 1),
(535, 'วรุตน์', 'สัพโส', 'Warut', 'Supphaso', 'วรุตน์', NULL, NULL, NULL, '1986-01-02', NULL, 40, 3, 13, 189, NULL, 1, 0, '2017-02-19 01:11:45', 1, '2017-02-19 01:11:50', 1),
(536, 'ยุทธนา', 'จงนอก', 'Yutthana', 'Jongnork', 'ยุทธนา จ', NULL, NULL, NULL, NULL, NULL, 6, 2, 13, 189, NULL, 1, 0, '2017-02-19 01:13:46', 1, '2017-02-19 01:13:53', 1),
(537, 'สุริยกานต์', 'ฉิมจีน', 'Suriyakarn', 'Chimjeen', 'สุริยกานต์', NULL, NULL, NULL, '1985-02-12', NULL, 7, 3, 13, 189, NULL, 1, 0, '2017-02-19 01:15:41', 1, '2017-02-19 01:15:48', 1),
(538, 'กิตติพงษ์', 'วงมา', 'Kittipong', 'Wongma', 'กิตติพงษ์', NULL, NULL, NULL, NULL, NULL, 14, 4, 13, 189, NULL, 1, 0, '2017-02-19 01:17:30', 1, '2017-02-19 01:18:11', 1),
(539, 'ภูมินิวัฒน์', 'ทุหา', 'Phumniwat', 'Thuha', 'ภูมินิวัฒน์', NULL, NULL, NULL, NULL, NULL, 22, 1, 13, 189, NULL, 1, 0, '2017-02-19 01:19:04', 1, '2017-02-19 01:19:12', 1),
(540, 'ชลิตพงศ์', 'จันทกล', 'Chalitpong', 'Jantakul', 'ชลิตพงศ์', NULL, NULL, NULL, NULL, NULL, 35, 2, 13, 189, NULL, 1, 0, '2017-02-19 01:19:47', 1, '2017-02-19 01:19:59', 1),
(541, 'Tiago', 'Oliveira de Souza', 'Tiago', 'Oliveira de Souza', 'Tiago', NULL, NULL, NULL, '1988-02-05', NULL, 7, 4, 17, 28, NULL, 1, 0, '2017-02-19 01:22:14', 1, '2017-03-09 11:54:55', 1),
(542, 'Bajram', 'Nebihi', 'Bajram', 'Nebihi', 'Bajram', NULL, NULL, NULL, '1988-08-05', 'images/player/1-1000/542.jpg', 8, 3, 17, 74, NULL, 1, 0, '2017-02-19 01:24:35', 1, '2017-03-09 11:54:54', 1),
(543, 'จอนาตา', 'แวร์ซูรา', 'Jornata', 'Waresura', 'จอนาตา', NULL, NULL, NULL, '1992-05-27', NULL, 17, 3, 17, 189, NULL, 1, 0, '2017-02-19 01:25:55', 1, '2017-03-09 11:54:55', 1),
(544, 'อภิโชติ', 'เวกอรุณ', 'Aphichot', 'Wekarun', 'อภิโชติ', NULL, NULL, NULL, NULL, NULL, 18, 3, 17, 189, NULL, 1, 0, '2017-02-19 01:28:43', 1, '2017-03-09 11:54:56', 1),
(545, 'สุจินดา บิลลี่', 'แดงวัน', 'Sujinda Billy', 'Dangvan', 'สุจินดา', NULL, NULL, NULL, '1991-10-20', NULL, 23, 3, 17, 189, NULL, 1, 0, '2017-02-19 01:30:36', 1, '2017-03-09 11:54:55', 1),
(546, 'สิทธิกร', 'กล่ำใส', 'Sitthikorn', 'Klamsai', 'สิทธิกร', NULL, NULL, NULL, '1996-07-24', NULL, 24, 1, 17, 189, NULL, 1, 0, '2017-02-19 01:31:29', 1, '2017-03-09 11:54:55', 1),
(547, 'Marcelo Rodrigo', 'Xavier', 'Marcelo Rodrigo', 'Xavier', 'Xavier', NULL, NULL, NULL, '1988-02-19', NULL, 3, 2, 10, 28, NULL, 1, 0, '2017-02-19 09:45:13', 1, '2017-03-09 12:00:35', 1),
(548, 'Gilson César', 'Santos Alves', 'Gilson César', 'Santos Alves', 'Gilson', NULL, NULL, NULL, '1990-01-23', NULL, 5, 3, 10, 28, NULL, 1, 0, '2017-02-19 09:46:09', 1, '2017-03-09 12:00:35', 1),
(549, 'Diego', 'Madrigal Ulloa', 'Diego', 'Madrigal Ulloa', 'Madrigal', NULL, NULL, NULL, '1989-03-19', NULL, 8, 3, 10, 49, NULL, 1, 0, '2017-02-19 09:47:20', 1, '2017-03-09 12:00:35', 1),
(550, 'ชนานันท์', 'ป้อมบุบผา', 'ชนานันท์', 'ป้อมบุบผา', 'ชนานันท์', NULL, NULL, NULL, '1992-03-17', NULL, 10, 4, 10, 189, NULL, 1, 0, '2017-02-19 09:49:34', 1, '2017-03-09 12:00:35', 1),
(551, 'ชิตชนก', 'ไชยแสนสุรินทร์', 'Chitchanok', 'Xaysensourinthone', 'ชิตชนก', NULL, NULL, NULL, '1994-08-23', NULL, 20, 3, 10, 189, NULL, 1, 0, '2017-02-19 09:51:14', 1, '2017-03-09 12:00:35', 1),
(552, 'Nicolás Leandro', 'Vélez', 'Nicolás Leandro', 'Vélez', 'N. Vélez', NULL, NULL, NULL, '1990-07-04', NULL, 34, 4, 10, 9, NULL, 1, 0, '2017-02-19 09:53:34', 1, '2017-03-09 12:00:35', 1),
(553, 'อดิศักดิ์', 'บุญทวี', 'Adisak', 'Bunthawi', 'อดิศักดิ์', NULL, NULL, NULL, '1993-09-04', NULL, 35, 1, 10, 189, NULL, 1, 0, '2017-02-19 09:54:28', 1, '2017-03-09 12:00:36', 1),
(554, 'เจตน์จิณณ์', 'ศรีปราชญ์', 'Jetjinn', 'Sriprach', 'เจตน์จิณณ์', NULL, NULL, NULL, NULL, NULL, 15, 2, 16, 189, NULL, 1, 0, '2017-02-19 09:56:54', 1, '2017-02-19 09:56:59', 1),
(555, 'เกรียงไกร', 'ชาสังข์', 'Kriangkrai', 'Chasang', 'เกรียงไกร', NULL, NULL, NULL, '1988-01-25', NULL, 4, 2, 16, 189, NULL, 1, 0, '2017-02-19 09:58:16', 1, '2017-02-19 09:58:23', 1),
(556, 'Tatsuro', 'Inui', 'Tatsuro', 'Inui', 'Inui', NULL, NULL, NULL, '1990-01-30', NULL, 17, 3, 16, 189, NULL, 1, 0, '2017-02-19 09:59:17', 1, '2017-02-19 09:59:22', 1),
(557, 'สิทธิโชค', 'กันหนู', 'Sittichok', 'Kannoo', 'สิทธิโชค', NULL, NULL, NULL, '1996-08-09', NULL, 23, 4, 16, 189, NULL, 1, 0, '2017-02-19 10:00:49', 1, '2017-02-19 10:00:58', 1),
(558, 'Diego', 'Assis Figueiredo', 'Diego', 'Assis Figueiredo', 'Assis', NULL, NULL, NULL, '1987-09-14', NULL, 25, 4, 16, 28, NULL, 1, 0, '2017-02-19 10:01:43', 1, '2017-02-19 10:01:51', 1),
(559, 'เดชา', 'สอาดโฉม', 'Decha', 'Sa-ardchom', 'เดชา', NULL, NULL, NULL, '1986-08-13', NULL, 40, 3, 16, 189, NULL, 1, 0, '2017-02-19 10:03:14', 1, '2017-02-19 10:03:22', 1),
(560, 'Admir', 'Adrović', 'Admir', 'Adrović', 'Adrović', NULL, NULL, NULL, '1988-05-08', NULL, 9, 4, 8, 126, NULL, 1, 0, '2017-02-19 17:15:27', 1, '2017-02-19 17:15:40', 1),
(561, 'ก้องนธีชัย', 'บุญมา', 'Kongnateechai', 'Boonma', 'ก้องนธีชัย', NULL, NULL, NULL, '1987-03-07', NULL, 17, 3, 8, 189, NULL, 1, 0, '2017-02-19 17:17:09', 1, '2017-02-19 17:17:15', 1),
(562, 'วัชรพล', 'ช่างกลึงเหมาะ', 'Watcharapon', 'Changklungmor', 'วัชรพล', NULL, NULL, NULL, '1988-06-30', NULL, 6, 2, 8, 189, NULL, 1, 0, '2017-02-19 17:19:14', 1, '2017-02-19 17:19:20', 1),
(563, 'สุชิน', 'เย็นอารมณ์', 'Suchin', 'Yen-Arrom', 'สุชิน', NULL, NULL, NULL, '1991-02-21', NULL, 18, 1, 8, 189, NULL, 1, 0, '2017-02-19 17:20:49', 1, '2017-02-19 17:20:54', 1),
(564, 'คัพฟ้า', 'บุญมาตุ่น', 'Kabfah', 'Boonmatoon', 'คัพฟ้า', NULL, NULL, NULL, '1987-03-12', NULL, 24, 3, 8, 189, NULL, 1, 0, '2017-02-19 17:21:42', 1, '2017-02-19 17:22:51', 1),
(565, 'พิชิตย์', 'ใจบุญ', 'Pichit', 'Jaiboon', 'พิชิตย์', NULL, NULL, NULL, '1986-07-11', NULL, 28, 3, 8, 189, NULL, 1, 0, '2017-02-19 17:23:36', 1, '2017-02-19 17:23:41', 1),
(566, 'วีรศักดิ์', 'กายสิทธิ์', 'Weerasak', 'Gayasit', 'วีรศักดิ์', NULL, NULL, NULL, '1994-03-04', NULL, 37, 3, 8, 189, NULL, 1, 0, '2017-02-19 17:24:30', 1, '2017-02-19 17:24:37', 1),
(567, 'เอกณัฏฐ์', 'คงเกตุ', 'Eakkanut', 'Kongket', 'เอกณัฏฐ์', NULL, NULL, NULL, NULL, NULL, 5, 2, 11, 189, NULL, 1, 0, '2017-02-19 21:40:18', 1, '2017-03-09 11:39:23', 1),
(568, 'Krste', 'Velkoski', 'Krste', 'Velkoski', 'Velkoski', NULL, NULL, NULL, '1988-02-20', NULL, 28, 4, 11, 114, NULL, 1, 0, '2017-02-19 21:42:43', 1, '2017-03-09 11:39:22', 1),
(569, 'พีระพงษ์', 'เรือนนินทร์', 'พีระพงษ์', 'เรือนนินทร์', 'พีระพงษ์', NULL, NULL, NULL, '1995-09-14', NULL, 30, 1, 11, 189, NULL, 1, 0, '2017-02-19 21:45:07', 1, '2017-03-09 11:39:23', 1),
(570, 'วราดร', 'อุ่นอาจ', 'Waradorn', 'Uun-ard', 'วราดร', NULL, NULL, NULL, NULL, NULL, 39, 2, 11, 189, NULL, 1, 0, '2017-02-19 21:46:37', 1, '2017-03-09 11:39:23', 1),
(571, 'กีรติ', 'เขียวสมบัติ', 'Kirati', 'Keawsombut', 'กีรติ', NULL, NULL, NULL, '1987-01-12', NULL, 99, 4, 11, 189, NULL, 1, 0, '2017-02-19 21:47:31', 1, '2017-03-09 11:39:22', 1),
(572, 'Rafael', 'Coelho Luiz', 'Rafael', 'Coelho Luiz', 'Coelho', NULL, NULL, NULL, '1988-05-20', NULL, 9, 4, 7, 185, NULL, 1, 0, '2017-02-20 21:38:17', 1, '2017-03-09 14:04:59', 1),
(573, 'Vander Luiz', 'Silva Souza', 'Vander Luiz', 'Silva Souza', 'Vander', NULL, NULL, NULL, '1990-04-17', NULL, 10, 3, 7, 28, NULL, 1, 0, '2017-02-20 21:39:19', 1, '2017-03-09 14:05:00', 1),
(574, 'Felipe', 'Azevedo dos Santos', 'Felipe', 'Azevedo dos Santos', 'Felipe', NULL, NULL, NULL, '1987-01-10', NULL, 11, 4, 7, 28, NULL, 1, 0, '2017-02-20 21:40:11', 1, '2017-03-09 14:05:00', 1),
(575, 'Everton', 'Goncalves Saturnino', 'Everton', 'Goncalves Saturnino', 'Everton', NULL, NULL, NULL, '1990-02-05', NULL, 28, 2, 7, 28, NULL, 1, 0, '2017-02-20 21:41:39', 1, '2017-03-09 14:05:00', 1),
(576, 'Henrique', 'Andrade Silva', 'Henrique', 'Andrade Silva', 'Henrique', NULL, NULL, NULL, '1985-05-09', NULL, 15, 4, 7, 12, NULL, 1, 0, '2017-02-20 21:44:15', 1, '2017-03-09 14:05:00', 1),
(577, 'นนท์', 'ม่วงงาม', 'Nont', 'Muangngam', 'นนท์', NULL, NULL, NULL, '1997-04-20', NULL, 20, 1, 7, 189, NULL, 1, 0, '2017-02-20 21:48:01', 1, '2017-03-09 14:05:00', 1),
(578, 'ทศวรรษ', 'ลิ้มวรรณเสถียร', 'Todsawat', 'Limwanasthian', 'ทศวรรษ', NULL, NULL, NULL, '1993-05-17', NULL, 38, 3, 7, 189, NULL, 1, 0, '2017-02-20 21:49:49', 1, '2017-03-09 14:05:00', 1),
(579, 'Lyuben', 'Nikolov', 'Lyuben', 'Nikolov', 'Nikolov', NULL, NULL, NULL, '1985-09-08', NULL, 5, 2, 14, 31, NULL, 1, 0, '2017-02-20 21:52:49', 1, '2017-03-09 11:30:14', 1),
(580, 'โชคลาภ', 'นิลแสง', 'Choklap', 'Nilsang', 'โชคลาภ', NULL, NULL, NULL, '1987-06-12', NULL, 19, 4, 14, 189, NULL, 1, 0, '2017-02-20 22:00:46', 1, '2017-03-09 11:30:15', 1),
(581, 'สุรเดช', 'สีจันทองทิพย์', 'Suradej', 'Srijanthongthip', 'สุรเดช', NULL, NULL, NULL, NULL, NULL, 21, 2, 14, 189, NULL, 1, 0, '2017-02-20 22:02:46', 1, '2017-03-09 11:30:15', 1),
(582, 'Keon-Pil', 'Lee', 'Keon-Pil', 'Lee', 'Keon-Pil', NULL, NULL, NULL, NULL, NULL, 33, 3, 14, 176, NULL, 1, 0, '2017-02-20 22:03:37', 1, '2017-03-09 11:30:14', 1),
(583, 'คริสต์มาส', 'สมเป็น', 'Christmas', 'Sompen', 'คริสต์มาส', NULL, NULL, NULL, NULL, NULL, 3, 2, 14, 189, NULL, 1, 0, '2017-02-20 22:04:29', 1, '2017-03-09 11:30:15', 1),
(584, 'วศิน', 'ทองสง', 'Wasin', 'Thongsong', 'วศิน', NULL, NULL, NULL, NULL, NULL, 39, 3, 14, 189, NULL, 1, 0, '2017-02-20 22:05:44', 1, '2017-03-09 11:30:15', 1),
(585, 'จิระเดช', 'แสงสง่า', 'Jiradech', 'Sangsa-nga', 'จิระเดช', NULL, NULL, NULL, NULL, NULL, 77, 2, 14, 189, NULL, 1, 0, '2017-02-20 22:06:50', 1, '2017-03-09 11:30:15', 1),
(586, 'Guilherme', 'Rodrigues Moreira', 'Guilherme', 'Rodrigues Moreira', 'Moreira', NULL, NULL, NULL, '1987-04-11', NULL, 80, 3, 14, 28, NULL, 1, 0, '2017-02-20 22:07:47', 1, '2017-03-09 11:30:14', 1),
(587, 'ธีรกร', 'สุนทรเวช', 'Theerakorn', 'Suntoravet', 'ธีรกร', NULL, NULL, NULL, NULL, NULL, 89, 2, 14, 189, NULL, 1, 0, '2017-02-20 22:08:41', 1, '2017-03-09 11:30:15', 1),
(588, 'ธนพล', 'อุดมลาภ', 'Tanapol', 'Udomlap', 'ธนพล', NULL, NULL, NULL, NULL, NULL, 99, 2, 14, 189, NULL, 1, 0, '2017-02-20 22:09:50', 1, '2017-03-09 11:30:15', 1),
(589, 'Dong-Chan', 'Kim', 'Dong-Chan', 'Kim', 'Dong-Chan', NULL, NULL, NULL, '1986-04-19', NULL, 10, 3, 9, 176, NULL, 1, 0, '2017-02-21 21:24:05', 1, '2017-03-09 13:53:42', 1),
(590, 'วีระวุฒิ', 'กาเหย็ม', 'Weerawut', 'Kayem', 'วีระวุฒิ', NULL, NULL, NULL, '1992-03-23', NULL, 11, 2, 9, 189, NULL, 1, 0, '2017-02-21 21:25:22', 1, '2017-03-09 13:53:42', 1),
(591, 'ธฤติ', 'โนนศรีชัย', 'Thritthi', 'Nonsrichai', 'ธฤติ', NULL, NULL, NULL, '1983-03-13', NULL, 2, 2, 9, 189, NULL, 1, 0, '2017-02-21 21:27:16', 1, '2017-03-09 13:53:42', 1),
(592, 'อิทธิกร', 'การสร้าง', 'Ittikorn', 'Kansrang', 'อิทธิกร', NULL, NULL, NULL, '1995-03-12', NULL, 13, 1, 9, 189, NULL, 1, 0, '2017-02-21 21:28:32', 1, '2017-03-09 13:53:42', 1),
(593, 'ธรรมรัตน์', 'แว่นมณี', 'Thammarat', 'Wanmanee', 'ธรรมรัตน์', NULL, NULL, NULL, NULL, NULL, 15, 2, 9, 189, NULL, 1, 0, '2017-02-21 21:29:30', 1, '2017-03-09 13:53:42', 1),
(594, 'อิสริยะ', 'มารมย์', 'Isariya', 'Marom', 'อิสริยะ', NULL, NULL, NULL, NULL, NULL, 40, 2, 9, 189, NULL, 1, 0, '2017-02-21 21:30:52', 1, '2017-03-09 13:53:42', 1),
(595, 'Won-Young', 'Lee', 'Won-Young', 'Lee', 'Won-Young', NULL, NULL, NULL, '1981-03-13', NULL, 3, 2, 12, 176, NULL, 1, 0, '2017-02-21 21:33:07', 1, '2017-03-09 11:45:18', 1);
INSERT INTO `player` (`id`, `name_th`, `surname_th`, `name_en`, `surname_en`, `called_name_th`, `called_name_en`, `called_name_th_full`, `called_name_en_full`, `birthdate`, `image`, `current_shirt_no`, `player_position_id`, `current_club_id`, `nation_id`, `description`, `status`, `deleted`, `created_date`, `created_by`, `modified_date`, `modified_by`) VALUES
(596, 'Wellington', 'Cirino Priori', 'Wellington', 'Cirino Priori', 'Wellington', NULL, NULL, NULL, '1990-02-21', NULL, 6, 3, 12, 28, NULL, 1, 0, '2017-02-21 21:34:48', 1, '2017-03-09 11:45:18', 1),
(597, 'Tae-Yeon', 'Kim', 'Tae-Yeon', 'Kim', 'Tae-Yeon', NULL, NULL, NULL, '1988-06-27', NULL, 14, 3, 12, 176, NULL, 1, 0, '2017-02-21 21:37:37', 1, '2017-03-09 11:45:18', 1),
(598, 'Miloš', 'Stojanović', 'Miloš', 'Stojanović', 'Stojanović', NULL, NULL, NULL, '1984-12-25', NULL, 18, 4, 12, 167, NULL, 1, 0, '2017-02-21 21:39:03', 1, '2017-03-09 11:45:18', 1),
(599, 'อนุวัฒน์', 'อินยิน', 'Anuwat', 'Inyin', 'อนุวัฒน์', NULL, NULL, NULL, '1985-02-17', NULL, 19, 3, 12, 189, NULL, 1, 0, '2017-02-21 21:40:34', 1, '2017-03-09 11:45:18', 1),
(600, 'จักพัน', 'ไพรสุวรรณ', 'Jakkaphan', 'Praisuwan', 'จักพัน', NULL, NULL, NULL, NULL, NULL, 27, 2, 12, 189, NULL, 1, 0, '2017-02-21 21:42:23', 1, '2017-03-09 11:45:18', 1),
(601, 'นิธิโรจน์', 'โสขุมา', 'Nithirot', 'Sokuma', 'นิธิโรจน์', NULL, NULL, NULL, NULL, NULL, 32, 2, 12, 189, NULL, 1, 0, '2017-02-21 21:43:04', 1, '2017-03-09 11:45:18', 1),
(602, 'สถาพร', 'แดงสี', 'Sathaporn', 'Dangsri', 'สถาพร', NULL, NULL, NULL, '1988-05-13', NULL, 23, 2, 2, 189, NULL, 1, 0, '2017-02-21 22:00:53', 1, '2017-03-09 14:02:51', 1),
(603, 'ภานุวัฒน์', 'ไฟไหล', 'Panuwat', 'Failai', 'ภานุวัฒน์', NULL, NULL, NULL, '1986-03-15', NULL, 5, 2, 15, 189, NULL, 1, 0, '2017-02-21 22:02:10', 1, '2017-03-09 11:52:23', 1),
(604, 'อนุวัฒน์', 'ศรชัย', 'Anuwat', 'Sonchai', 'อนุวัฒน์', NULL, NULL, NULL, NULL, NULL, 8, 3, 15, 189, NULL, 1, 0, '2017-02-21 22:04:46', 1, '2017-03-09 11:52:23', 1),
(605, 'กฤษกร', 'เกิดผล', 'Kritsakorn', 'Kerdphon', 'กฤษกร', NULL, NULL, NULL, '1985-01-27', NULL, 28, 1, 15, 189, NULL, 1, 0, '2017-02-21 22:06:24', 1, '2017-03-09 11:52:22', 1),
(606, 'เกรียงไกร', 'พิมพ์รัตน์', 'Kriangkrai', 'Pimrat', 'เกรียงไกร', NULL, NULL, NULL, '1987-02-20', NULL, 29, 3, 15, 189, NULL, 1, 0, '2017-02-21 22:07:44', 1, '2017-03-09 11:52:23', 1),
(607, 'สามารถ', 'เพชรหนู', 'Samart', 'Phetnoo', 'สามารถ', NULL, NULL, NULL, '1982-08-18', NULL, 36, 2, 14, 189, NULL, 1, 0, '2017-02-22 09:45:20', 1, '2017-03-09 11:30:15', 1),
(608, 'ฟาหริด', 'หมาดโสะ', 'Farid', 'Madsoh', 'ฟาหริด', NULL, NULL, NULL, NULL, NULL, 4, 3, 14, 189, NULL, 1, 0, '2017-02-22 09:53:40', 1, '2017-03-09 11:30:15', 1),
(609, 'กิตติภพ', 'อุปชาคำ', 'Kittiphop', 'Upachakam', 'กิตติภพ', NULL, NULL, NULL, NULL, NULL, 7, 3, 14, 189, NULL, 1, 0, '2017-02-22 09:54:34', 1, '2017-03-09 11:30:14', 1),
(610, 'ธัชนนท์', 'นคราวงศ์', 'Tatchanon', 'Nakarawong', 'ธัชนนท์', NULL, NULL, NULL, '1996-09-18', NULL, 39, 3, 18, 189, NULL, 1, 0, '2017-02-25 09:54:49', 1, '2017-02-25 09:56:03', 1),
(611, 'ศุภกิจ', 'เนียมคง', 'Suphakij', 'Niamkong', 'ศุภกิจ', NULL, NULL, NULL, '1988-01-09', NULL, 11, 4, 11, 189, NULL, 1, 0, '2017-02-25 10:32:14', 1, '2017-03-09 11:39:23', 1),
(612, 'ฤทธิพร', 'หวานชื่น', 'Rittiporn', 'Whanchuen', 'ฤทธิพร', NULL, NULL, NULL, NULL, NULL, 16, 2, 9, 189, NULL, 1, 0, '2017-02-25 10:34:01', 1, '2017-03-09 13:53:42', 1),
(613, 'Vinícius', 'Silva Soares', 'Vinícius', 'Silva Soares', 'Tartá', NULL, NULL, NULL, '1989-04-13', NULL, 23, 3, 9, 28, NULL, 1, 0, '2017-02-25 10:35:12', 1, '2017-03-09 13:53:42', 1),
(614, 'Mariano', 'Berriex', 'Mariano', 'Berriex', 'Berriex', NULL, NULL, NULL, '1989-04-29', NULL, 20, 3, 17, 9, NULL, 1, 0, '2017-02-25 10:48:43', 1, '2017-03-09 11:54:54', 1),
(615, 'กัณฑ์สิทธิ์', 'เปรมธนากุล', 'Kansit', 'Premthanakul', 'กัณฑ์สิทธิ์', NULL, NULL, NULL, NULL, NULL, 26, 4, 17, 189, NULL, 1, 0, '2017-02-25 10:49:26', 1, '2017-03-09 11:54:55', 1),
(616, 'ภัทรวีร์', 'ชายสุทธิ์', 'Phattharavee', 'Chaisut', 'ภัทรวีร์', NULL, NULL, NULL, NULL, NULL, 20, 3, 12, 189, NULL, 1, 0, '2017-02-25 12:22:08', 1, '2017-03-09 11:45:18', 1),
(617, 'Renan', 'Augustinho Marques', 'Renan', 'Augustinho Marques', 'Marques', NULL, NULL, NULL, '1983-03-08', NULL, 14, 4, 5, 28, NULL, 1, 0, '2017-02-25 12:24:14', 1, '2017-02-25 12:24:25', 1),
(618, 'นัสตพล', 'มาลาพันธ์', 'Nattaphon', 'Malaphan', 'นัสตพล', NULL, NULL, NULL, '1994-01-10', NULL, 27, 2, 5, 189, NULL, 1, 0, '2017-02-25 12:26:03', 1, '2017-02-25 12:26:10', 1),
(619, 'ณัฏฐยศ', 'พลเยี่ยม', 'Nattayot', 'Polyiam', 'ณัฏฐยศ', NULL, NULL, NULL, NULL, NULL, 48, 3, 5, 189, NULL, 1, 0, '2017-02-25 12:27:06', 1, '2017-02-25 12:27:11', 1),
(620, 'Seung-Hwan', 'Bang', 'Seung-Hwan', 'Bang', 'Bang', NULL, NULL, NULL, '1983-02-25', NULL, 99, 3, 15, 176, NULL, 1, 0, '2017-02-26 00:17:58', 1, '2017-03-09 11:52:22', 1),
(621, 'Isaka Aongor', 'Cernak-Okanya', 'Isaka Aongor', 'Cernak-Okanya', 'Isaka', NULL, NULL, NULL, '1989-04-09', NULL, 32, 3, 13, 12, NULL, 1, 0, '2017-02-26 09:17:06', 1, '2017-02-26 09:17:14', 1),
(622, 'อำไพ', 'มุธาพร', 'Ampai', 'Mutaporn', 'อำไพ', NULL, NULL, NULL, '1985-01-16', NULL, 8, 3, 13, 189, NULL, 1, 0, '2017-02-26 09:18:36', 1, '2017-02-26 09:18:44', 1),
(623, 'เสมอภาค', 'ศรีนนท์', 'Samerpark', 'Srinont', 'เสมอภาค', NULL, NULL, NULL, NULL, NULL, 27, 2, 13, 189, NULL, 1, 0, '2017-02-26 09:19:21', 1, '2017-02-26 09:20:18', 1),
(624, 'นพรัตน์', 'สกุลอ๊อด', 'Nopparat', 'Sakul-oad', 'นพรัตน์', NULL, NULL, NULL, NULL, NULL, 6, 2, 16, 189, NULL, 1, 0, '2017-02-26 18:22:10', 1, '2017-02-26 18:24:02', 1),
(625, 'พิเศษสุทธิ์', 'อิสระวงศ์', 'Pisetsut', 'Issarawong', 'พิเศษสุทธิ์', NULL, NULL, NULL, '1993-08-14', NULL, 2, 2, 16, 189, NULL, 1, 0, '2017-02-26 18:26:25', 1, '2017-02-26 18:26:31', 1),
(626, 'จักรกฤษณ์', 'เวชภิรมย์', 'Jakkrit', 'Vechpirom', 'จักรกฤษณ์', NULL, NULL, NULL, '1997-01-26', NULL, 28, 3, 2, 189, NULL, 1, 0, '2017-02-26 18:29:10', 1, '2017-03-09 14:02:50', 1),
(627, 'ภาณุเดช', 'ใหม่วงค์', 'Panudech', 'Maiwong', 'ภาณุเดช', NULL, NULL, NULL, '1996-01-13', NULL, 38, 3, 5, 189, NULL, 1, 0, '2017-03-01 09:47:23', 1, '2017-03-01 09:47:30', 1),
(628, 'สุรเชษฐ์', 'งามทิพย์', 'Surachet', 'Ngamtip', 'สุรเชษฐ์', NULL, NULL, NULL, '1991-01-01', NULL, 77, 2, 12, 189, NULL, 1, 0, '2017-03-01 10:58:31', 1, '2017-03-09 11:45:18', 1),
(629, 'ภาคภูมิ', 'ศรีชัย', 'Pakphoom', 'Srichai', 'ภาคภูมิ', NULL, NULL, NULL, NULL, NULL, 28, 4, 12, 189, NULL, 1, 0, '2017-03-01 10:59:43', 1, '2017-03-09 11:45:18', 1),
(630, 'อุกฤต', 'เทียมเลิศ', 'Ukrit', 'Thiamlert', 'อุกฤต', NULL, NULL, NULL, NULL, NULL, 36, 2, 12, 189, NULL, 1, 0, '2017-03-01 11:00:31', 1, '2017-03-09 11:45:19', 1),
(631, 'เอกลาภ', 'หาญพานิชกิจ', 'Ekkalarp', 'Hanpanichkij', 'เอกลาภ', NULL, NULL, NULL, NULL, NULL, 42, 3, 10, 189, NULL, 1, 0, '2017-03-02 09:54:02', 1, '2017-03-09 12:00:36', 1),
(632, 'ธีรพงศ์', 'พุทธสุขา', 'Teerapong', 'Putthasuka', 'ธีรพงศ์', NULL, NULL, NULL, '1987-02-11', NULL, 45, 1, 17, 189, NULL, 1, 0, '2017-03-02 09:59:30', 1, '2017-03-09 11:54:55', 1),
(633, 'ชัยพัฒน์', 'เชื่อมศรีจันทร์', 'Chaipat', 'Chueamsrijan', 'ชัยพัฒน์', NULL, NULL, NULL, '1998-02-23', NULL, 12, 3, 8, 189, NULL, 1, 0, '2017-03-02 10:36:52', 1, '2017-03-02 10:37:02', 1),
(634, 'สัจจา', 'แสงสุวรรณ', 'Satja', 'Sangsuwan', 'สัจจา', NULL, NULL, NULL, NULL, NULL, 30, 2, 9, 189, NULL, 1, 0, '2017-03-02 11:26:37', 1, '2017-03-09 13:53:42', 1),
(635, 'อนุศิษฏ์', 'เติมมี', 'Anusit', 'Termmee', 'อนุศิษฏ์', NULL, NULL, NULL, '1995-01-19', NULL, 25, 1, 2, 189, NULL, 1, 0, '2017-03-02 12:02:44', 1, '2017-03-09 14:02:51', 1),
(636, 'Yohan', 'Tavares', 'Yohan', 'Tavares', 'Yohan', NULL, NULL, NULL, '1988-03-02', NULL, 32, 2, 2, 151, NULL, 1, 0, '2017-03-02 12:03:39', 1, '2017-03-09 14:02:50', 1),
(637, 'Josimar', 'Rodrigues Souza Roberto', 'Josimar', 'Rodrigues Souza Roberto', 'Josimar', NULL, NULL, NULL, '1987-08-16', NULL, 30, 4, 18, 28, NULL, 1, 0, '2017-03-02 12:06:01', 1, '2017-03-02 12:06:07', 1),
(639, 'ปุณณภพ', 'นามอนุ', 'ปุณณภพ', 'นามอนุ', 'ปุณณภพ', NULL, NULL, NULL, NULL, NULL, 21, 4, 15, 189, NULL, 1, 0, '2017-03-05 22:45:13', 1, '2017-03-09 11:52:22', 1),
(640, 'Rogerio', 'De Assis Silva Coutinho', 'Rogerio', 'De Assis Silva Coutinho', 'Coutinho', NULL, NULL, NULL, '1987-03-20', NULL, 20, 4, 4, 28, NULL, 1, 0, '2017-03-05 23:02:07', 1, '2017-03-09 11:37:01', 1),
(641, 'กิตติศักดิ์', 'บุญถา', 'กิตติศักดิ์', 'บุญถา', 'กิตติศักดิ์', NULL, NULL, NULL, NULL, NULL, 18, 3, 14, 189, NULL, 1, 0, '2017-03-06 21:43:41', 1, '2017-03-09 11:30:14', 1),
(642, 'ทศพร', 'ชูชิน', 'ทศพร', 'ชูชิน', 'ทศพร', NULL, NULL, NULL, NULL, NULL, 22, 2, 14, 189, NULL, 1, 0, '2017-03-06 21:44:23', 1, '2017-03-09 11:30:15', 1),
(643, 'เอกภพ', 'สนิทวงษ์', 'เอกภพ', 'สนิทวงษ์', 'เอกภพ', NULL, NULL, NULL, NULL, NULL, 13, 2, 14, 189, NULL, 1, 0, '2017-03-06 21:45:19', 1, '2017-03-09 11:30:15', 1),
(644, 'นลธวัช', 'รักอก', 'นลธวัช', 'รักอก', 'นลธวัช', NULL, NULL, NULL, NULL, NULL, 25, 4, 14, 189, NULL, 1, 0, '2017-03-06 21:45:59', 1, '2017-03-09 11:30:15', 1),
(645, 'สุริยา', 'อาหาสิเม', 'สุริยา', 'อาหาสิเม', 'สุริยา', NULL, NULL, NULL, NULL, NULL, 16, 1, 6, 189, NULL, 1, 0, '2017-03-06 22:06:36', 1, '2017-03-06 22:06:43', 1),
(646, 'อนุรักษ์', 'วงศ์นารี', 'อนุรักษ์', 'วงศ์นารี', 'อนุรักษ์', NULL, NULL, NULL, NULL, NULL, 38, 2, 6, 189, NULL, 1, 0, '2017-03-06 22:07:07', 1, '2017-03-06 22:07:11', 1),
(647, 'วิศรุต', 'อิมอุระ', 'Wisarut', 'Imura', 'วิศรุต', NULL, NULL, NULL, '1997-10-18', NULL, 37, 3, 2, 189, NULL, 1, 0, '2017-03-07 11:53:04', 1, '2017-03-09 14:02:51', 1),
(648, 'อดิศักดิ์', 'กลิ่นโกสุมภ์', 'Adisak', 'Klinkosum', 'อดิศักดิ์', NULL, NULL, NULL, '1992-08-18', NULL, 34, 3, 6, 189, NULL, 1, 0, '2017-03-09 13:28:12', 1, '2017-03-09 13:28:19', 1),
(649, 'นิรันดร์', 'มีมาก', 'นิรันดร์', 'มีมาก', 'นิรันดร์', NULL, NULL, NULL, NULL, NULL, 33, 2, 18, 189, NULL, 1, 0, '2017-03-12 00:35:17', 1, '2017-03-12 00:35:31', 1),
(650, 'เจษฎากร', 'ขาวงาม', 'เจษฎากร', 'ขาวงาม', 'เจษฎากร', NULL, NULL, NULL, NULL, NULL, 36, 3, 2, 189, NULL, 1, 0, '2017-03-12 10:21:41', 1, '2017-03-12 10:22:14', 1),
(651, 'กิตตินันท์', 'บุญยิ่ง', 'กิตตินันท์', 'บุญยิ่ง', 'กิตตินันท์', NULL, NULL, NULL, NULL, NULL, 46, 3, 2, 189, NULL, 1, 0, '2017-03-12 10:21:59', 1, '2017-03-12 10:22:20', 1),
(652, 'อนุวัตน์', 'เพียรแก้ว', 'อนุวัตน์', 'เพียรแก้ว', 'อนุวัตน์', NULL, NULL, NULL, NULL, NULL, 35, 3, 1, 189, NULL, 1, 0, '2017-03-12 10:57:51', 1, '2017-03-12 11:34:23', 1),
(653, 'เควิน', 'ดีรมรัมย์', 'Kevin', 'Deeromram', 'ดีรมรัมย์', NULL, NULL, NULL, '1997-09-11', NULL, 23, 2, 6, 189, NULL, 1, 0, '2017-03-13 09:41:00', 1, '2017-03-13 09:41:10', 1),
(654, 'สันติภาพ', 'บุญเกลี้ยง', 'สันติภาพ', 'บุญเกลี้ยง', 'สันติภาพ', NULL, NULL, NULL, NULL, NULL, 49, 1, 6, 189, NULL, 1, 0, '2017-03-13 09:42:45', 1, '2017-03-13 09:42:52', 1),
(655, 'อาทิตย์', 'การสังเวชน์', 'อาทิตย์', 'การสังเวชน์', 'อาทิตย์', NULL, NULL, NULL, NULL, NULL, 46, 2, 5, 189, NULL, 1, 0, '2017-04-04 10:06:16', 1, '2017-04-04 10:06:42', 1),
(656, 'กานต์', 'จรเทศ', 'กานต์', 'จรเทศ', 'กานต์', NULL, NULL, NULL, NULL, NULL, 47, 3, 5, 189, NULL, 1, 0, '2017-04-04 10:06:33', 1, '2017-04-04 10:06:47', 1),
(657, 'รามณรงค์', 'ยอดจันทร์', 'รามณรงค์', 'ยอดจันทร์', 'รามณรงค์', NULL, NULL, NULL, NULL, NULL, 44, 3, 14, 189, NULL, 1, 0, '2017-04-04 18:30:43', 1, '2017-04-04 18:30:48', 1),
(658, 'สุพร', 'ปีนะกาตาโพธิ์', 'Suporn', 'Peenakatapho', 'สุพร', NULL, NULL, NULL, '1995-07-21', NULL, 3, 2, 9, 189, NULL, 1, 0, '2017-04-05 10:57:13', 1, '2017-04-05 10:57:48', 1);

-- --------------------------------------------------------

--
-- Table structure for table `player_point`
--

CREATE TABLE `player_point` (
  `id` int(10) UNSIGNED NOT NULL,
  `player_id` int(10) UNSIGNED NOT NULL,
  `point_type_id` int(10) UNSIGNED NOT NULL,
  `total_point` int(11) NOT NULL DEFAULT '0',
  `week_id` int(10) UNSIGNED NOT NULL,
  `count` int(10) UNSIGNED NOT NULL DEFAULT '1',
  `description` text COLLATE utf8_unicode_ci,
  `status` int(1) UNSIGNED NOT NULL DEFAULT '1',
  `deleted` int(1) UNSIGNED NOT NULL DEFAULT '0',
  `created_date` datetime NOT NULL DEFAULT CURRENT_TIMESTAMP,
  `created_by` int(10) UNSIGNED NOT NULL DEFAULT '1',
  `modified_date` datetime DEFAULT NULL,
  `modified_by` int(11) DEFAULT NULL
) ENGINE=MyISAM DEFAULT CHARSET=utf8 COLLATE=utf8_unicode_ci;

--
-- Dumping data for table `player_point`
--

INSERT INTO `player_point` (`id`, `player_id`, `point_type_id`, `total_point`, `week_id`, `count`, `description`, `status`, `deleted`, `created_date`, `created_by`, `modified_date`, `modified_by`) VALUES
(1, 492, 2, 2, 1, 1, NULL, 1, 0, '2017-03-14 10:30:13', 1, NULL, NULL),
(2, 493, 2, 2, 1, 1, NULL, 1, 0, '2017-03-14 10:30:13', 1, NULL, NULL),
(3, 218, 2, 2, 1, 1, NULL, 1, 0, '2017-03-14 10:30:13', 1, NULL, NULL),
(4, 494, 2, 2, 1, 1, NULL, 1, 0, '2017-03-14 10:30:13', 1, NULL, NULL),
(5, 117, 2, 2, 1, 1, NULL, 1, 0, '2017-03-14 10:30:13', 1, NULL, NULL),
(6, 117, 16, 3, 1, 1, NULL, 1, 0, '2017-03-14 10:30:13', 1, NULL, NULL),
(7, 189, 2, 2, 1, 1, NULL, 1, 0, '2017-03-14 10:30:13', 1, NULL, NULL),
(8, 355, 2, 2, 1, 1, NULL, 1, 0, '2017-03-14 10:30:13', 1, NULL, NULL),
(9, 356, 2, 2, 1, 1, NULL, 1, 0, '2017-03-14 10:30:13', 1, NULL, NULL),
(10, 288, 2, 2, 1, 1, NULL, 1, 0, '2017-03-14 10:30:13', 1, NULL, NULL),
(11, 288, 16, 3, 1, 1, NULL, 1, 0, '2017-03-14 10:30:13', 1, NULL, NULL),
(12, 134, 2, 2, 1, 1, NULL, 1, 0, '2017-03-14 10:30:13', 1, NULL, NULL),
(13, 495, 1, 1, 1, 1, NULL, 1, 0, '2017-03-14 10:30:13', 1, NULL, NULL),
(14, 155, 1, 1, 1, 1, NULL, 1, 0, '2017-03-14 10:30:13', 1, NULL, NULL),
(15, 280, 1, 1, 1, 1, NULL, 1, 0, '2017-03-14 10:30:13', 1, NULL, NULL),
(16, 45, 1, 1, 1, 1, NULL, 1, 0, '2017-03-14 10:30:13', 1, NULL, NULL),
(17, 127, 2, 2, 1, 1, NULL, 1, 0, '2017-03-14 10:30:13', 1, NULL, NULL),
(18, 291, 2, 2, 1, 1, NULL, 1, 0, '2017-03-14 10:30:13', 1, NULL, NULL),
(19, 84, 2, 2, 1, 1, NULL, 1, 0, '2017-03-14 10:30:13', 1, NULL, NULL),
(20, 102, 2, 2, 1, 1, NULL, 1, 0, '2017-03-14 10:30:13', 1, NULL, NULL),
(21, 332, 2, 2, 1, 1, NULL, 1, 0, '2017-03-14 10:30:13', 1, NULL, NULL),
(22, 496, 2, 2, 1, 1, NULL, 1, 0, '2017-03-14 10:30:13', 1, NULL, NULL),
(23, 497, 2, 2, 1, 1, NULL, 1, 0, '2017-03-14 10:30:13', 1, NULL, NULL),
(24, 497, 16, 3, 1, 1, NULL, 1, 0, '2017-03-14 10:30:13', 1, NULL, NULL),
(25, 104, 2, 2, 1, 1, NULL, 1, 0, '2017-03-14 10:30:13', 1, NULL, NULL),
(26, 498, 2, 2, 1, 1, NULL, 1, 0, '2017-03-14 10:30:13', 1, NULL, NULL),
(27, 105, 2, 2, 1, 1, NULL, 1, 0, '2017-03-14 10:30:13', 1, NULL, NULL),
(28, 499, 2, 2, 1, 1, NULL, 1, 0, '2017-03-14 10:30:13', 1, NULL, NULL),
(29, 199, 1, 1, 1, 1, NULL, 1, 0, '2017-03-14 10:30:13', 1, NULL, NULL),
(30, 501, 1, 1, 1, 1, NULL, 1, 0, '2017-03-14 10:30:13', 1, NULL, NULL),
(31, 46, 2, 2, 1, 1, NULL, 1, 0, '2017-03-14 10:30:13', 1, NULL, NULL),
(32, 249, 2, 2, 1, 1, NULL, 1, 0, '2017-03-14 10:30:13', 1, NULL, NULL),
(33, 279, 2, 2, 1, 1, NULL, 1, 0, '2017-03-14 10:30:13', 1, NULL, NULL),
(34, 406, 2, 2, 1, 1, NULL, 1, 0, '2017-03-14 10:30:13', 1, NULL, NULL),
(35, 3, 2, 2, 1, 1, NULL, 1, 0, '2017-03-14 10:30:13', 1, NULL, NULL),
(36, 502, 2, 2, 1, 1, NULL, 1, 0, '2017-03-14 10:30:13', 1, NULL, NULL),
(37, 2, 2, 2, 1, 1, NULL, 1, 0, '2017-03-14 10:30:13', 1, NULL, NULL),
(38, 210, 2, 2, 1, 1, NULL, 1, 0, '2017-03-14 10:30:13', 1, NULL, NULL),
(39, 252, 2, 2, 1, 1, NULL, 1, 0, '2017-03-14 10:30:13', 1, NULL, NULL),
(40, 205, 2, 2, 1, 1, NULL, 1, 0, '2017-03-14 10:30:13', 1, NULL, NULL),
(41, 503, 1, 1, 1, 1, NULL, 1, 0, '2017-03-14 10:30:13', 1, NULL, NULL),
(42, 59, 1, 1, 1, 1, NULL, 1, 0, '2017-03-14 10:30:13', 1, NULL, NULL),
(43, 505, 1, 1, 1, 1, NULL, 1, 0, '2017-03-14 10:30:13', 1, NULL, NULL),
(44, 233, 2, 2, 1, 1, NULL, 1, 0, '2017-03-14 10:30:13', 1, NULL, NULL),
(45, 22, 2, 2, 1, 1, NULL, 1, 0, '2017-03-14 10:30:13', 1, NULL, NULL),
(46, 22, 10, 4, 1, 1, NULL, 1, 0, '2017-03-14 10:30:13', 1, NULL, NULL),
(47, 413, 2, 2, 1, 1, NULL, 1, 0, '2017-03-14 10:30:13', 1, NULL, NULL),
(48, 413, 10, 4, 1, 1, NULL, 1, 0, '2017-03-14 10:30:13', 1, NULL, NULL),
(49, 244, 2, 2, 1, 1, NULL, 1, 0, '2017-03-14 10:30:13', 1, NULL, NULL),
(50, 244, 10, 4, 1, 1, NULL, 1, 0, '2017-03-14 10:30:13', 1, NULL, NULL),
(51, 172, 2, 2, 1, 1, NULL, 1, 0, '2017-03-14 10:30:13', 1, NULL, NULL),
(52, 172, 16, 3, 1, 1, NULL, 1, 0, '2017-03-14 10:30:13', 1, NULL, NULL),
(53, 491, 2, 2, 1, 1, NULL, 1, 0, '2017-03-14 10:30:13', 1, NULL, NULL),
(54, 12, 2, 2, 1, 1, NULL, 1, 0, '2017-03-14 10:30:13', 1, NULL, NULL),
(55, 235, 2, 2, 1, 1, NULL, 1, 0, '2017-03-14 10:30:13', 1, NULL, NULL),
(56, 235, 16, 3, 1, 1, NULL, 1, 0, '2017-03-14 10:30:13', 1, NULL, NULL),
(57, 98, 2, 2, 1, 1, NULL, 1, 0, '2017-03-14 10:30:13', 1, NULL, NULL),
(58, 98, 10, 4, 1, 1, NULL, 1, 0, '2017-03-14 10:30:13', 1, NULL, NULL),
(59, 94, 2, 2, 1, 1, NULL, 1, 0, '2017-03-14 10:30:13', 1, NULL, NULL),
(60, 412, 2, 2, 1, 1, NULL, 1, 0, '2017-03-14 10:30:13', 1, NULL, NULL),
(61, 412, 10, 4, 1, 1, NULL, 1, 0, '2017-03-14 10:30:13', 1, NULL, NULL),
(62, 316, 2, 2, 1, 1, NULL, 1, 0, '2017-03-14 10:30:13', 1, NULL, NULL),
(63, 316, 16, 3, 1, 1, NULL, 1, 0, '2017-03-14 10:30:13', 1, NULL, NULL),
(64, 313, 1, 1, 1, 1, NULL, 1, 0, '2017-03-14 10:30:13', 1, NULL, NULL),
(65, 511, 1, 1, 1, 1, NULL, 1, 0, '2017-03-14 10:30:13', 1, NULL, NULL),
(66, 512, 1, 1, 1, 1, NULL, 1, 0, '2017-03-14 10:30:13', 1, NULL, NULL),
(67, 68, 2, 2, 1, 1, NULL, 1, 0, '2017-03-14 10:30:13', 1, NULL, NULL),
(68, 513, 2, 2, 1, 1, NULL, 1, 0, '2017-03-14 10:30:13', 1, NULL, NULL),
(69, 514, 1, 1, 1, 1, NULL, 1, 0, '2017-03-14 10:30:13', 1, NULL, NULL),
(70, 11, 2, 2, 1, 1, NULL, 1, 0, '2017-03-14 10:30:13', 1, NULL, NULL),
(71, 395, 2, 2, 1, 1, NULL, 1, 0, '2017-03-14 10:30:13', 1, NULL, NULL),
(72, 25, 1, 1, 1, 1, NULL, 1, 0, '2017-03-14 10:30:13', 1, NULL, NULL),
(73, 426, 2, 2, 1, 1, NULL, 1, 0, '2017-03-14 10:30:13', 1, NULL, NULL),
(74, 36, 2, 2, 1, 1, NULL, 1, 0, '2017-03-14 10:30:13', 1, NULL, NULL),
(75, 515, 2, 2, 1, 1, NULL, 1, 0, '2017-03-14 10:30:13', 1, NULL, NULL),
(76, 399, 2, 2, 1, 1, NULL, 1, 0, '2017-03-14 10:30:13', 1, NULL, NULL),
(77, 516, 2, 2, 1, 1, NULL, 1, 0, '2017-03-14 10:30:13', 1, NULL, NULL),
(78, 517, 1, 1, 1, 1, NULL, 1, 0, '2017-03-14 10:30:13', 1, NULL, NULL),
(79, 128, 1, 1, 1, 1, NULL, 1, 0, '2017-03-14 10:30:13', 1, NULL, NULL),
(80, 281, 1, 1, 1, 1, NULL, 1, 0, '2017-03-14 10:30:13', 1, NULL, NULL),
(81, 77, 2, 2, 1, 1, NULL, 1, 0, '2017-03-14 10:30:13', 1, NULL, NULL),
(82, 176, 2, 2, 1, 1, NULL, 1, 0, '2017-03-14 10:30:13', 1, NULL, NULL),
(83, 179, 2, 2, 1, 1, NULL, 1, 0, '2017-03-14 10:30:13', 1, NULL, NULL),
(84, 522, 2, 2, 1, 1, NULL, 1, 0, '2017-03-14 10:30:13', 1, NULL, NULL),
(85, 54, 2, 2, 1, 1, NULL, 1, 0, '2017-03-14 10:30:13', 1, NULL, NULL),
(86, 523, 2, 2, 1, 1, NULL, 1, 0, '2017-03-14 10:30:13', 1, NULL, NULL),
(87, 41, 2, 2, 1, 1, NULL, 1, 0, '2017-03-14 10:30:13', 1, NULL, NULL),
(88, 462, 2, 2, 1, 1, NULL, 1, 0, '2017-03-14 10:30:13', 1, NULL, NULL),
(89, 103, 2, 2, 1, 1, NULL, 1, 0, '2017-03-14 10:30:13', 1, NULL, NULL),
(90, 174, 2, 2, 1, 1, NULL, 1, 0, '2017-03-14 10:30:13', 1, NULL, NULL),
(91, 346, 2, 2, 1, 1, NULL, 1, 0, '2017-03-14 10:30:13', 1, NULL, NULL),
(92, 23, 1, 1, 1, 1, NULL, 1, 0, '2017-03-14 10:30:13', 1, NULL, NULL),
(93, 215, 1, 1, 1, 1, NULL, 1, 0, '2017-03-14 10:30:13', 1, NULL, NULL),
(94, 526, 1, 1, 1, 1, NULL, 1, 0, '2017-03-14 10:30:13', 1, NULL, NULL),
(95, 528, 2, 2, 1, 1, NULL, 1, 0, '2017-03-14 10:30:13', 1, NULL, NULL),
(96, 529, 2, 2, 1, 1, NULL, 1, 0, '2017-03-14 10:30:13', 1, NULL, NULL),
(97, 530, 2, 2, 1, 1, NULL, 1, 0, '2017-03-14 10:30:13', 1, NULL, NULL),
(98, 531, 2, 2, 1, 1, NULL, 1, 0, '2017-03-14 10:30:13', 1, NULL, NULL),
(99, 532, 2, 2, 1, 1, NULL, 1, 0, '2017-03-14 10:30:13', 1, NULL, NULL),
(100, 200, 2, 2, 1, 1, NULL, 1, 0, '2017-03-14 10:30:13', 1, NULL, NULL),
(101, 533, 2, 2, 1, 1, NULL, 1, 0, '2017-03-14 10:30:13', 1, NULL, NULL),
(102, 95, 1, 1, 1, 1, NULL, 1, 0, '2017-03-14 10:30:13', 1, NULL, NULL),
(103, 118, 2, 2, 1, 1, NULL, 1, 0, '2017-03-14 10:30:13', 1, NULL, NULL),
(104, 534, 2, 2, 1, 1, NULL, 1, 0, '2017-03-14 10:30:13', 1, NULL, NULL),
(105, 535, 2, 2, 1, 1, NULL, 1, 0, '2017-03-14 10:30:13', 1, NULL, NULL),
(106, 254, 1, 1, 1, 1, NULL, 1, 0, '2017-03-14 10:30:13', 1, NULL, NULL),
(107, 538, 1, 1, 1, 1, NULL, 1, 0, '2017-03-14 10:30:13', 1, NULL, NULL),
(108, 304, 2, 2, 1, 1, NULL, 1, 0, '2017-03-14 10:30:13', 1, NULL, NULL),
(109, 304, 10, 4, 1, 1, NULL, 1, 0, '2017-03-14 10:30:13', 1, NULL, NULL),
(110, 309, 2, 2, 1, 1, NULL, 1, 0, '2017-03-14 10:30:13', 1, NULL, NULL),
(111, 309, 10, 4, 1, 1, NULL, 1, 0, '2017-03-14 10:30:13', 1, NULL, NULL),
(112, 541, 2, 2, 1, 1, NULL, 1, 0, '2017-03-14 10:30:13', 1, NULL, NULL),
(113, 542, 2, 2, 1, 1, NULL, 1, 0, '2017-03-14 10:30:13', 1, NULL, NULL),
(114, 542, 16, 3, 1, 1, NULL, 1, 0, '2017-03-14 10:30:13', 1, NULL, NULL),
(115, 368, 2, 2, 1, 1, NULL, 1, 0, '2017-03-14 10:30:13', 1, NULL, NULL),
(116, 368, 10, 4, 1, 1, NULL, 1, 0, '2017-03-14 10:30:13', 1, NULL, NULL),
(117, 307, 2, 2, 1, 1, NULL, 1, 0, '2017-03-14 10:30:13', 1, NULL, NULL),
(118, 307, 16, 3, 1, 1, NULL, 1, 0, '2017-03-14 10:30:13', 1, NULL, NULL),
(119, 543, 2, 2, 1, 1, NULL, 1, 0, '2017-03-14 10:30:13', 1, NULL, NULL),
(120, 543, 16, 3, 1, 1, NULL, 1, 0, '2017-03-14 10:30:13', 1, NULL, NULL),
(121, 366, 2, 2, 1, 1, NULL, 1, 0, '2017-03-14 10:30:13', 1, NULL, NULL),
(122, 366, 16, 3, 1, 1, NULL, 1, 0, '2017-03-14 10:30:13', 1, NULL, NULL),
(123, 39, 2, 2, 1, 1, NULL, 1, 0, '2017-03-14 10:30:13', 1, NULL, NULL),
(124, 39, 10, 4, 1, 1, NULL, 1, 0, '2017-03-14 10:30:13', 1, NULL, NULL),
(125, 372, 1, 1, 1, 1, NULL, 1, 0, '2017-03-14 10:30:13', 1, NULL, NULL),
(126, 306, 2, 2, 1, 1, NULL, 1, 0, '2017-03-14 10:30:13', 1, NULL, NULL),
(127, 301, 1, 1, 1, 1, NULL, 1, 0, '2017-03-14 10:30:13', 1, NULL, NULL),
(128, 119, 1, 1, 1, 1, NULL, 1, 0, '2017-03-14 10:30:13', 1, NULL, NULL),
(129, 544, 1, 1, 1, 1, NULL, 1, 0, '2017-03-14 10:30:13', 1, NULL, NULL),
(130, 348, 2, 2, 1, 1, NULL, 1, 0, '2017-03-14 10:30:13', 1, NULL, NULL),
(131, 547, 2, 2, 1, 1, NULL, 1, 0, '2017-03-14 10:30:13', 1, NULL, NULL),
(132, 548, 2, 2, 1, 1, NULL, 1, 0, '2017-03-14 10:30:13', 1, NULL, NULL),
(133, 4, 2, 2, 1, 1, NULL, 1, 0, '2017-03-14 10:30:13', 1, NULL, NULL),
(134, 145, 2, 2, 1, 1, NULL, 1, 0, '2017-03-14 10:30:13', 1, NULL, NULL),
(135, 549, 2, 2, 1, 1, NULL, 1, 0, '2017-03-14 10:30:13', 1, NULL, NULL),
(136, 285, 2, 2, 1, 1, NULL, 1, 0, '2017-03-14 10:30:13', 1, NULL, NULL),
(137, 550, 2, 2, 1, 1, NULL, 1, 0, '2017-03-14 10:30:13', 1, NULL, NULL),
(138, 50, 2, 2, 1, 1, NULL, 1, 0, '2017-03-14 10:30:13', 1, NULL, NULL),
(139, 394, 2, 2, 1, 1, NULL, 1, 0, '2017-03-14 10:30:13', 1, NULL, NULL),
(140, 14, 2, 2, 1, 1, NULL, 1, 0, '2017-03-14 10:30:13', 1, NULL, NULL),
(141, 427, 1, 1, 1, 1, NULL, 1, 0, '2017-03-14 10:30:13', 1, NULL, NULL),
(142, 209, 1, 1, 1, 1, NULL, 1, 0, '2017-03-14 10:30:13', 1, NULL, NULL),
(143, 201, 1, 1, 1, 1, NULL, 1, 0, '2017-03-14 10:30:13', 1, NULL, NULL),
(144, 268, 2, 2, 1, 1, NULL, 1, 0, '2017-03-14 10:30:13', 1, NULL, NULL),
(145, 223, 2, 2, 1, 1, NULL, 1, 0, '2017-03-14 10:30:13', 1, NULL, NULL),
(146, 417, 2, 2, 1, 1, NULL, 1, 0, '2017-03-14 10:30:13', 1, NULL, NULL),
(147, 229, 2, 2, 1, 1, NULL, 1, 0, '2017-03-14 10:30:13', 1, NULL, NULL),
(148, 34, 2, 2, 1, 1, NULL, 1, 0, '2017-03-14 10:30:13', 1, NULL, NULL),
(149, 270, 2, 2, 1, 1, NULL, 1, 0, '2017-03-14 10:30:13', 1, NULL, NULL),
(150, 175, 2, 2, 1, 1, NULL, 1, 0, '2017-03-14 10:30:13', 1, NULL, NULL),
(151, 554, 2, 2, 1, 1, NULL, 1, 0, '2017-03-14 10:30:13', 1, NULL, NULL),
(152, 228, 2, 2, 1, 1, NULL, 1, 0, '2017-03-14 10:30:13', 1, NULL, NULL),
(153, 273, 2, 2, 1, 1, NULL, 1, 0, '2017-03-14 10:30:13', 1, NULL, NULL),
(154, 275, 2, 2, 1, 1, NULL, 1, 0, '2017-03-14 10:30:13', 1, NULL, NULL),
(155, 51, 1, 1, 1, 1, NULL, 1, 0, '2017-03-14 10:30:13', 1, NULL, NULL),
(156, 557, 1, 1, 1, 1, NULL, 1, 0, '2017-03-14 10:30:13', 1, NULL, NULL),
(157, 558, 1, 1, 1, 1, NULL, 1, 0, '2017-03-14 10:30:13', 1, NULL, NULL),
(158, 299, 2, 2, 1, 1, NULL, 1, 0, '2017-03-14 10:30:13', 1, NULL, NULL),
(159, 423, 2, 2, 1, 1, NULL, 1, 0, '2017-03-14 10:30:13', 1, NULL, NULL),
(160, 560, 2, 2, 1, 1, NULL, 1, 0, '2017-03-14 10:30:13', 1, NULL, NULL),
(161, 217, 2, 2, 1, 1, NULL, 1, 0, '2017-03-14 10:30:13', 1, NULL, NULL),
(162, 89, 2, 2, 1, 1, NULL, 1, 0, '2017-03-14 10:30:13', 1, NULL, NULL),
(163, 561, 1, 1, 1, 1, NULL, 1, 0, '2017-03-14 10:30:13', 1, NULL, NULL),
(164, 292, 2, 2, 1, 1, NULL, 1, 0, '2017-03-14 10:30:13', 1, NULL, NULL),
(165, 311, 2, 2, 1, 1, NULL, 1, 0, '2017-03-14 10:30:13', 1, NULL, NULL),
(166, 300, 2, 2, 1, 1, NULL, 1, 0, '2017-03-14 10:30:13', 1, NULL, NULL),
(167, 219, 2, 2, 1, 1, NULL, 1, 0, '2017-03-14 10:30:13', 1, NULL, NULL),
(168, 144, 2, 2, 1, 1, NULL, 1, 0, '2017-03-14 10:30:13', 1, NULL, NULL),
(169, 562, 1, 1, 1, 1, NULL, 1, 0, '2017-03-14 10:30:13', 1, NULL, NULL),
(170, 564, 1, 1, 1, 1, NULL, 1, 0, '2017-03-14 10:30:13', 1, NULL, NULL),
(171, 565, 1, 1, 1, 1, NULL, 1, 0, '2017-03-14 10:30:13', 1, NULL, NULL),
(172, 107, 2, 2, 1, 1, NULL, 1, 0, '2017-03-14 10:30:13', 1, NULL, NULL),
(173, 107, 10, 4, 1, 1, NULL, 1, 0, '2017-03-14 10:30:13', 1, NULL, NULL),
(174, 567, 1, 1, 1, 1, NULL, 1, 0, '2017-03-14 10:30:13', 1, NULL, NULL),
(175, 208, 2, 2, 1, 1, NULL, 1, 0, '2017-03-14 10:30:13', 1, NULL, NULL),
(176, 364, 2, 2, 1, 1, NULL, 1, 0, '2017-03-14 10:30:13', 1, NULL, NULL),
(177, 137, 2, 2, 1, 1, NULL, 1, 0, '2017-03-14 10:30:13', 1, NULL, NULL),
(178, 137, 10, 4, 1, 1, NULL, 1, 0, '2017-03-14 10:30:13', 1, NULL, NULL),
(179, 20, 2, 2, 1, 1, NULL, 1, 0, '2017-03-14 10:30:13', 1, NULL, NULL),
(180, 163, 2, 2, 1, 1, NULL, 1, 0, '2017-03-14 10:30:13', 1, NULL, NULL),
(181, 163, 10, 4, 1, 1, NULL, 1, 0, '2017-03-14 10:30:13', 1, NULL, NULL),
(182, 114, 2, 2, 1, 1, NULL, 1, 0, '2017-03-14 10:30:13', 1, NULL, NULL),
(183, 114, 16, 3, 1, 1, NULL, 1, 0, '2017-03-14 10:30:13', 1, NULL, NULL),
(184, 568, 2, 2, 1, 1, NULL, 1, 0, '2017-03-14 10:30:13', 1, NULL, NULL),
(185, 28, 2, 2, 1, 1, NULL, 1, 0, '2017-03-14 10:30:13', 1, NULL, NULL),
(186, 28, 10, 4, 1, 1, NULL, 1, 0, '2017-03-14 10:30:13', 1, NULL, NULL),
(187, 185, 2, 2, 1, 1, NULL, 1, 0, '2017-03-14 10:30:13', 1, NULL, NULL),
(188, 185, 16, 3, 1, 1, NULL, 1, 0, '2017-03-14 10:30:13', 1, NULL, NULL),
(189, 241, 1, 1, 1, 1, NULL, 1, 0, '2017-03-14 10:30:13', 1, NULL, NULL),
(190, 188, 1, 1, 1, 1, NULL, 1, 0, '2017-03-14 10:30:13', 1, NULL, NULL),
(191, 327, 1, 1, 1, 1, NULL, 1, 0, '2017-03-14 10:30:13', 1, NULL, NULL),
(192, 220, 2, 2, 1, 1, NULL, 1, 0, '2017-03-14 10:30:13', 1, NULL, NULL),
(193, 220, 10, 4, 1, 1, NULL, 1, 0, '2017-03-14 10:30:13', 1, NULL, NULL),
(194, 430, 2, 2, 1, 1, NULL, 1, 0, '2017-03-14 10:30:13', 1, NULL, NULL),
(195, 430, 10, 4, 1, 1, NULL, 1, 0, '2017-03-14 10:30:13', 1, NULL, NULL),
(196, 436, 2, 2, 1, 1, NULL, 1, 0, '2017-03-14 10:30:13', 1, NULL, NULL),
(197, 436, 16, 3, 1, 1, NULL, 1, 0, '2017-03-14 10:30:13', 1, NULL, NULL),
(198, 572, 2, 2, 1, 1, NULL, 1, 0, '2017-03-14 10:30:13', 1, NULL, NULL),
(199, 573, 2, 2, 1, 1, NULL, 1, 0, '2017-03-14 10:30:13', 1, NULL, NULL),
(200, 573, 16, 3, 1, 1, NULL, 1, 0, '2017-03-14 10:30:13', 1, NULL, NULL),
(201, 574, 2, 2, 1, 1, NULL, 1, 0, '2017-03-14 10:30:13', 1, NULL, NULL),
(202, 312, 2, 2, 1, 1, NULL, 1, 0, '2017-03-14 10:30:13', 1, NULL, NULL),
(203, 312, 16, 3, 1, 1, NULL, 1, 0, '2017-03-14 10:30:13', 1, NULL, NULL),
(204, 446, 2, 2, 1, 1, NULL, 1, 0, '2017-03-14 10:30:13', 1, NULL, NULL),
(205, 446, 10, 4, 1, 1, NULL, 1, 0, '2017-03-14 10:30:13', 1, NULL, NULL),
(206, 157, 2, 2, 1, 1, NULL, 1, 0, '2017-03-14 10:30:13', 1, NULL, NULL),
(207, 157, 16, 3, 1, 1, NULL, 1, 0, '2017-03-14 10:30:13', 1, NULL, NULL),
(208, 575, 2, 2, 1, 1, NULL, 1, 0, '2017-03-14 10:30:13', 1, NULL, NULL),
(209, 575, 10, 4, 1, 1, NULL, 1, 0, '2017-03-14 10:30:13', 1, NULL, NULL),
(210, 158, 2, 2, 1, 1, NULL, 1, 0, '2017-03-14 10:30:13', 1, NULL, NULL),
(211, 158, 10, 4, 1, 1, NULL, 1, 0, '2017-03-14 10:30:13', 1, NULL, NULL),
(212, 130, 1, 1, 1, 1, NULL, 1, 0, '2017-03-14 10:30:13', 1, NULL, NULL),
(213, 576, 1, 1, 1, 1, NULL, 1, 0, '2017-03-14 10:30:13', 1, NULL, NULL),
(214, 578, 1, 1, 1, 1, NULL, 1, 0, '2017-03-14 10:30:13', 1, NULL, NULL),
(215, 167, 2, 2, 1, 1, NULL, 1, 0, '2017-03-14 10:30:13', 1, NULL, NULL),
(216, 447, 2, 2, 1, 1, NULL, 1, 0, '2017-03-14 10:30:13', 1, NULL, NULL),
(217, 579, 2, 2, 1, 1, NULL, 1, 0, '2017-03-14 10:30:13', 1, NULL, NULL),
(218, 416, 2, 2, 1, 1, NULL, 1, 0, '2017-03-14 10:30:13', 1, NULL, NULL),
(219, 72, 2, 2, 1, 1, NULL, 1, 0, '2017-03-14 10:30:13', 1, NULL, NULL),
(220, 379, 2, 2, 1, 1, NULL, 1, 0, '2017-03-14 10:30:13', 1, NULL, NULL),
(221, 142, 2, 2, 1, 1, NULL, 1, 0, '2017-03-14 10:30:13', 1, NULL, NULL),
(222, 194, 2, 2, 1, 1, NULL, 1, 0, '2017-03-14 10:30:13', 1, NULL, NULL),
(223, 580, 2, 2, 1, 1, NULL, 1, 0, '2017-03-14 10:30:13', 1, NULL, NULL),
(224, 581, 2, 2, 1, 1, NULL, 1, 0, '2017-03-14 10:30:13', 1, NULL, NULL),
(225, 582, 2, 2, 1, 1, NULL, 1, 0, '2017-03-14 10:30:13', 1, NULL, NULL),
(226, 584, 1, 1, 1, 1, NULL, 1, 0, '2017-03-14 10:30:13', 1, NULL, NULL),
(227, 375, 1, 1, 1, 1, NULL, 1, 0, '2017-03-14 10:30:13', 1, NULL, NULL),
(228, 586, 1, 1, 1, 1, NULL, 1, 0, '2017-03-14 10:30:13', 1, NULL, NULL),
(229, 325, 2, 2, 1, 1, NULL, 1, 0, '2017-03-14 10:30:13', 1, NULL, NULL),
(230, 325, 10, 4, 1, 1, NULL, 1, 0, '2017-03-14 10:30:13', 1, NULL, NULL),
(231, 203, 2, 2, 1, 1, NULL, 1, 0, '2017-03-14 10:30:13', 1, NULL, NULL),
(232, 203, 10, 4, 1, 1, NULL, 1, 0, '2017-03-14 10:30:13', 1, NULL, NULL),
(233, 10, 2, 2, 1, 1, NULL, 1, 0, '2017-03-14 10:30:13', 1, NULL, NULL),
(234, 10, 16, 3, 1, 1, NULL, 1, 0, '2017-03-14 10:30:13', 1, NULL, NULL),
(235, 374, 2, 2, 1, 1, NULL, 1, 0, '2017-03-14 10:30:13', 1, NULL, NULL),
(236, 589, 2, 2, 1, 1, NULL, 1, 0, '2017-03-14 10:30:13', 1, NULL, NULL),
(237, 589, 16, 3, 1, 1, NULL, 1, 0, '2017-03-14 10:30:13', 1, NULL, NULL),
(238, 590, 2, 2, 1, 1, NULL, 1, 0, '2017-03-14 10:30:13', 1, NULL, NULL),
(239, 590, 10, 4, 1, 1, NULL, 1, 0, '2017-03-14 10:30:13', 1, NULL, NULL),
(240, 97, 2, 2, 1, 1, NULL, 1, 0, '2017-03-14 10:30:13', 1, NULL, NULL),
(241, 97, 16, 3, 1, 1, NULL, 1, 0, '2017-03-14 10:30:13', 1, NULL, NULL),
(242, 443, 2, 2, 1, 1, NULL, 1, 0, '2017-03-14 10:30:13', 1, NULL, NULL),
(243, 33, 2, 2, 1, 1, NULL, 1, 0, '2017-03-14 10:30:13', 1, NULL, NULL),
(244, 33, 16, 3, 1, 1, NULL, 1, 0, '2017-03-14 10:30:13', 1, NULL, NULL),
(245, 26, 2, 2, 1, 1, NULL, 1, 0, '2017-03-14 10:30:13', 1, NULL, NULL),
(246, 26, 10, 4, 1, 1, NULL, 1, 0, '2017-03-14 10:30:13', 1, NULL, NULL),
(247, 318, 2, 2, 1, 1, NULL, 1, 0, '2017-03-14 10:30:13', 1, NULL, NULL),
(248, 318, 10, 4, 1, 1, NULL, 1, 0, '2017-03-14 10:30:13', 1, NULL, NULL),
(249, 381, 1, 1, 1, 1, NULL, 1, 0, '2017-03-14 10:30:13', 1, NULL, NULL),
(250, 21, 1, 1, 1, 1, NULL, 1, 0, '2017-03-14 10:30:13', 1, NULL, NULL),
(251, 407, 1, 1, 1, 1, NULL, 1, 0, '2017-03-14 10:30:13', 1, NULL, NULL),
(252, 595, 2, 2, 1, 1, NULL, 1, 0, '2017-03-14 10:30:13', 1, NULL, NULL),
(253, 324, 2, 2, 1, 1, NULL, 1, 0, '2017-03-14 10:30:13', 1, NULL, NULL),
(254, 596, 2, 2, 1, 1, NULL, 1, 0, '2017-03-14 10:30:13', 1, NULL, NULL),
(255, 298, 2, 2, 1, 1, NULL, 1, 0, '2017-03-14 10:30:13', 1, NULL, NULL),
(256, 319, 2, 2, 1, 1, NULL, 1, 0, '2017-03-14 10:30:13', 1, NULL, NULL),
(257, 597, 2, 2, 1, 1, NULL, 1, 0, '2017-03-14 10:30:13', 1, NULL, NULL),
(258, 129, 2, 2, 1, 1, NULL, 1, 0, '2017-03-14 10:30:13', 1, NULL, NULL),
(259, 598, 2, 2, 1, 1, NULL, 1, 0, '2017-03-14 10:30:13', 1, NULL, NULL),
(260, 599, 2, 2, 1, 1, NULL, 1, 0, '2017-03-14 10:30:13', 1, NULL, NULL),
(261, 192, 2, 2, 1, 1, NULL, 1, 0, '2017-03-14 10:30:13', 1, NULL, NULL),
(262, 65, 1, 1, 1, 1, NULL, 1, 0, '2017-03-14 10:30:13', 1, NULL, NULL),
(263, 330, 1, 1, 1, 1, NULL, 1, 0, '2017-03-14 10:30:13', 1, NULL, NULL),
(264, 66, 1, 1, 1, 1, NULL, 1, 0, '2017-03-14 10:30:13', 1, NULL, NULL),
(265, 258, 1, 1, 1, 1, NULL, 1, 0, '2017-03-14 10:30:13', 1, NULL, NULL),
(266, 86, 2, 2, 1, 1, NULL, 1, 0, '2017-03-14 10:30:13', 1, NULL, NULL),
(267, 86, 10, 4, 1, 1, NULL, 1, 0, '2017-03-14 10:30:13', 1, NULL, NULL),
(268, 124, 2, 2, 1, 1, NULL, 1, 0, '2017-03-14 10:30:13', 1, NULL, NULL),
(269, 124, 10, 4, 1, 1, NULL, 1, 0, '2017-03-14 10:30:13', 1, NULL, NULL),
(270, 139, 2, 2, 1, 1, NULL, 1, 0, '2017-03-14 10:30:13', 1, NULL, NULL),
(271, 139, 16, 3, 1, 1, NULL, 1, 0, '2017-03-14 10:30:13', 1, NULL, NULL),
(272, 150, 2, 2, 1, 1, NULL, 1, 0, '2017-03-14 10:30:13', 1, NULL, NULL),
(273, 150, 16, 3, 1, 1, NULL, 1, 0, '2017-03-14 10:30:13', 1, NULL, NULL),
(274, 410, 2, 2, 1, 1, NULL, 1, 0, '2017-03-14 10:30:13', 1, NULL, NULL),
(275, 85, 2, 2, 1, 1, NULL, 1, 0, '2017-03-14 10:30:13', 1, NULL, NULL),
(276, 85, 10, 4, 1, 1, NULL, 1, 0, '2017-03-14 10:30:13', 1, NULL, NULL),
(277, 92, 2, 2, 1, 1, NULL, 1, 0, '2017-03-14 10:30:13', 1, NULL, NULL),
(278, 222, 2, 2, 1, 1, NULL, 1, 0, '2017-03-14 10:30:13', 1, NULL, NULL),
(279, 79, 2, 2, 1, 1, NULL, 1, 0, '2017-03-14 10:30:13', 1, NULL, NULL),
(280, 79, 16, 3, 1, 1, NULL, 1, 0, '2017-03-14 10:30:13', 1, NULL, NULL),
(281, 32, 2, 2, 1, 1, NULL, 1, 0, '2017-03-14 10:30:13', 1, NULL, NULL),
(282, 32, 16, 3, 1, 1, NULL, 1, 0, '2017-03-14 10:30:13', 1, NULL, NULL),
(283, 465, 1, 1, 1, 1, NULL, 1, 0, '2017-03-14 10:30:13', 1, NULL, NULL),
(284, 63, 1, 1, 1, 1, NULL, 1, 0, '2017-03-14 10:30:13', 1, NULL, NULL),
(285, 602, 2, 2, 1, 1, NULL, 1, 0, '2017-03-14 10:30:13', 1, NULL, NULL),
(286, 602, 10, 4, 1, 1, NULL, 1, 0, '2017-03-14 10:30:13', 1, NULL, NULL),
(287, 393, 1, 1, 1, 1, NULL, 1, 0, '2017-03-14 10:30:13', 1, NULL, NULL),
(288, 603, 2, 2, 1, 1, NULL, 1, 0, '2017-03-14 10:30:13', 1, NULL, NULL),
(289, 9, 2, 2, 1, 1, NULL, 1, 0, '2017-03-14 10:30:13', 1, NULL, NULL),
(290, 140, 2, 2, 1, 1, NULL, 1, 0, '2017-03-14 10:30:13', 1, NULL, NULL),
(291, 101, 2, 2, 1, 1, NULL, 1, 0, '2017-03-14 10:30:13', 1, NULL, NULL),
(292, 18, 2, 2, 1, 1, NULL, 1, 0, '2017-03-14 10:30:13', 1, NULL, NULL),
(293, 207, 2, 2, 1, 1, NULL, 1, 0, '2017-03-14 10:30:13', 1, NULL, NULL),
(294, 132, 2, 2, 1, 1, NULL, 1, 0, '2017-03-14 10:30:13', 1, NULL, NULL),
(295, 58, 2, 2, 1, 1, NULL, 1, 0, '2017-03-14 10:30:13', 1, NULL, NULL),
(296, 47, 2, 2, 1, 1, NULL, 1, 0, '2017-03-14 10:30:13', 1, NULL, NULL),
(297, 149, 2, 2, 1, 1, NULL, 1, 0, '2017-03-14 10:30:13', 1, NULL, NULL),
(298, 154, 2, 2, 1, 1, NULL, 1, 0, '2017-03-14 10:30:13', 1, NULL, NULL),
(299, 604, 1, 1, 1, 1, NULL, 1, 0, '2017-03-14 10:30:13', 1, NULL, NULL),
(300, 125, 1, 1, 1, 1, NULL, 1, 0, '2017-03-14 10:30:13', 1, NULL, NULL),
(301, 11, 3, 3, 1, 1, NULL, 1, 0, '2017-03-14 10:30:13', 1, NULL, NULL),
(302, 94, 3, 3, 1, 1, NULL, 1, 0, '2017-03-14 10:30:13', 1, NULL, NULL),
(303, 145, 3, 3, 1, 1, NULL, 1, 0, '2017-03-14 10:30:13', 1, NULL, NULL),
(304, 157, 3, 3, 1, 1, NULL, 1, 0, '2017-03-14 10:30:13', 1, NULL, NULL),
(305, 199, 3, 3, 1, 1, NULL, 1, 0, '2017-03-14 10:30:13', 1, NULL, NULL),
(306, 218, 3, 3, 1, 1, NULL, 1, 0, '2017-03-14 10:30:13', 1, NULL, NULL),
(307, 229, 3, 3, 1, 1, NULL, 1, 0, '2017-03-14 10:30:13', 1, NULL, NULL),
(308, 235, 3, 3, 1, 1, NULL, 1, 0, '2017-03-14 10:30:13', 1, NULL, NULL),
(309, 309, 3, 3, 1, 1, NULL, 1, 0, '2017-03-14 10:30:13', 1, NULL, NULL),
(310, 346, 3, 3, 1, 1, NULL, 1, 0, '2017-03-14 10:30:13', 1, NULL, NULL),
(311, 395, 3, 3, 1, 1, NULL, 1, 0, '2017-03-14 10:30:13', 1, NULL, NULL),
(312, 412, 3, 3, 1, 1, NULL, 1, 0, '2017-03-14 10:30:13', 1, NULL, NULL),
(313, 413, 3, 3, 1, 1, NULL, 1, 0, '2017-03-14 10:30:13', 1, NULL, NULL),
(314, 462, 3, 3, 1, 1, NULL, 1, 0, '2017-03-14 10:30:13', 1, NULL, NULL),
(315, 549, 3, 3, 1, 1, NULL, 1, 0, '2017-03-14 10:30:13', 1, NULL, NULL),
(316, 568, 3, 3, 1, 1, NULL, 1, 0, '2017-03-14 10:30:13', 1, NULL, NULL),
(317, 572, 3, 6, 1, 2, NULL, 1, 0, '2017-03-14 10:30:13', 1, NULL, NULL),
(318, 576, 3, 3, 1, 1, NULL, 1, 0, '2017-03-14 10:30:13', 1, NULL, NULL),
(319, 22, 5, 3, 1, 1, NULL, 1, 0, '2017-03-14 10:30:13', 1, NULL, NULL),
(320, 309, 5, 3, 1, 1, NULL, 1, 0, '2017-03-14 10:30:13', 1, NULL, NULL),
(321, 137, 5, 3, 1, 1, NULL, 1, 0, '2017-03-14 10:30:13', 1, NULL, NULL),
(322, 124, 5, 3, 1, 1, NULL, 1, 0, '2017-03-14 10:30:13', 1, NULL, NULL),
(323, 436, 5, 3, 1, 1, NULL, 1, 0, '2017-03-14 10:30:13', 1, NULL, NULL),
(324, 235, 5, 3, 1, 1, NULL, 1, 0, '2017-03-14 10:30:13', 1, NULL, NULL),
(325, 220, 5, 3, 1, 1, NULL, 1, 0, '2017-03-14 10:30:13', 1, NULL, NULL),
(326, 103, 5, 3, 1, 1, NULL, 1, 0, '2017-03-14 10:30:13', 1, NULL, NULL),
(327, 491, 5, 3, 1, 1, NULL, 1, 0, '2017-03-14 10:30:13', 1, NULL, NULL),
(328, 285, 5, 3, 1, 1, NULL, 1, 0, '2017-03-14 10:30:13', 1, NULL, NULL),
(329, 589, 5, 3, 1, 1, NULL, 1, 0, '2017-03-14 10:30:13', 1, NULL, NULL),
(330, 493, 6, -1, 1, 1, NULL, 1, 0, '2017-03-14 10:30:13', 1, NULL, NULL),
(331, 134, 6, -1, 1, 1, NULL, 1, 0, '2017-03-14 10:30:13', 1, NULL, NULL),
(332, 127, 6, -1, 1, 1, NULL, 1, 0, '2017-03-14 10:30:13', 1, NULL, NULL),
(333, 102, 6, -1, 1, 1, NULL, 1, 0, '2017-03-14 10:30:13', 1, NULL, NULL),
(334, 199, 6, -1, 1, 1, NULL, 1, 0, '2017-03-14 10:30:13', 1, NULL, NULL),
(335, 502, 6, -1, 1, 1, NULL, 1, 0, '2017-03-14 10:30:13', 1, NULL, NULL),
(336, 316, 6, -1, 1, 1, NULL, 1, 0, '2017-03-14 10:30:13', 1, NULL, NULL),
(337, 514, 6, -1, 1, 1, NULL, 1, 0, '2017-03-14 10:30:13', 1, NULL, NULL),
(338, 395, 6, -1, 1, 1, NULL, 1, 0, '2017-03-14 10:30:13', 1, NULL, NULL),
(339, 515, 6, -1, 1, 1, NULL, 1, 0, '2017-03-14 10:30:13', 1, NULL, NULL),
(340, 54, 6, -1, 1, 1, NULL, 1, 0, '2017-03-14 10:30:13', 1, NULL, NULL),
(341, 530, 6, -1, 1, 1, NULL, 1, 0, '2017-03-14 10:30:13', 1, NULL, NULL),
(342, 95, 6, -1, 1, 1, NULL, 1, 0, '2017-03-14 10:30:13', 1, NULL, NULL),
(343, 372, 6, -1, 1, 1, NULL, 1, 0, '2017-03-14 10:30:13', 1, NULL, NULL),
(344, 306, 6, -1, 1, 1, NULL, 1, 0, '2017-03-14 10:30:13', 1, NULL, NULL),
(345, 4, 6, -1, 1, 1, NULL, 1, 0, '2017-03-14 10:30:13', 1, NULL, NULL),
(346, 547, 6, -1, 1, 1, NULL, 1, 0, '2017-03-14 10:30:13', 1, NULL, NULL),
(347, 175, 6, -1, 1, 1, NULL, 1, 0, '2017-03-14 10:30:13', 1, NULL, NULL),
(348, 292, 6, -1, 1, 1, NULL, 1, 0, '2017-03-14 10:30:13', 1, NULL, NULL),
(349, 217, 6, -1, 1, 1, NULL, 1, 0, '2017-03-14 10:30:13', 1, NULL, NULL),
(350, 28, 6, -1, 1, 1, NULL, 1, 0, '2017-03-14 10:30:13', 1, NULL, NULL),
(351, 185, 6, -1, 1, 1, NULL, 1, 0, '2017-03-14 10:30:13', 1, NULL, NULL),
(352, 582, 6, -1, 1, 1, NULL, 1, 0, '2017-03-14 10:30:13', 1, NULL, NULL),
(353, 72, 6, -1, 1, 1, NULL, 1, 0, '2017-03-14 10:30:13', 1, NULL, NULL),
(354, 584, 6, -1, 1, 1, NULL, 1, 0, '2017-03-14 10:30:13', 1, NULL, NULL),
(355, 590, 6, -1, 1, 1, NULL, 1, 0, '2017-03-14 10:30:13', 1, NULL, NULL),
(356, 129, 6, -1, 1, 1, NULL, 1, 0, '2017-03-14 10:30:13', 1, NULL, NULL),
(357, 324, 6, -1, 1, 1, NULL, 1, 0, '2017-03-14 10:30:13', 1, NULL, NULL),
(358, 596, 6, -1, 1, 1, NULL, 1, 0, '2017-03-14 10:30:13', 1, NULL, NULL),
(359, 139, 6, -1, 1, 1, NULL, 1, 0, '2017-03-14 10:30:13', 1, NULL, NULL),
(360, 154, 6, -1, 1, 1, NULL, 1, 0, '2017-03-14 10:30:13', 1, NULL, NULL),
(361, 407, 7, -3, 1, 1, NULL, 1, 0, '2017-03-14 10:30:13', 1, NULL, NULL),
(362, 319, 7, -3, 1, 1, NULL, 1, 0, '2017-03-14 10:30:13', 1, NULL, NULL),
(363, 94, 17, 4, 1, 1, NULL, 1, 0, '2017-03-14 10:30:13', 1, NULL, NULL),
(364, 103, 17, 8, 1, 2, NULL, 1, 0, '2017-03-14 10:30:13', 1, NULL, NULL),
(365, 208, 17, 4, 1, 1, NULL, 1, 0, '2017-03-14 10:30:13', 1, NULL, NULL),
(366, 222, 17, 4, 1, 1, NULL, 1, 0, '2017-03-14 10:30:13', 1, NULL, NULL),
(367, 270, 15, 4, 1, 1, NULL, 1, 0, '2017-03-14 10:30:13', 1, NULL, NULL),
(368, 285, 17, 4, 1, 1, NULL, 1, 0, '2017-03-14 10:30:13', 1, NULL, NULL),
(369, 291, 14, 6, 1, 1, NULL, 1, 0, '2017-03-14 10:30:13', 1, NULL, NULL),
(370, 313, 14, 6, 1, 1, NULL, 1, 0, '2017-03-14 10:30:13', 1, NULL, NULL),
(371, 355, 15, 4, 1, 1, NULL, 1, 0, '2017-03-14 10:30:13', 1, NULL, NULL),
(372, 374, 17, 4, 1, 1, NULL, 1, 0, '2017-03-14 10:30:13', 1, NULL, NULL),
(373, 436, 15, 12, 1, 3, NULL, 1, 0, '2017-03-14 10:30:13', 1, NULL, NULL),
(374, 491, 17, 8, 1, 2, NULL, 1, 0, '2017-03-14 10:30:13', 1, NULL, NULL),
(375, 515, 14, 6, 1, 1, NULL, 1, 0, '2017-03-14 10:30:13', 1, NULL, NULL),
(376, 516, 17, 4, 1, 1, NULL, 1, 0, '2017-03-14 10:30:13', 1, NULL, NULL),
(377, 541, 17, 4, 1, 1, NULL, 1, 0, '2017-03-14 10:30:13', 1, NULL, NULL),
(378, 542, 15, 4, 1, 1, NULL, 1, 0, '2017-03-14 10:30:13', 1, NULL, NULL),
(379, 550, 17, 4, 1, 1, NULL, 1, 0, '2017-03-14 10:30:13', 1, NULL, NULL),
(380, 574, 17, 4, 1, 1, NULL, 1, 0, '2017-03-14 10:30:13', 1, NULL, NULL),
(381, 589, 15, 4, 1, 1, NULL, 1, 0, '2017-03-14 10:30:13', 1, NULL, NULL),
(382, 291, 18, 3, 1, 1, NULL, 1, 0, '2017-03-14 10:30:13', 1, NULL, NULL),
(383, 542, 18, 3, 1, 1, NULL, 1, 0, '2017-03-14 10:30:13', 1, NULL, NULL),
(384, 491, 18, 3, 1, 1, NULL, 1, 0, '2017-03-14 10:30:13', 1, NULL, NULL),
(385, 285, 18, 3, 1, 1, NULL, 1, 0, '2017-03-14 10:30:13', 1, NULL, NULL),
(386, 374, 18, 3, 1, 1, NULL, 1, 0, '2017-03-14 10:30:13', 1, NULL, NULL),
(387, 54, 18, 3, 1, 1, NULL, 1, 0, '2017-03-14 10:30:13', 1, NULL, NULL),
(388, 436, 18, 3, 1, 1, NULL, 1, 0, '2017-03-14 10:30:13', 1, NULL, NULL),
(389, 222, 18, 3, 1, 1, NULL, 1, 0, '2017-03-14 10:30:13', 1, NULL, NULL),
(390, 208, 18, 3, 1, 1, NULL, 1, 0, '2017-03-14 10:30:13', 1, NULL, NULL),
(391, 189, 11, 1, 1, 1, NULL, 1, 0, '2017-03-14 10:30:13', 1, NULL, NULL),
(392, 46, 11, 2, 1, 2, NULL, 1, 0, '2017-03-14 10:30:13', 1, NULL, NULL),
(393, 22, 11, 2, 1, 2, NULL, 1, 0, '2017-03-14 10:30:13', 1, NULL, NULL),
(394, 68, 11, 1, 1, 1, NULL, 1, 0, '2017-03-14 10:30:13', 1, NULL, NULL),
(395, 144, 11, 1, 1, 1, NULL, 1, 0, '2017-03-14 10:30:13', 1, NULL, NULL),
(396, 167, 11, 1, 1, 1, NULL, 1, 0, '2017-03-14 10:30:13', 1, NULL, NULL),
(397, 26, 11, 2, 1, 2, NULL, 1, 0, '2017-03-14 10:30:13', 1, NULL, NULL),
(398, 46, 13, -2, 1, 2, NULL, 1, 0, '2017-03-14 10:30:13', 1, NULL, NULL),
(399, 249, 13, -2, 1, 2, NULL, 1, 0, '2017-03-14 10:30:13', 1, NULL, NULL),
(400, 3, 13, -2, 1, 2, NULL, 1, 0, '2017-03-14 10:30:13', 1, NULL, NULL),
(401, 210, 13, -2, 1, 2, NULL, 1, 0, '2017-03-14 10:30:13', 1, NULL, NULL),
(402, 68, 13, -1, 1, 1, NULL, 1, 0, '2017-03-14 10:30:13', 1, NULL, NULL),
(403, 395, 13, -1, 1, 1, NULL, 1, 0, '2017-03-14 10:30:13', 1, NULL, NULL),
(404, 25, 13, -1, 1, 1, NULL, 1, 0, '2017-03-14 10:30:13', 1, NULL, NULL),
(405, 36, 13, -1, 1, 1, NULL, 1, 0, '2017-03-14 10:30:13', 1, NULL, NULL),
(406, 515, 13, -1, 1, 1, NULL, 1, 0, '2017-03-14 10:30:13', 1, NULL, NULL),
(407, 77, 13, -1, 1, 1, NULL, 1, 0, '2017-03-14 10:30:13', 1, NULL, NULL),
(408, 179, 13, -1, 1, 1, NULL, 1, 0, '2017-03-14 10:30:13', 1, NULL, NULL),
(409, 523, 13, -1, 1, 1, NULL, 1, 0, '2017-03-14 10:30:13', 1, NULL, NULL),
(410, 41, 13, -1, 1, 1, NULL, 1, 0, '2017-03-14 10:30:13', 1, NULL, NULL),
(411, 174, 13, -1, 1, 1, NULL, 1, 0, '2017-03-14 10:30:13', 1, NULL, NULL),
(412, 528, 13, -1, 1, 1, NULL, 1, 0, '2017-03-14 10:30:13', 1, NULL, NULL),
(413, 529, 13, -1, 1, 1, NULL, 1, 0, '2017-03-14 10:30:13', 1, NULL, NULL),
(414, 530, 13, -1, 1, 1, NULL, 1, 0, '2017-03-14 10:30:13', 1, NULL, NULL),
(415, 200, 13, -1, 1, 1, NULL, 1, 0, '2017-03-14 10:30:13', 1, NULL, NULL),
(416, 533, 13, -1, 1, 1, NULL, 1, 0, '2017-03-14 10:30:13', 1, NULL, NULL),
(417, 268, 13, -1, 1, 1, NULL, 1, 0, '2017-03-14 10:30:13', 1, NULL, NULL),
(418, 175, 13, -1, 1, 1, NULL, 1, 0, '2017-03-14 10:30:13', 1, NULL, NULL),
(419, 554, 13, -1, 1, 1, NULL, 1, 0, '2017-03-14 10:30:13', 1, NULL, NULL),
(420, 275, 13, -1, 1, 1, NULL, 1, 0, '2017-03-14 10:30:13', 1, NULL, NULL),
(421, 167, 13, -2, 1, 2, NULL, 1, 0, '2017-03-14 10:30:13', 1, NULL, NULL),
(422, 579, 13, -2, 1, 2, NULL, 1, 0, '2017-03-14 10:30:13', 1, NULL, NULL),
(423, 416, 13, -2, 1, 2, NULL, 1, 0, '2017-03-14 10:30:13', 1, NULL, NULL),
(424, 194, 13, -2, 1, 2, NULL, 1, 0, '2017-03-14 10:30:13', 1, NULL, NULL),
(425, 581, 13, -2, 1, 2, NULL, 1, 0, '2017-03-14 10:30:13', 1, NULL, NULL),
(426, 595, 13, -1, 1, 1, NULL, 1, 0, '2017-03-14 10:30:13', 1, NULL, NULL),
(427, 324, 13, -1, 1, 1, NULL, 1, 0, '2017-03-14 10:30:13', 1, NULL, NULL),
(428, 319, 13, -1, 1, 1, NULL, 1, 0, '2017-03-14 10:30:13', 1, NULL, NULL),
(429, 192, 13, -1, 1, 1, NULL, 1, 0, '2017-03-14 10:30:13', 1, NULL, NULL),
(430, 167, 2, 2, 2, 1, NULL, 1, 0, '2017-03-14 10:30:37', 1, NULL, NULL),
(431, 167, 10, 4, 2, 1, NULL, 1, 0, '2017-03-14 10:30:37', 1, NULL, NULL),
(432, 416, 2, 2, 2, 1, NULL, 1, 0, '2017-03-14 10:30:37', 1, NULL, NULL),
(433, 416, 10, 4, 2, 1, NULL, 1, 0, '2017-03-14 10:30:37', 1, NULL, NULL),
(434, 142, 2, 2, 2, 1, NULL, 1, 0, '2017-03-14 10:30:37', 1, NULL, NULL),
(435, 43, 2, 2, 2, 1, NULL, 1, 0, '2017-03-14 10:30:37', 1, NULL, NULL),
(436, 43, 16, 3, 2, 1, NULL, 1, 0, '2017-03-14 10:30:37', 1, NULL, NULL),
(437, 582, 2, 2, 2, 1, NULL, 1, 0, '2017-03-14 10:30:37', 1, NULL, NULL),
(438, 582, 16, 3, 2, 1, NULL, 1, 0, '2017-03-14 10:30:37', 1, NULL, NULL),
(439, 584, 2, 2, 2, 1, NULL, 1, 0, '2017-03-14 10:30:37', 1, NULL, NULL),
(440, 584, 16, 3, 2, 1, NULL, 1, 0, '2017-03-14 10:30:37', 1, NULL, NULL),
(441, 586, 2, 2, 2, 1, NULL, 1, 0, '2017-03-14 10:30:37', 1, NULL, NULL),
(442, 586, 16, 3, 2, 1, NULL, 1, 0, '2017-03-14 10:30:37', 1, NULL, NULL),
(443, 415, 2, 2, 2, 1, NULL, 1, 0, '2017-03-14 10:30:37', 1, NULL, NULL),
(444, 415, 10, 4, 2, 1, NULL, 1, 0, '2017-03-14 10:30:37', 1, NULL, NULL),
(445, 607, 2, 2, 2, 1, NULL, 1, 0, '2017-03-14 10:30:37', 1, NULL, NULL),
(446, 607, 10, 4, 2, 1, NULL, 1, 0, '2017-03-14 10:30:37', 1, NULL, NULL),
(447, 579, 1, 1, 2, 1, NULL, 1, 0, '2017-03-14 10:30:37', 1, NULL, NULL),
(448, 580, 1, 1, 2, 1, NULL, 1, 0, '2017-03-14 10:30:37', 1, NULL, NULL),
(449, 608, 1, 1, 2, 1, NULL, 1, 0, '2017-03-14 10:30:37', 1, NULL, NULL),
(450, 72, 2, 2, 2, 1, NULL, 1, 0, '2017-03-14 10:30:37', 1, NULL, NULL),
(451, 72, 16, 3, 2, 1, NULL, 1, 0, '2017-03-14 10:30:37', 1, NULL, NULL),
(452, 379, 2, 2, 2, 1, NULL, 1, 0, '2017-03-14 10:30:37', 1, NULL, NULL),
(453, 46, 2, 2, 2, 1, NULL, 1, 0, '2017-03-14 10:30:37', 1, NULL, NULL),
(454, 46, 10, 4, 2, 1, NULL, 1, 0, '2017-03-14 10:30:37', 1, NULL, NULL),
(455, 249, 2, 2, 2, 1, NULL, 1, 0, '2017-03-14 10:30:37', 1, NULL, NULL),
(456, 249, 10, 4, 2, 1, NULL, 1, 0, '2017-03-14 10:30:37', 1, NULL, NULL),
(457, 279, 2, 2, 2, 1, NULL, 1, 0, '2017-03-14 10:30:37', 1, NULL, NULL),
(458, 233, 2, 2, 2, 1, NULL, 1, 0, '2017-03-14 10:30:37', 1, NULL, NULL),
(459, 233, 16, 3, 2, 1, NULL, 1, 0, '2017-03-14 10:30:37', 1, NULL, NULL),
(460, 406, 2, 2, 2, 1, NULL, 1, 0, '2017-03-14 10:30:37', 1, NULL, NULL),
(461, 406, 16, 3, 2, 1, NULL, 1, 0, '2017-03-14 10:30:37', 1, NULL, NULL),
(462, 505, 2, 2, 2, 1, NULL, 1, 0, '2017-03-14 10:30:37', 1, NULL, NULL),
(463, 505, 10, 4, 2, 1, NULL, 1, 0, '2017-03-14 10:30:37', 1, NULL, NULL),
(464, 502, 2, 2, 2, 1, NULL, 1, 0, '2017-03-14 10:30:37', 1, NULL, NULL),
(465, 502, 16, 3, 2, 1, NULL, 1, 0, '2017-03-14 10:30:37', 1, NULL, NULL),
(466, 2, 2, 2, 2, 1, NULL, 1, 0, '2017-03-14 10:30:37', 1, NULL, NULL),
(467, 2, 16, 3, 2, 1, NULL, 1, 0, '2017-03-14 10:30:37', 1, NULL, NULL),
(468, 210, 2, 2, 2, 1, NULL, 1, 0, '2017-03-14 10:30:37', 1, NULL, NULL),
(469, 210, 10, 4, 2, 1, NULL, 1, 0, '2017-03-14 10:30:37', 1, NULL, NULL),
(470, 252, 2, 2, 2, 1, NULL, 1, 0, '2017-03-14 10:30:37', 1, NULL, NULL),
(471, 252, 16, 3, 2, 1, NULL, 1, 0, '2017-03-14 10:30:37', 1, NULL, NULL),
(472, 205, 2, 2, 2, 1, NULL, 1, 0, '2017-03-14 10:30:37', 1, NULL, NULL),
(473, 205, 16, 3, 2, 1, NULL, 1, 0, '2017-03-14 10:30:37', 1, NULL, NULL),
(474, 503, 1, 1, 2, 1, NULL, 1, 0, '2017-03-14 10:30:37', 1, NULL, NULL),
(475, 506, 1, 1, 2, 1, NULL, 1, 0, '2017-03-14 10:30:37', 1, NULL, NULL),
(476, 48, 1, 1, 2, 1, NULL, 1, 0, '2017-03-14 10:30:37', 1, NULL, NULL),
(477, 492, 2, 2, 2, 1, NULL, 1, 0, '2017-03-14 10:30:37', 1, NULL, NULL),
(478, 493, 2, 2, 2, 1, NULL, 1, 0, '2017-03-14 10:30:37', 1, NULL, NULL),
(479, 218, 2, 2, 2, 1, NULL, 1, 0, '2017-03-14 10:30:37', 1, NULL, NULL),
(480, 494, 2, 2, 2, 1, NULL, 1, 0, '2017-03-14 10:30:37', 1, NULL, NULL),
(481, 155, 2, 2, 2, 1, NULL, 1, 0, '2017-03-14 10:30:37', 1, NULL, NULL),
(482, 117, 2, 2, 2, 1, NULL, 1, 0, '2017-03-14 10:30:37', 1, NULL, NULL),
(483, 189, 2, 2, 2, 1, NULL, 1, 0, '2017-03-14 10:30:37', 1, NULL, NULL),
(484, 355, 2, 2, 2, 1, NULL, 1, 0, '2017-03-14 10:30:37', 1, NULL, NULL),
(485, 280, 2, 2, 2, 1, NULL, 1, 0, '2017-03-14 10:30:37', 1, NULL, NULL),
(486, 356, 2, 2, 2, 1, NULL, 1, 0, '2017-03-14 10:30:37', 1, NULL, NULL),
(487, 134, 2, 2, 2, 1, NULL, 1, 0, '2017-03-14 10:30:37', 1, NULL, NULL),
(488, 187, 1, 1, 2, 1, NULL, 1, 0, '2017-03-14 10:30:37', 1, NULL, NULL),
(489, 288, 1, 1, 2, 1, NULL, 1, 0, '2017-03-14 10:30:37', 1, NULL, NULL),
(490, 45, 1, 1, 2, 1, NULL, 1, 0, '2017-03-14 10:30:37', 1, NULL, NULL),
(491, 348, 2, 2, 2, 1, NULL, 1, 0, '2017-03-14 10:30:37', 1, NULL, NULL),
(492, 547, 2, 2, 2, 1, NULL, 1, 0, '2017-03-14 10:30:37', 1, NULL, NULL),
(493, 548, 2, 2, 2, 1, NULL, 1, 0, '2017-03-14 10:30:37', 1, NULL, NULL),
(494, 4, 2, 2, 2, 1, NULL, 1, 0, '2017-03-14 10:30:37', 1, NULL, NULL),
(495, 145, 2, 2, 2, 1, NULL, 1, 0, '2017-03-14 10:30:37', 1, NULL, NULL),
(496, 285, 2, 2, 2, 1, NULL, 1, 0, '2017-03-14 10:30:37', 1, NULL, NULL),
(497, 50, 2, 2, 2, 1, NULL, 1, 0, '2017-03-14 10:30:37', 1, NULL, NULL),
(498, 394, 2, 2, 2, 1, NULL, 1, 0, '2017-03-14 10:30:37', 1, NULL, NULL),
(499, 14, 2, 2, 2, 1, NULL, 1, 0, '2017-03-14 10:30:37', 1, NULL, NULL),
(500, 552, 2, 2, 2, 1, NULL, 1, 0, '2017-03-14 10:30:37', 1, NULL, NULL),
(501, 201, 2, 2, 2, 1, NULL, 1, 0, '2017-03-14 10:30:37', 1, NULL, NULL),
(502, 549, 1, 1, 2, 1, NULL, 1, 0, '2017-03-14 10:30:37', 1, NULL, NULL),
(503, 350, 1, 1, 2, 1, NULL, 1, 0, '2017-03-14 10:30:37', 1, NULL, NULL),
(504, 351, 1, 1, 2, 1, NULL, 1, 0, '2017-03-14 10:30:37', 1, NULL, NULL),
(505, 107, 2, 2, 2, 1, NULL, 1, 0, '2017-03-14 10:30:37', 1, NULL, NULL),
(506, 208, 2, 2, 2, 1, NULL, 1, 0, '2017-03-14 10:30:37', 1, NULL, NULL),
(507, 364, 2, 2, 2, 1, NULL, 1, 0, '2017-03-14 10:30:37', 1, NULL, NULL),
(508, 137, 2, 2, 2, 1, NULL, 1, 0, '2017-03-14 10:30:37', 1, NULL, NULL),
(509, 20, 2, 2, 2, 1, NULL, 1, 0, '2017-03-14 10:30:37', 1, NULL, NULL),
(510, 163, 2, 2, 2, 1, NULL, 1, 0, '2017-03-14 10:30:37', 1, NULL, NULL),
(511, 114, 2, 2, 2, 1, NULL, 1, 0, '2017-03-14 10:30:37', 1, NULL, NULL),
(512, 568, 2, 2, 2, 1, NULL, 1, 0, '2017-03-14 10:30:37', 1, NULL, NULL),
(513, 28, 2, 2, 2, 1, NULL, 1, 0, '2017-03-14 10:30:37', 1, NULL, NULL),
(514, 185, 2, 2, 2, 1, NULL, 1, 0, '2017-03-14 10:30:37', 1, NULL, NULL),
(515, 295, 2, 2, 2, 1, NULL, 1, 0, '2017-03-14 10:30:37', 1, NULL, NULL),
(516, 108, 1, 1, 2, 1, NULL, 1, 0, '2017-03-14 10:30:37', 1, NULL, NULL),
(517, 362, 1, 1, 2, 1, NULL, 1, 0, '2017-03-14 10:30:37', 1, NULL, NULL),
(518, 188, 1, 1, 2, 1, NULL, 1, 0, '2017-03-14 10:30:37', 1, NULL, NULL),
(519, 325, 2, 2, 2, 1, NULL, 1, 0, '2017-03-14 10:30:37', 1, NULL, NULL),
(520, 203, 1, 1, 2, 1, NULL, 1, 0, '2017-03-14 10:30:37', 1, NULL, NULL),
(521, 10, 2, 2, 2, 1, NULL, 1, 0, '2017-03-14 10:30:37', 1, NULL, NULL),
(522, 10, 16, 3, 2, 1, NULL, 1, 0, '2017-03-14 10:30:37', 1, NULL, NULL),
(523, 374, 2, 2, 2, 1, NULL, 1, 0, '2017-03-14 10:30:37', 1, NULL, NULL),
(524, 589, 2, 2, 2, 1, NULL, 1, 0, '2017-03-14 10:30:37', 1, NULL, NULL),
(525, 590, 2, 2, 2, 1, NULL, 1, 0, '2017-03-14 10:30:37', 1, NULL, NULL),
(526, 97, 1, 1, 2, 1, NULL, 1, 0, '2017-03-14 10:30:37', 1, NULL, NULL),
(527, 443, 2, 2, 2, 1, NULL, 1, 0, '2017-03-14 10:30:37', 1, NULL, NULL),
(528, 33, 2, 2, 2, 1, NULL, 1, 0, '2017-03-14 10:30:37', 1, NULL, NULL),
(529, 26, 2, 2, 2, 1, NULL, 1, 0, '2017-03-14 10:30:37', 1, NULL, NULL),
(530, 318, 2, 2, 2, 1, NULL, 1, 0, '2017-03-14 10:30:37', 1, NULL, NULL),
(531, 591, 1, 1, 2, 1, NULL, 1, 0, '2017-03-14 10:30:37', 1, NULL, NULL),
(532, 21, 1, 1, 2, 1, NULL, 1, 0, '2017-03-14 10:30:37', 1, NULL, NULL),
(533, 225, 1, 1, 2, 1, NULL, 1, 0, '2017-03-14 10:30:37', 1, NULL, NULL),
(534, 304, 1, 1, 2, 1, NULL, 1, 0, '2017-03-14 10:30:37', 1, NULL, NULL),
(535, 309, 2, 2, 2, 1, NULL, 1, 0, '2017-03-14 10:30:37', 1, NULL, NULL),
(536, 541, 2, 2, 2, 1, NULL, 1, 0, '2017-03-14 10:30:37', 1, NULL, NULL),
(537, 542, 2, 2, 2, 1, NULL, 1, 0, '2017-03-14 10:30:37', 1, NULL, NULL),
(538, 368, 2, 2, 2, 1, NULL, 1, 0, '2017-03-14 10:30:37', 1, NULL, NULL),
(539, 307, 2, 2, 2, 1, NULL, 1, 0, '2017-03-14 10:30:37', 1, NULL, NULL),
(540, 543, 2, 2, 2, 1, NULL, 1, 0, '2017-03-14 10:30:37', 1, NULL, NULL),
(541, 39, 2, 2, 2, 1, NULL, 1, 0, '2017-03-14 10:30:37', 1, NULL, NULL),
(542, 372, 2, 2, 2, 1, NULL, 1, 0, '2017-03-14 10:30:37', 1, NULL, NULL),
(543, 306, 2, 2, 2, 1, NULL, 1, 0, '2017-03-14 10:30:37', 1, NULL, NULL),
(544, 365, 2, 2, 2, 1, NULL, 1, 0, '2017-03-14 10:30:37', 1, NULL, NULL),
(545, 301, 1, 1, 2, 1, NULL, 1, 0, '2017-03-14 10:30:37', 1, NULL, NULL),
(546, 546, 2, 2, 2, 1, NULL, 1, 0, '2017-03-14 10:30:37', 1, NULL, NULL),
(547, 614, 1, 1, 2, 1, NULL, 1, 0, '2017-03-14 10:30:37', 1, NULL, NULL),
(548, 127, 2, 2, 2, 1, NULL, 1, 0, '2017-03-14 10:30:37', 1, NULL, NULL),
(549, 291, 2, 2, 2, 1, NULL, 1, 0, '2017-03-14 10:30:37', 1, NULL, NULL),
(550, 84, 2, 2, 2, 1, NULL, 1, 0, '2017-03-14 10:30:37', 1, NULL, NULL),
(551, 102, 2, 2, 2, 1, NULL, 1, 0, '2017-03-14 10:30:37', 1, NULL, NULL),
(552, 332, 1, 1, 2, 1, NULL, 1, 0, '2017-03-14 10:30:37', 1, NULL, NULL),
(553, 496, 2, 2, 2, 1, NULL, 1, 0, '2017-03-14 10:30:37', 1, NULL, NULL),
(554, 104, 2, 2, 2, 1, NULL, 1, 0, '2017-03-14 10:30:37', 1, NULL, NULL),
(555, 498, 2, 2, 2, 1, NULL, 1, 0, '2017-03-14 10:30:37', 1, NULL, NULL),
(556, 266, 1, 1, 2, 1, NULL, 1, 0, '2017-03-14 10:30:37', 1, NULL, NULL),
(557, 105, 2, 2, 2, 1, NULL, 1, 0, '2017-03-14 10:30:37', 1, NULL, NULL),
(558, 499, 2, 2, 2, 1, NULL, 1, 0, '2017-03-14 10:30:37', 1, NULL, NULL),
(559, 500, 1, 1, 2, 1, NULL, 1, 0, '2017-03-14 10:30:37', 1, NULL, NULL),
(560, 199, 1, 1, 2, 1, NULL, 1, 0, '2017-03-14 10:30:37', 1, NULL, NULL),
(561, 335, 1, 1, 2, 1, NULL, 1, 0, '2017-03-14 10:30:37', 1, NULL, NULL),
(562, 595, 2, 2, 2, 1, NULL, 1, 0, '2017-03-14 10:30:37', 1, NULL, NULL),
(563, 324, 2, 2, 2, 1, NULL, 1, 0, '2017-03-14 10:30:37', 1, NULL, NULL),
(564, 596, 2, 2, 2, 1, NULL, 1, 0, '2017-03-14 10:30:37', 1, NULL, NULL),
(565, 298, 2, 2, 2, 1, NULL, 1, 0, '2017-03-14 10:30:37', 1, NULL, NULL),
(566, 330, 2, 2, 2, 1, NULL, 1, 0, '2017-03-14 10:30:37', 1, NULL, NULL),
(567, 66, 2, 2, 2, 1, NULL, 1, 0, '2017-03-14 10:30:37', 1, NULL, NULL),
(568, 597, 2, 2, 2, 1, NULL, 1, 0, '2017-03-14 10:30:37', 1, NULL, NULL),
(569, 598, 2, 2, 2, 1, NULL, 1, 0, '2017-03-14 10:30:37', 1, NULL, NULL),
(570, 599, 2, 2, 2, 1, NULL, 1, 0, '2017-03-14 10:30:37', 1, NULL, NULL),
(571, 258, 1, 1, 2, 1, NULL, 1, 0, '2017-03-14 10:30:37', 1, NULL, NULL),
(572, 192, 2, 2, 2, 1, NULL, 1, 0, '2017-03-14 10:30:37', 1, NULL, NULL),
(573, 322, 1, 1, 2, 1, NULL, 1, 0, '2017-03-14 10:30:37', 1, NULL, NULL),
(574, 65, 2, 2, 2, 1, NULL, 1, 0, '2017-03-14 10:30:37', 1, NULL, NULL),
(575, 121, 1, 1, 2, 1, NULL, 1, 0, '2017-03-14 10:30:37', 1, NULL, NULL),
(576, 77, 2, 2, 2, 1, NULL, 1, 0, '2017-03-14 10:30:37', 1, NULL, NULL),
(577, 176, 2, 2, 2, 1, NULL, 1, 0, '2017-03-14 10:30:37', 1, NULL, NULL),
(578, 176, 16, 3, 2, 1, NULL, 1, 0, '2017-03-14 10:30:37', 1, NULL, NULL),
(579, 522, 2, 2, 2, 1, NULL, 1, 0, '2017-03-14 10:30:37', 1, NULL, NULL),
(580, 54, 2, 2, 2, 1, NULL, 1, 0, '2017-03-14 10:30:37', 1, NULL, NULL),
(581, 23, 2, 2, 2, 1, NULL, 1, 0, '2017-03-14 10:30:37', 1, NULL, NULL),
(582, 523, 2, 2, 2, 1, NULL, 1, 0, '2017-03-14 10:30:37', 1, NULL, NULL),
(583, 41, 2, 2, 2, 1, NULL, 1, 0, '2017-03-14 10:30:37', 1, NULL, NULL),
(584, 462, 2, 2, 2, 1, NULL, 1, 0, '2017-03-14 10:30:37', 1, NULL, NULL),
(585, 103, 2, 2, 2, 1, NULL, 1, 0, '2017-03-14 10:30:37', 1, NULL, NULL),
(586, 174, 2, 2, 2, 1, NULL, 1, 0, '2017-03-14 10:30:37', 1, NULL, NULL),
(587, 346, 2, 2, 2, 1, NULL, 1, 0, '2017-03-14 10:30:37', 1, NULL, NULL),
(588, 183, 1, 1, 2, 1, NULL, 1, 0, '2017-03-14 10:30:37', 1, NULL, NULL),
(589, 617, 1, 1, 2, 1, NULL, 1, 0, '2017-03-14 10:30:37', 1, NULL, NULL),
(590, 618, 1, 1, 2, 1, NULL, 1, 0, '2017-03-14 10:30:37', 1, NULL, NULL),
(591, 603, 2, 2, 2, 1, NULL, 1, 0, '2017-03-14 10:30:37', 1, NULL, NULL),
(592, 9, 2, 2, 2, 1, NULL, 1, 0, '2017-03-14 10:30:37', 1, NULL, NULL),
(593, 140, 2, 2, 2, 1, NULL, 1, 0, '2017-03-14 10:30:37', 1, NULL, NULL),
(594, 101, 2, 2, 2, 1, NULL, 1, 0, '2017-03-14 10:30:37', 1, NULL, NULL),
(595, 18, 2, 2, 2, 1, NULL, 1, 0, '2017-03-14 10:30:37', 1, NULL, NULL),
(596, 207, 1, 1, 2, 1, NULL, 1, 0, '2017-03-14 10:30:37', 1, NULL, NULL),
(597, 58, 2, 2, 2, 1, NULL, 1, 0, '2017-03-14 10:30:37', 1, NULL, NULL),
(598, 47, 2, 2, 2, 1, NULL, 1, 0, '2017-03-14 10:30:37', 1, NULL, NULL),
(599, 149, 2, 2, 2, 1, NULL, 1, 0, '2017-03-14 10:30:37', 1, NULL, NULL),
(600, 154, 2, 2, 2, 1, NULL, 1, 0, '2017-03-14 10:30:37', 1, NULL, NULL),
(601, 620, 2, 2, 2, 1, NULL, 1, 0, '2017-03-14 10:30:37', 1, NULL, NULL),
(602, 604, 1, 1, 2, 1, NULL, 1, 0, '2017-03-14 10:30:37', 1, NULL, NULL),
(603, 125, 1, 1, 2, 1, NULL, 1, 0, '2017-03-14 10:30:37', 1, NULL, NULL),
(604, 132, 1, 1, 2, 1, NULL, 1, 0, '2017-03-14 10:30:37', 1, NULL, NULL),
(605, 68, 2, 2, 2, 1, NULL, 1, 0, '2017-03-14 10:30:37', 1, NULL, NULL),
(606, 518, 2, 2, 2, 1, NULL, 1, 0, '2017-03-14 10:30:37', 1, NULL, NULL),
(607, 513, 2, 2, 2, 1, NULL, 1, 0, '2017-03-14 10:30:37', 1, NULL, NULL),
(608, 11, 2, 2, 2, 1, NULL, 1, 0, '2017-03-14 10:30:37', 1, NULL, NULL),
(609, 395, 2, 2, 2, 1, NULL, 1, 0, '2017-03-14 10:30:37', 1, NULL, NULL),
(610, 25, 2, 2, 2, 1, NULL, 1, 0, '2017-03-14 10:30:37', 1, NULL, NULL),
(611, 426, 2, 2, 2, 1, NULL, 1, 0, '2017-03-14 10:30:37', 1, NULL, NULL),
(612, 426, 16, 3, 2, 1, NULL, 1, 0, '2017-03-14 10:30:37', 1, NULL, NULL),
(613, 36, 2, 2, 2, 1, NULL, 1, 0, '2017-03-14 10:30:37', 1, NULL, NULL),
(614, 399, 1, 1, 2, 1, NULL, 1, 0, '2017-03-14 10:30:37', 1, NULL, NULL),
(615, 516, 2, 2, 2, 1, NULL, 1, 0, '2017-03-14 10:30:37', 1, NULL, NULL),
(616, 392, 2, 2, 2, 1, NULL, 1, 0, '2017-03-14 10:30:37', 1, NULL, NULL),
(617, 128, 1, 1, 2, 1, NULL, 1, 0, '2017-03-14 10:30:37', 1, NULL, NULL),
(618, 281, 1, 1, 2, 1, NULL, 1, 0, '2017-03-14 10:30:37', 1, NULL, NULL),
(619, 231, 1, 1, 2, 1, NULL, 1, 0, '2017-03-14 10:30:37', 1, NULL, NULL),
(620, 220, 2, 2, 2, 1, NULL, 1, 0, '2017-03-14 10:30:37', 1, NULL, NULL),
(621, 430, 2, 2, 2, 1, NULL, 1, 0, '2017-03-14 10:30:37', 1, NULL, NULL),
(622, 436, 2, 2, 2, 1, NULL, 1, 0, '2017-03-14 10:30:37', 1, NULL, NULL),
(623, 572, 2, 2, 2, 1, NULL, 1, 0, '2017-03-14 10:30:37', 1, NULL, NULL),
(624, 573, 2, 2, 2, 1, NULL, 1, 0, '2017-03-14 10:30:37', 1, NULL, NULL),
(625, 574, 2, 2, 2, 1, NULL, 1, 0, '2017-03-14 10:30:37', 1, NULL, NULL),
(626, 312, 2, 2, 2, 1, NULL, 1, 0, '2017-03-14 10:30:37', 1, NULL, NULL),
(627, 446, 2, 2, 2, 1, NULL, 1, 0, '2017-03-14 10:30:37', 1, NULL, NULL),
(628, 157, 2, 2, 2, 1, NULL, 1, 0, '2017-03-14 10:30:37', 1, NULL, NULL),
(629, 575, 2, 2, 2, 1, NULL, 1, 0, '2017-03-14 10:30:37', 1, NULL, NULL),
(630, 158, 2, 2, 2, 1, NULL, 1, 0, '2017-03-14 10:30:37', 1, NULL, NULL),
(631, 78, 1, 1, 2, 1, NULL, 1, 0, '2017-03-14 10:30:37', 1, NULL, NULL),
(632, 576, 1, 1, 2, 1, NULL, 1, 0, '2017-03-14 10:30:37', 1, NULL, NULL),
(633, 578, 1, 1, 2, 1, NULL, 1, 0, '2017-03-14 10:30:37', 1, NULL, NULL),
(634, 528, 2, 2, 2, 1, NULL, 1, 0, '2017-03-14 10:30:37', 1, NULL, NULL),
(635, 529, 2, 2, 2, 1, NULL, 1, 0, '2017-03-14 10:30:37', 1, NULL, NULL),
(636, 289, 2, 2, 2, 1, NULL, 1, 0, '2017-03-14 10:30:37', 1, NULL, NULL),
(637, 530, 2, 2, 2, 1, NULL, 1, 0, '2017-03-14 10:30:37', 1, NULL, NULL),
(638, 532, 2, 2, 2, 1, NULL, 1, 0, '2017-03-14 10:30:37', 1, NULL, NULL),
(639, 200, 2, 2, 2, 1, NULL, 1, 0, '2017-03-14 10:30:37', 1, NULL, NULL),
(640, 533, 2, 2, 2, 1, NULL, 1, 0, '2017-03-14 10:30:37', 1, NULL, NULL),
(641, 95, 2, 2, 2, 1, NULL, 1, 0, '2017-03-14 10:30:37', 1, NULL, NULL),
(642, 118, 2, 2, 2, 1, NULL, 1, 0, '2017-03-14 10:30:37', 1, NULL, NULL),
(643, 535, 2, 2, 2, 1, NULL, 1, 0, '2017-03-14 10:30:37', 1, NULL, NULL),
(644, 621, 2, 2, 2, 1, NULL, 1, 0, '2017-03-14 10:30:37', 1, NULL, NULL),
(645, 254, 1, 1, 2, 1, NULL, 1, 0, '2017-03-14 10:30:37', 1, NULL, NULL),
(646, 538, 1, 1, 2, 1, NULL, 1, 0, '2017-03-14 10:30:37', 1, NULL, NULL),
(647, 534, 1, 1, 2, 1, NULL, 1, 0, '2017-03-14 10:30:37', 1, NULL, NULL),
(648, 22, 2, 2, 2, 1, NULL, 1, 0, '2017-03-14 10:30:37', 1, NULL, NULL),
(649, 22, 10, 4, 2, 1, NULL, 1, 0, '2017-03-14 10:30:37', 1, NULL, NULL),
(650, 313, 2, 2, 2, 1, NULL, 1, 0, '2017-03-14 10:30:37', 1, NULL, NULL),
(651, 313, 10, 4, 2, 1, NULL, 1, 0, '2017-03-14 10:30:37', 1, NULL, NULL),
(652, 413, 2, 2, 2, 1, NULL, 1, 0, '2017-03-14 10:30:37', 1, NULL, NULL),
(653, 413, 10, 4, 2, 1, NULL, 1, 0, '2017-03-14 10:30:37', 1, NULL, NULL),
(654, 244, 2, 2, 2, 1, NULL, 1, 0, '2017-03-14 10:30:37', 1, NULL, NULL),
(655, 244, 10, 4, 2, 1, NULL, 1, 0, '2017-03-14 10:30:37', 1, NULL, NULL),
(656, 172, 2, 2, 2, 1, NULL, 1, 0, '2017-03-14 10:30:37', 1, NULL, NULL),
(657, 172, 16, 3, 2, 1, NULL, 1, 0, '2017-03-14 10:30:37', 1, NULL, NULL),
(658, 491, 2, 2, 2, 1, NULL, 1, 0, '2017-03-14 10:30:37', 1, NULL, NULL),
(659, 12, 2, 2, 2, 1, NULL, 1, 0, '2017-03-14 10:30:37', 1, NULL, NULL),
(660, 235, 2, 2, 2, 1, NULL, 1, 0, '2017-03-14 10:30:37', 1, NULL, NULL),
(661, 235, 16, 3, 2, 1, NULL, 1, 0, '2017-03-14 10:30:37', 1, NULL, NULL),
(662, 98, 2, 2, 2, 1, NULL, 1, 0, '2017-03-14 10:30:37', 1, NULL, NULL),
(663, 98, 10, 4, 2, 1, NULL, 1, 0, '2017-03-14 10:30:37', 1, NULL, NULL),
(664, 412, 2, 2, 2, 1, NULL, 1, 0, '2017-03-14 10:30:37', 1, NULL, NULL),
(665, 412, 10, 4, 2, 1, NULL, 1, 0, '2017-03-14 10:30:37', 1, NULL, NULL),
(666, 316, 2, 2, 2, 1, NULL, 1, 0, '2017-03-14 10:30:37', 1, NULL, NULL),
(667, 316, 16, 3, 2, 1, NULL, 1, 0, '2017-03-14 10:30:37', 1, NULL, NULL),
(668, 510, 1, 1, 2, 1, NULL, 1, 0, '2017-03-14 10:30:37', 1, NULL, NULL),
(669, 433, 1, 1, 2, 1, NULL, 1, 0, '2017-03-14 10:30:37', 1, NULL, NULL),
(670, 94, 1, 1, 2, 1, NULL, 1, 0, '2017-03-14 10:30:37', 1, NULL, NULL),
(671, 376, 2, 2, 2, 1, NULL, 1, 0, '2017-03-14 10:30:37', 1, NULL, NULL),
(672, 299, 2, 2, 2, 1, NULL, 1, 0, '2017-03-14 10:30:37', 1, NULL, NULL),
(673, 562, 2, 2, 2, 1, NULL, 1, 0, '2017-03-14 10:30:37', 1, NULL, NULL),
(674, 560, 2, 2, 2, 1, NULL, 1, 0, '2017-03-14 10:30:37', 1, NULL, NULL),
(675, 89, 2, 2, 2, 1, NULL, 1, 0, '2017-03-14 10:30:37', 1, NULL, NULL),
(676, 561, 2, 2, 2, 1, NULL, 1, 0, '2017-03-14 10:30:37', 1, NULL, NULL),
(677, 300, 2, 2, 2, 1, NULL, 1, 0, '2017-03-14 10:30:37', 1, NULL, NULL),
(678, 565, 2, 2, 2, 1, NULL, 1, 0, '2017-03-14 10:30:37', 1, NULL, NULL),
(679, 153, 2, 2, 2, 1, NULL, 1, 0, '2017-03-14 10:30:37', 1, NULL, NULL),
(680, 219, 2, 2, 2, 1, NULL, 1, 0, '2017-03-14 10:30:37', 1, NULL, NULL),
(681, 144, 2, 2, 2, 1, NULL, 1, 0, '2017-03-14 10:30:37', 1, NULL, NULL),
(682, 217, 1, 1, 2, 1, NULL, 1, 0, '2017-03-14 10:30:37', 1, NULL, NULL),
(683, 292, 1, 1, 2, 1, NULL, 1, 0, '2017-03-14 10:30:37', 1, NULL, NULL),
(684, 564, 1, 1, 2, 1, NULL, 1, 0, '2017-03-14 10:30:37', 1, NULL, NULL),
(685, 223, 2, 2, 2, 1, NULL, 1, 0, '2017-03-14 10:30:37', 1, NULL, NULL),
(686, 223, 16, 3, 2, 1, NULL, 1, 0, '2017-03-14 10:30:37', 1, NULL, NULL),
(687, 229, 2, 2, 2, 1, NULL, 1, 0, '2017-03-14 10:30:37', 1, NULL, NULL),
(688, 34, 2, 2, 2, 1, NULL, 1, 0, '2017-03-14 10:30:37', 1, NULL, NULL),
(689, 270, 2, 2, 2, 1, NULL, 1, 0, '2017-03-14 10:30:37', 1, NULL, NULL),
(690, 270, 16, 3, 2, 1, NULL, 1, 0, '2017-03-14 10:30:37', 1, NULL, NULL),
(691, 554, 2, 2, 2, 1, NULL, 1, 0, '2017-03-14 10:30:37', 1, NULL, NULL);
INSERT INTO `player_point` (`id`, `player_id`, `point_type_id`, `total_point`, `week_id`, `count`, `description`, `status`, `deleted`, `created_date`, `created_by`, `modified_date`, `modified_by`) VALUES
(692, 554, 10, 4, 2, 1, NULL, 1, 0, '2017-03-14 10:30:37', 1, NULL, NULL),
(693, 51, 1, 1, 2, 1, NULL, 1, 0, '2017-03-14 10:30:37', 1, NULL, NULL),
(694, 228, 2, 2, 2, 1, NULL, 1, 0, '2017-03-14 10:30:37', 1, NULL, NULL),
(695, 228, 16, 3, 2, 1, NULL, 1, 0, '2017-03-14 10:30:37', 1, NULL, NULL),
(696, 273, 2, 2, 2, 1, NULL, 1, 0, '2017-03-14 10:30:37', 1, NULL, NULL),
(697, 273, 16, 3, 2, 1, NULL, 1, 0, '2017-03-14 10:30:37', 1, NULL, NULL),
(698, 275, 2, 2, 2, 1, NULL, 1, 0, '2017-03-14 10:30:37', 1, NULL, NULL),
(699, 275, 10, 4, 2, 1, NULL, 1, 0, '2017-03-14 10:30:37', 1, NULL, NULL),
(700, 276, 2, 2, 2, 1, NULL, 1, 0, '2017-03-14 10:30:37', 1, NULL, NULL),
(701, 276, 10, 4, 2, 1, NULL, 1, 0, '2017-03-14 10:30:37', 1, NULL, NULL),
(702, 624, 2, 2, 2, 1, NULL, 1, 0, '2017-03-14 10:30:37', 1, NULL, NULL),
(703, 624, 10, 4, 2, 1, NULL, 1, 0, '2017-03-14 10:30:37', 1, NULL, NULL),
(704, 556, 1, 1, 2, 1, NULL, 1, 0, '2017-03-14 10:30:37', 1, NULL, NULL),
(705, 557, 1, 1, 2, 1, NULL, 1, 0, '2017-03-14 10:30:37', 1, NULL, NULL),
(706, 558, 1, 1, 2, 1, NULL, 1, 0, '2017-03-14 10:30:37', 1, NULL, NULL),
(707, 86, 2, 2, 2, 1, NULL, 1, 0, '2017-03-14 10:30:37', 1, NULL, NULL),
(708, 63, 2, 2, 2, 1, NULL, 1, 0, '2017-03-14 10:30:37', 1, NULL, NULL),
(709, 124, 2, 2, 2, 1, NULL, 1, 0, '2017-03-14 10:30:37', 1, NULL, NULL),
(710, 139, 2, 2, 2, 1, NULL, 1, 0, '2017-03-14 10:30:37', 1, NULL, NULL),
(711, 139, 16, 3, 2, 1, NULL, 1, 0, '2017-03-14 10:30:37', 1, NULL, NULL),
(712, 150, 2, 2, 2, 1, NULL, 1, 0, '2017-03-14 10:30:37', 1, NULL, NULL),
(713, 410, 2, 2, 2, 1, NULL, 1, 0, '2017-03-14 10:30:37', 1, NULL, NULL),
(714, 85, 2, 2, 2, 1, NULL, 1, 0, '2017-03-14 10:30:37', 1, NULL, NULL),
(715, 92, 2, 2, 2, 1, NULL, 1, 0, '2017-03-14 10:30:37', 1, NULL, NULL),
(716, 222, 2, 2, 2, 1, NULL, 1, 0, '2017-03-14 10:30:37', 1, NULL, NULL),
(717, 602, 2, 2, 2, 1, NULL, 1, 0, '2017-03-14 10:30:37', 1, NULL, NULL),
(718, 79, 2, 2, 2, 1, NULL, 1, 0, '2017-03-14 10:30:37', 1, NULL, NULL),
(719, 358, 1, 1, 2, 1, NULL, 1, 0, '2017-03-14 10:30:37', 1, NULL, NULL),
(720, 13, 1, 1, 2, 1, NULL, 1, 0, '2017-03-14 10:30:37', 1, NULL, NULL),
(721, 37, 1, 1, 2, 1, NULL, 1, 0, '2017-03-14 10:30:37', 1, NULL, NULL),
(722, 11, 3, 3, 2, 1, NULL, 1, 0, '2017-03-14 10:30:37', 1, NULL, NULL),
(723, 125, 3, 3, 2, 1, NULL, 1, 0, '2017-03-14 10:30:37', 1, NULL, NULL),
(724, 134, 3, 3, 2, 1, NULL, 1, 0, '2017-03-14 10:30:37', 1, NULL, NULL),
(725, 145, 3, 3, 2, 1, NULL, 1, 0, '2017-03-14 10:30:37', 1, NULL, NULL),
(726, 176, 3, 3, 2, 1, NULL, 1, 0, '2017-03-14 10:30:37', 1, NULL, NULL),
(727, 280, 3, 3, 2, 1, NULL, 1, 0, '2017-03-14 10:30:37', 1, NULL, NULL),
(728, 307, 3, 3, 2, 1, NULL, 1, 0, '2017-03-14 10:30:37', 1, NULL, NULL),
(729, 324, 3, 3, 2, 1, NULL, 1, 0, '2017-03-14 10:30:37', 1, NULL, NULL),
(730, 355, 3, 3, 2, 1, NULL, 1, 0, '2017-03-14 10:30:37', 1, NULL, NULL),
(731, 372, 3, 3, 2, 1, NULL, 1, 0, '2017-03-14 10:30:37', 1, NULL, NULL),
(732, 413, 3, 3, 2, 1, NULL, 1, 0, '2017-03-14 10:30:37', 1, NULL, NULL),
(733, 426, 3, 3, 2, 1, NULL, 1, 0, '2017-03-14 10:30:37', 1, NULL, NULL),
(734, 496, 3, 3, 2, 1, NULL, 1, 0, '2017-03-14 10:30:37', 1, NULL, NULL),
(735, 533, 3, 3, 2, 1, NULL, 1, 0, '2017-03-14 10:30:37', 1, NULL, NULL),
(736, 558, 3, 3, 2, 1, NULL, 1, 0, '2017-03-14 10:30:37', 1, NULL, NULL),
(737, 574, 3, 9, 2, 3, NULL, 1, 0, '2017-03-14 10:30:37', 1, NULL, NULL),
(738, 596, 3, 3, 2, 1, NULL, 1, 0, '2017-03-14 10:30:37', 1, NULL, NULL),
(739, 167, 5, 3, 2, 1, NULL, 1, 0, '2017-03-14 10:30:37', 1, NULL, NULL),
(740, 413, 5, 3, 2, 1, NULL, 1, 0, '2017-03-14 10:30:37', 1, NULL, NULL),
(741, 309, 5, 3, 2, 1, NULL, 1, 0, '2017-03-14 10:30:37', 1, NULL, NULL),
(742, 25, 5, 3, 2, 1, NULL, 1, 0, '2017-03-14 10:30:37', 1, NULL, NULL),
(743, 574, 5, 3, 2, 1, NULL, 1, 0, '2017-03-14 10:30:37', 1, NULL, NULL),
(744, 155, 5, 3, 2, 1, NULL, 1, 0, '2017-03-14 10:30:37', 1, NULL, NULL),
(745, 273, 5, 3, 2, 1, NULL, 1, 0, '2017-03-14 10:30:37', 1, NULL, NULL),
(746, 307, 5, 3, 2, 1, NULL, 1, 0, '2017-03-14 10:30:37', 1, NULL, NULL),
(747, 596, 5, 3, 2, 1, NULL, 1, 0, '2017-03-14 10:30:37', 1, NULL, NULL),
(748, 306, 5, 3, 2, 1, NULL, 1, 0, '2017-03-14 10:30:37', 1, NULL, NULL),
(749, 572, 5, 3, 2, 1, NULL, 1, 0, '2017-03-14 10:30:37', 1, NULL, NULL),
(750, 416, 6, -1, 2, 1, NULL, 1, 0, '2017-03-14 10:30:37', 1, NULL, NULL),
(751, 406, 6, -1, 2, 1, NULL, 1, 0, '2017-03-14 10:30:37', 1, NULL, NULL),
(752, 505, 6, -1, 2, 1, NULL, 1, 0, '2017-03-14 10:30:37', 1, NULL, NULL),
(753, 210, 6, -1, 2, 1, NULL, 1, 0, '2017-03-14 10:30:37', 1, NULL, NULL),
(754, 233, 6, -1, 2, 1, NULL, 1, 0, '2017-03-14 10:30:37', 1, NULL, NULL),
(755, 117, 6, -1, 2, 1, NULL, 1, 0, '2017-03-14 10:30:37', 1, NULL, NULL),
(756, 134, 6, -1, 2, 1, NULL, 1, 0, '2017-03-14 10:30:37', 1, NULL, NULL),
(757, 189, 6, -1, 2, 1, NULL, 1, 0, '2017-03-14 10:30:37', 1, NULL, NULL),
(758, 288, 6, -1, 2, 1, NULL, 1, 0, '2017-03-14 10:30:37', 1, NULL, NULL),
(759, 187, 6, -1, 2, 1, NULL, 1, 0, '2017-03-14 10:30:37', 1, NULL, NULL),
(760, 394, 6, -1, 2, 1, NULL, 1, 0, '2017-03-14 10:30:37', 1, NULL, NULL),
(761, 285, 6, -1, 2, 1, NULL, 1, 0, '2017-03-14 10:30:37', 1, NULL, NULL),
(762, 394, 6, -1, 2, 1, NULL, 1, 0, '2017-03-14 10:30:37', 1, NULL, NULL),
(763, 185, 6, -1, 2, 1, NULL, 1, 0, '2017-03-14 10:30:37', 1, NULL, NULL),
(764, 188, 6, -1, 2, 1, NULL, 1, 0, '2017-03-14 10:30:37', 1, NULL, NULL),
(765, 97, 6, -1, 2, 1, NULL, 1, 0, '2017-03-14 10:30:37', 1, NULL, NULL),
(766, 21, 6, -1, 2, 1, NULL, 1, 0, '2017-03-14 10:30:37', 1, NULL, NULL),
(767, 318, 6, -1, 2, 1, NULL, 1, 0, '2017-03-14 10:30:37', 1, NULL, NULL),
(768, 84, 6, -1, 2, 1, NULL, 1, 0, '2017-03-14 10:30:37', 1, NULL, NULL),
(769, 500, 6, -1, 2, 1, NULL, 1, 0, '2017-03-14 10:30:37', 1, NULL, NULL),
(770, 65, 6, -1, 2, 1, NULL, 1, 0, '2017-03-14 10:30:37', 1, NULL, NULL),
(771, 65, 6, -1, 2, 1, NULL, 1, 0, '2017-03-14 10:30:37', 1, NULL, NULL),
(772, 598, 6, -1, 2, 1, NULL, 1, 0, '2017-03-14 10:30:37', 1, NULL, NULL),
(773, 66, 6, -1, 2, 1, NULL, 1, 0, '2017-03-14 10:30:37', 1, NULL, NULL),
(774, 599, 6, -1, 2, 1, NULL, 1, 0, '2017-03-14 10:30:37', 1, NULL, NULL),
(775, 322, 6, -1, 2, 1, NULL, 1, 0, '2017-03-14 10:30:37', 1, NULL, NULL),
(776, 41, 6, -1, 2, 1, NULL, 1, 0, '2017-03-14 10:30:37', 1, NULL, NULL),
(777, 346, 6, -1, 2, 1, NULL, 1, 0, '2017-03-14 10:30:37', 1, NULL, NULL),
(778, 77, 6, -1, 2, 1, NULL, 1, 0, '2017-03-14 10:30:37', 1, NULL, NULL),
(779, 101, 6, -1, 2, 1, NULL, 1, 0, '2017-03-14 10:30:37', 1, NULL, NULL),
(780, 399, 6, -1, 2, 1, NULL, 1, 0, '2017-03-14 10:30:37', 1, NULL, NULL),
(781, 128, 6, -1, 2, 1, NULL, 1, 0, '2017-03-14 10:30:37', 1, NULL, NULL),
(782, 575, 6, -1, 2, 1, NULL, 1, 0, '2017-03-14 10:30:37', 1, NULL, NULL),
(783, 289, 6, -1, 2, 1, NULL, 1, 0, '2017-03-14 10:30:37', 1, NULL, NULL),
(784, 530, 6, -1, 2, 1, NULL, 1, 0, '2017-03-14 10:30:37', 1, NULL, NULL),
(785, 95, 6, -1, 2, 1, NULL, 1, 0, '2017-03-14 10:30:37', 1, NULL, NULL),
(786, 533, 6, -1, 2, 1, NULL, 1, 0, '2017-03-14 10:30:37', 1, NULL, NULL),
(787, 535, 6, -1, 2, 1, NULL, 1, 0, '2017-03-14 10:30:37', 1, NULL, NULL),
(788, 565, 6, -1, 2, 1, NULL, 1, 0, '2017-03-14 10:30:37', 1, NULL, NULL),
(789, 219, 6, -1, 2, 1, NULL, 1, 0, '2017-03-14 10:30:37', 1, NULL, NULL),
(790, 562, 6, -1, 2, 1, NULL, 1, 0, '2017-03-14 10:30:37', 1, NULL, NULL),
(791, 270, 6, -1, 2, 1, NULL, 1, 0, '2017-03-14 10:30:37', 1, NULL, NULL),
(792, 79, 6, -1, 2, 1, NULL, 1, 0, '2017-03-14 10:30:37', 1, NULL, NULL),
(793, 590, 8, -2, 2, 1, NULL, 1, 0, '2017-03-14 10:30:37', 1, NULL, NULL),
(794, 45, 17, 4, 2, 1, NULL, 1, 0, '2017-03-14 10:30:37', 1, NULL, NULL),
(795, 140, 17, 4, 2, 1, NULL, 1, 0, '2017-03-14 10:30:37', 1, NULL, NULL),
(796, 244, 14, 6, 2, 1, NULL, 1, 0, '2017-03-14 10:30:37', 1, NULL, NULL),
(797, 285, 17, 8, 2, 2, NULL, 1, 0, '2017-03-14 10:30:37', 1, NULL, NULL),
(798, 309, 14, 6, 2, 1, NULL, 1, 0, '2017-03-14 10:30:37', 1, NULL, NULL),
(799, 322, 15, 4, 2, 1, NULL, 1, 0, '2017-03-14 10:30:37', 1, NULL, NULL),
(800, 372, 15, 4, 2, 1, NULL, 1, 0, '2017-03-14 10:30:37', 1, NULL, NULL),
(801, 374, 17, 4, 2, 1, NULL, 1, 0, '2017-03-14 10:30:37', 1, NULL, NULL),
(802, 493, 15, 4, 2, 1, NULL, 1, 0, '2017-03-14 10:30:37', 1, NULL, NULL),
(803, 494, 17, 4, 2, 1, NULL, 1, 0, '2017-03-14 10:30:37', 1, NULL, NULL),
(804, 498, 17, 4, 2, 1, NULL, 1, 0, '2017-03-14 10:30:37', 1, NULL, NULL),
(805, 516, 17, 8, 2, 2, NULL, 1, 0, '2017-03-14 10:30:37', 1, NULL, NULL),
(806, 523, 14, 6, 2, 1, NULL, 1, 0, '2017-03-14 10:30:37', 1, NULL, NULL),
(807, 529, 14, 6, 2, 1, NULL, 1, 0, '2017-03-14 10:30:37', 1, NULL, NULL),
(808, 541, 17, 4, 2, 1, NULL, 1, 0, '2017-03-14 10:30:37', 1, NULL, NULL),
(809, 542, 15, 4, 2, 1, NULL, 1, 0, '2017-03-14 10:30:37', 1, NULL, NULL),
(810, 557, 17, 4, 2, 1, NULL, 1, 0, '2017-03-14 10:30:37', 1, NULL, NULL),
(811, 572, 17, 8, 2, 2, NULL, 1, 0, '2017-03-14 10:30:37', 1, NULL, NULL),
(812, 576, 17, 4, 2, 1, NULL, 1, 0, '2017-03-14 10:30:37', 1, NULL, NULL),
(813, 598, 17, 4, 2, 1, NULL, 1, 0, '2017-03-14 10:30:37', 1, NULL, NULL),
(814, 244, 18, 3, 2, 1, NULL, 1, 0, '2017-03-14 10:30:37', 1, NULL, NULL),
(815, 572, 18, 3, 2, 1, NULL, 1, 0, '2017-03-14 10:30:37', 1, NULL, NULL),
(816, 249, 18, 3, 2, 1, NULL, 1, 0, '2017-03-14 10:30:37', 1, NULL, NULL),
(817, 516, 18, 3, 2, 1, NULL, 1, 0, '2017-03-14 10:30:37', 1, NULL, NULL),
(818, 273, 18, 3, 2, 1, NULL, 1, 0, '2017-03-14 10:30:37', 1, NULL, NULL),
(819, 176, 18, 3, 2, 1, NULL, 1, 0, '2017-03-14 10:30:37', 1, NULL, NULL),
(820, 374, 18, 3, 2, 1, NULL, 1, 0, '2017-03-14 10:30:37', 1, NULL, NULL),
(821, 134, 18, 3, 2, 1, NULL, 1, 0, '2017-03-14 10:30:37', 1, NULL, NULL),
(822, 541, 18, 3, 2, 1, NULL, 1, 0, '2017-03-14 10:30:37', 1, NULL, NULL),
(823, 532, 4, -2, 2, 1, NULL, 1, 0, '2017-03-14 10:30:37', 1, NULL, NULL),
(824, 46, 11, 1, 2, 1, NULL, 1, 0, '2017-03-14 10:30:37', 1, NULL, NULL),
(825, 189, 11, 1, 2, 1, NULL, 1, 0, '2017-03-14 10:30:37', 1, NULL, NULL),
(826, 446, 11, 2, 2, 2, NULL, 1, 0, '2017-03-14 10:30:37', 1, NULL, NULL),
(827, 144, 11, 3, 2, 3, NULL, 1, 0, '2017-03-14 10:30:37', 1, NULL, NULL),
(828, 275, 11, 3, 2, 3, NULL, 1, 0, '2017-03-14 10:30:37', 1, NULL, NULL),
(829, 446, 12, 5, 2, 1, NULL, 1, 0, '2017-03-14 10:30:37', 1, NULL, NULL),
(830, 492, 13, -1, 2, 1, NULL, 1, 0, '2017-03-14 10:30:37', 1, NULL, NULL),
(831, 189, 13, -1, 2, 1, NULL, 1, 0, '2017-03-14 10:30:37', 1, NULL, NULL),
(832, 280, 13, -1, 2, 1, NULL, 1, 0, '2017-03-14 10:30:37', 1, NULL, NULL),
(833, 356, 13, -1, 2, 1, NULL, 1, 0, '2017-03-14 10:30:37', 1, NULL, NULL),
(834, 348, 13, -1, 2, 1, NULL, 1, 0, '2017-03-14 10:30:37', 1, NULL, NULL),
(835, 547, 13, -1, 2, 1, NULL, 1, 0, '2017-03-14 10:30:37', 1, NULL, NULL),
(836, 4, 13, -1, 2, 1, NULL, 1, 0, '2017-03-14 10:30:37', 1, NULL, NULL),
(837, 50, 13, -1, 2, 1, NULL, 1, 0, '2017-03-14 10:30:37', 1, NULL, NULL),
(838, 14, 13, -1, 2, 1, NULL, 1, 0, '2017-03-14 10:30:37', 1, NULL, NULL),
(839, 127, 13, -2, 2, 2, NULL, 1, 0, '2017-03-14 10:30:37', 1, NULL, NULL),
(840, 291, 13, -2, 2, 2, NULL, 1, 0, '2017-03-14 10:30:37', 1, NULL, NULL),
(841, 84, 13, -2, 2, 2, NULL, 1, 0, '2017-03-14 10:30:37', 1, NULL, NULL),
(842, 104, 13, -2, 2, 2, NULL, 1, 0, '2017-03-14 10:30:37', 1, NULL, NULL),
(843, 105, 13, -2, 2, 2, NULL, 1, 0, '2017-03-14 10:30:37', 1, NULL, NULL),
(844, 77, 13, -1, 2, 1, NULL, 1, 0, '2017-03-14 10:30:37', 1, NULL, NULL),
(845, 23, 13, -1, 2, 1, NULL, 1, 0, '2017-03-14 10:30:37', 1, NULL, NULL),
(846, 41, 13, -1, 2, 1, NULL, 1, 0, '2017-03-14 10:30:37', 1, NULL, NULL),
(847, 174, 13, -1, 2, 1, NULL, 1, 0, '2017-03-14 10:30:37', 1, NULL, NULL),
(848, 603, 13, -1, 2, 1, NULL, 1, 0, '2017-03-14 10:30:37', 1, NULL, NULL),
(849, 9, 13, -1, 2, 1, NULL, 1, 0, '2017-03-14 10:30:37', 1, NULL, NULL),
(850, 101, 13, -1, 2, 1, NULL, 1, 0, '2017-03-14 10:30:37', 1, NULL, NULL),
(851, 18, 13, -1, 2, 1, NULL, 1, 0, '2017-03-14 10:30:37', 1, NULL, NULL),
(852, 58, 13, -1, 2, 1, NULL, 1, 0, '2017-03-14 10:30:37', 1, NULL, NULL),
(853, 47, 13, -1, 2, 1, NULL, 1, 0, '2017-03-14 10:30:37', 1, NULL, NULL),
(854, 528, 13, -1, 2, 1, NULL, 1, 0, '2017-03-14 10:30:37', 1, NULL, NULL),
(855, 529, 13, -1, 2, 1, NULL, 1, 0, '2017-03-14 10:30:37', 1, NULL, NULL),
(856, 530, 13, -1, 2, 1, NULL, 1, 0, '2017-03-14 10:30:37', 1, NULL, NULL),
(857, 200, 13, -1, 2, 1, NULL, 1, 0, '2017-03-14 10:30:37', 1, NULL, NULL),
(858, 533, 13, -1, 2, 1, NULL, 1, 0, '2017-03-14 10:30:37', 1, NULL, NULL),
(859, 127, 2, 2, 3, 1, NULL, 1, 0, '2017-03-14 10:31:05', 1, NULL, NULL),
(860, 291, 2, 2, 3, 1, NULL, 1, 0, '2017-03-14 10:31:05', 1, NULL, NULL),
(861, 84, 2, 2, 3, 1, NULL, 1, 0, '2017-03-14 10:31:05', 1, NULL, NULL),
(862, 332, 2, 2, 3, 1, NULL, 1, 0, '2017-03-14 10:31:05', 1, NULL, NULL),
(863, 496, 2, 2, 3, 1, NULL, 1, 0, '2017-03-14 10:31:05', 1, NULL, NULL),
(864, 497, 2, 2, 3, 1, NULL, 1, 0, '2017-03-14 10:31:05', 1, NULL, NULL),
(865, 104, 2, 2, 3, 1, NULL, 1, 0, '2017-03-14 10:31:05', 1, NULL, NULL),
(866, 498, 2, 2, 3, 1, NULL, 1, 0, '2017-03-14 10:31:05', 1, NULL, NULL),
(867, 105, 2, 2, 3, 1, NULL, 1, 0, '2017-03-14 10:31:05', 1, NULL, NULL),
(868, 335, 2, 2, 3, 1, NULL, 1, 0, '2017-03-14 10:31:05', 1, NULL, NULL),
(869, 499, 2, 2, 3, 1, NULL, 1, 0, '2017-03-14 10:31:05', 1, NULL, NULL),
(870, 102, 1, 1, 3, 1, NULL, 1, 0, '2017-03-14 10:31:05', 1, NULL, NULL),
(871, 199, 1, 1, 3, 1, NULL, 1, 0, '2017-03-14 10:31:05', 1, NULL, NULL),
(872, 57, 1, 1, 3, 1, NULL, 1, 0, '2017-03-14 10:31:05', 1, NULL, NULL),
(873, 220, 2, 2, 3, 1, NULL, 1, 0, '2017-03-14 10:31:05', 1, NULL, NULL),
(874, 430, 2, 2, 3, 1, NULL, 1, 0, '2017-03-14 10:31:05', 1, NULL, NULL),
(875, 436, 2, 2, 3, 1, NULL, 1, 0, '2017-03-14 10:31:05', 1, NULL, NULL),
(876, 572, 2, 2, 3, 1, NULL, 1, 0, '2017-03-14 10:31:05', 1, NULL, NULL),
(877, 573, 2, 2, 3, 1, NULL, 1, 0, '2017-03-14 10:31:05', 1, NULL, NULL),
(878, 573, 16, 3, 3, 1, NULL, 1, 0, '2017-03-14 10:31:05', 1, NULL, NULL),
(879, 576, 2, 2, 3, 1, NULL, 1, 0, '2017-03-14 10:31:05', 1, NULL, NULL),
(880, 312, 2, 2, 3, 1, NULL, 1, 0, '2017-03-14 10:31:05', 1, NULL, NULL),
(881, 446, 2, 2, 3, 1, NULL, 1, 0, '2017-03-14 10:31:05', 1, NULL, NULL),
(882, 575, 2, 2, 3, 1, NULL, 1, 0, '2017-03-14 10:31:05', 1, NULL, NULL),
(883, 158, 2, 2, 3, 1, NULL, 1, 0, '2017-03-14 10:31:05', 1, NULL, NULL),
(884, 578, 2, 2, 3, 1, NULL, 1, 0, '2017-03-14 10:31:05', 1, NULL, NULL),
(885, 130, 1, 1, 3, 1, NULL, 1, 0, '2017-03-14 10:31:05', 1, NULL, NULL),
(886, 574, 1, 1, 3, 1, NULL, 1, 0, '2017-03-14 10:31:05', 1, NULL, NULL),
(887, 49, 1, 1, 3, 1, NULL, 1, 0, '2017-03-14 10:31:05', 1, NULL, NULL),
(888, 77, 2, 2, 3, 1, NULL, 1, 0, '2017-03-14 10:31:05', 1, NULL, NULL),
(889, 77, 10, 4, 3, 1, NULL, 1, 0, '2017-03-14 10:31:05', 1, NULL, NULL),
(890, 179, 2, 2, 3, 1, NULL, 1, 0, '2017-03-14 10:31:05', 1, NULL, NULL),
(891, 179, 10, 4, 3, 1, NULL, 1, 0, '2017-03-14 10:31:05', 1, NULL, NULL),
(892, 54, 2, 2, 3, 1, NULL, 1, 0, '2017-03-14 10:31:05', 1, NULL, NULL),
(893, 617, 2, 2, 3, 1, NULL, 1, 0, '2017-03-14 10:31:05', 1, NULL, NULL),
(894, 523, 2, 2, 3, 1, NULL, 1, 0, '2017-03-14 10:31:05', 1, NULL, NULL),
(895, 523, 10, 4, 3, 1, NULL, 1, 0, '2017-03-14 10:31:05', 1, NULL, NULL),
(896, 183, 2, 2, 3, 1, NULL, 1, 0, '2017-03-14 10:31:05', 1, NULL, NULL),
(897, 183, 16, 3, 3, 1, NULL, 1, 0, '2017-03-14 10:31:05', 1, NULL, NULL),
(898, 41, 2, 2, 3, 1, NULL, 1, 0, '2017-03-14 10:31:05', 1, NULL, NULL),
(899, 41, 10, 4, 3, 1, NULL, 1, 0, '2017-03-14 10:31:05', 1, NULL, NULL),
(900, 618, 2, 2, 3, 1, NULL, 1, 0, '2017-03-14 10:31:05', 1, NULL, NULL),
(901, 618, 10, 4, 3, 1, NULL, 1, 0, '2017-03-14 10:31:05', 1, NULL, NULL),
(902, 103, 2, 2, 3, 1, NULL, 1, 0, '2017-03-14 10:31:05', 1, NULL, NULL),
(903, 174, 2, 2, 3, 1, NULL, 1, 0, '2017-03-14 10:31:05', 1, NULL, NULL),
(904, 174, 10, 4, 3, 1, NULL, 1, 0, '2017-03-14 10:31:05', 1, NULL, NULL),
(905, 346, 2, 2, 3, 1, NULL, 1, 0, '2017-03-14 10:31:05', 1, NULL, NULL),
(906, 346, 16, 3, 3, 1, NULL, 1, 0, '2017-03-14 10:31:05', 1, NULL, NULL),
(907, 176, 1, 1, 3, 1, NULL, 1, 0, '2017-03-14 10:31:05', 1, NULL, NULL),
(908, 42, 1, 1, 3, 1, NULL, 1, 0, '2017-03-14 10:31:05', 1, NULL, NULL),
(909, 462, 1, 1, 3, 1, NULL, 1, 0, '2017-03-14 10:31:05', 1, NULL, NULL),
(910, 107, 2, 2, 3, 1, NULL, 1, 0, '2017-03-14 10:31:05', 1, NULL, NULL),
(911, 107, 10, 4, 3, 1, NULL, 1, 0, '2017-03-14 10:31:05', 1, NULL, NULL),
(912, 208, 2, 2, 3, 1, NULL, 1, 0, '2017-03-14 10:31:05', 1, NULL, NULL),
(913, 364, 2, 2, 3, 1, NULL, 1, 0, '2017-03-14 10:31:05', 1, NULL, NULL),
(914, 137, 2, 2, 3, 1, NULL, 1, 0, '2017-03-14 10:31:05', 1, NULL, NULL),
(915, 137, 10, 4, 3, 1, NULL, 1, 0, '2017-03-14 10:31:05', 1, NULL, NULL),
(916, 20, 2, 2, 3, 1, NULL, 1, 0, '2017-03-14 10:31:05', 1, NULL, NULL),
(917, 163, 2, 2, 3, 1, NULL, 1, 0, '2017-03-14 10:31:05', 1, NULL, NULL),
(918, 163, 10, 4, 3, 1, NULL, 1, 0, '2017-03-14 10:31:05', 1, NULL, NULL),
(919, 108, 2, 2, 3, 1, NULL, 1, 0, '2017-03-14 10:31:05', 1, NULL, NULL),
(920, 108, 10, 4, 3, 1, NULL, 1, 0, '2017-03-14 10:31:05', 1, NULL, NULL),
(921, 114, 2, 2, 3, 1, NULL, 1, 0, '2017-03-14 10:31:05', 1, NULL, NULL),
(922, 114, 16, 3, 3, 1, NULL, 1, 0, '2017-03-14 10:31:05', 1, NULL, NULL),
(923, 568, 2, 2, 3, 1, NULL, 1, 0, '2017-03-14 10:31:05', 1, NULL, NULL),
(924, 28, 2, 2, 3, 1, NULL, 1, 0, '2017-03-14 10:31:05', 1, NULL, NULL),
(925, 28, 10, 4, 3, 1, NULL, 1, 0, '2017-03-14 10:31:05', 1, NULL, NULL),
(926, 185, 2, 2, 3, 1, NULL, 1, 0, '2017-03-14 10:31:05', 1, NULL, NULL),
(927, 185, 16, 3, 3, 1, NULL, 1, 0, '2017-03-14 10:31:05', 1, NULL, NULL),
(928, 295, 1, 1, 3, 1, NULL, 1, 0, '2017-03-14 10:31:05', 1, NULL, NULL),
(929, 362, 1, 1, 3, 1, NULL, 1, 0, '2017-03-14 10:31:05', 1, NULL, NULL),
(930, 188, 1, 1, 3, 1, NULL, 1, 0, '2017-03-14 10:31:05', 1, NULL, NULL),
(931, 46, 2, 2, 3, 1, NULL, 1, 0, '2017-03-14 10:31:05', 1, NULL, NULL),
(932, 46, 10, 4, 3, 1, NULL, 1, 0, '2017-03-14 10:31:05', 1, NULL, NULL),
(933, 249, 2, 2, 3, 1, NULL, 1, 0, '2017-03-14 10:31:05', 1, NULL, NULL),
(934, 249, 10, 4, 3, 1, NULL, 1, 0, '2017-03-14 10:31:05', 1, NULL, NULL),
(935, 91, 2, 2, 3, 1, NULL, 1, 0, '2017-03-14 10:31:05', 1, NULL, NULL),
(936, 91, 10, 4, 3, 1, NULL, 1, 0, '2017-03-14 10:31:05', 1, NULL, NULL),
(937, 279, 2, 2, 3, 1, NULL, 1, 0, '2017-03-14 10:31:05', 1, NULL, NULL),
(938, 233, 2, 2, 3, 1, NULL, 1, 0, '2017-03-14 10:31:05', 1, NULL, NULL),
(939, 233, 16, 3, 3, 1, NULL, 1, 0, '2017-03-14 10:31:05', 1, NULL, NULL),
(940, 406, 2, 2, 3, 1, NULL, 1, 0, '2017-03-14 10:31:05', 1, NULL, NULL),
(941, 406, 16, 3, 3, 1, NULL, 1, 0, '2017-03-14 10:31:05', 1, NULL, NULL),
(942, 505, 2, 2, 3, 1, NULL, 1, 0, '2017-03-14 10:31:05', 1, NULL, NULL),
(943, 505, 10, 4, 3, 1, NULL, 1, 0, '2017-03-14 10:31:05', 1, NULL, NULL),
(944, 502, 2, 2, 3, 1, NULL, 1, 0, '2017-03-14 10:31:05', 1, NULL, NULL),
(945, 502, 16, 3, 3, 1, NULL, 1, 0, '2017-03-14 10:31:05', 1, NULL, NULL),
(946, 2, 2, 2, 3, 1, NULL, 1, 0, '2017-03-14 10:31:05', 1, NULL, NULL),
(947, 2, 16, 3, 3, 1, NULL, 1, 0, '2017-03-14 10:31:05', 1, NULL, NULL),
(948, 252, 2, 2, 3, 1, NULL, 1, 0, '2017-03-14 10:31:05', 1, NULL, NULL),
(949, 252, 16, 3, 3, 1, NULL, 1, 0, '2017-03-14 10:31:05', 1, NULL, NULL),
(950, 205, 2, 2, 3, 1, NULL, 1, 0, '2017-03-14 10:31:05', 1, NULL, NULL),
(951, 205, 16, 3, 3, 1, NULL, 1, 0, '2017-03-14 10:31:05', 1, NULL, NULL),
(952, 504, 1, 1, 3, 1, NULL, 1, 0, '2017-03-14 10:31:05', 1, NULL, NULL),
(953, 59, 1, 1, 3, 1, NULL, 1, 0, '2017-03-14 10:31:05', 1, NULL, NULL),
(954, 397, 1, 1, 3, 1, NULL, 1, 0, '2017-03-14 10:31:05', 1, NULL, NULL),
(955, 528, 2, 2, 3, 1, NULL, 1, 0, '2017-03-14 10:31:05', 1, NULL, NULL),
(956, 529, 2, 2, 3, 1, NULL, 1, 0, '2017-03-14 10:31:05', 1, NULL, NULL),
(957, 289, 2, 2, 3, 1, NULL, 1, 0, '2017-03-14 10:31:05', 1, NULL, NULL),
(958, 530, 2, 2, 3, 1, NULL, 1, 0, '2017-03-14 10:31:05', 1, NULL, NULL),
(959, 532, 2, 2, 3, 1, NULL, 1, 0, '2017-03-14 10:31:05', 1, NULL, NULL),
(960, 200, 2, 2, 3, 1, NULL, 1, 0, '2017-03-14 10:31:05', 1, NULL, NULL),
(961, 533, 2, 2, 3, 1, NULL, 1, 0, '2017-03-14 10:31:05', 1, NULL, NULL),
(962, 95, 1, 1, 3, 1, NULL, 1, 0, '2017-03-14 10:31:05', 1, NULL, NULL),
(963, 621, 1, 1, 3, 1, NULL, 1, 0, '2017-03-14 10:31:05', 1, NULL, NULL),
(964, 118, 2, 2, 3, 1, NULL, 1, 0, '2017-03-14 10:31:05', 1, NULL, NULL),
(965, 535, 2, 2, 3, 1, NULL, 1, 0, '2017-03-14 10:31:05', 1, NULL, NULL),
(966, 531, 1, 1, 3, 1, NULL, 1, 0, '2017-03-14 10:31:05', 1, NULL, NULL),
(967, 254, 1, 1, 3, 1, NULL, 1, 0, '2017-03-14 10:31:05', 1, NULL, NULL),
(968, 538, 1, 1, 3, 1, NULL, 1, 0, '2017-03-14 10:31:05', 1, NULL, NULL),
(969, 68, 2, 2, 3, 1, NULL, 1, 0, '2017-03-14 10:31:05', 1, NULL, NULL),
(970, 68, 10, 4, 3, 1, NULL, 1, 0, '2017-03-14 10:31:05', 1, NULL, NULL),
(971, 518, 2, 2, 3, 1, NULL, 1, 0, '2017-03-14 10:31:05', 1, NULL, NULL),
(972, 518, 10, 4, 3, 1, NULL, 1, 0, '2017-03-14 10:31:05', 1, NULL, NULL),
(973, 513, 2, 2, 3, 1, NULL, 1, 0, '2017-03-14 10:31:05', 1, NULL, NULL),
(974, 513, 16, 3, 3, 1, NULL, 1, 0, '2017-03-14 10:31:05', 1, NULL, NULL),
(975, 11, 2, 2, 3, 1, NULL, 1, 0, '2017-03-14 10:31:05', 1, NULL, NULL),
(976, 11, 16, 3, 3, 1, NULL, 1, 0, '2017-03-14 10:31:05', 1, NULL, NULL),
(977, 395, 2, 2, 3, 1, NULL, 1, 0, '2017-03-14 10:31:05', 1, NULL, NULL),
(978, 395, 10, 4, 3, 1, NULL, 1, 0, '2017-03-14 10:31:05', 1, NULL, NULL),
(979, 25, 2, 2, 3, 1, NULL, 1, 0, '2017-03-14 10:31:05', 1, NULL, NULL),
(980, 25, 10, 4, 3, 1, NULL, 1, 0, '2017-03-14 10:31:05', 1, NULL, NULL),
(981, 426, 2, 2, 3, 1, NULL, 1, 0, '2017-03-14 10:31:05', 1, NULL, NULL),
(982, 426, 16, 3, 3, 1, NULL, 1, 0, '2017-03-14 10:31:05', 1, NULL, NULL),
(983, 36, 2, 2, 3, 1, NULL, 1, 0, '2017-03-14 10:31:05', 1, NULL, NULL),
(984, 36, 10, 4, 3, 1, NULL, 1, 0, '2017-03-14 10:31:05', 1, NULL, NULL),
(985, 399, 2, 2, 3, 1, NULL, 1, 0, '2017-03-14 10:31:05', 1, NULL, NULL),
(986, 399, 16, 3, 3, 1, NULL, 1, 0, '2017-03-14 10:31:05', 1, NULL, NULL),
(987, 392, 2, 2, 3, 1, NULL, 1, 0, '2017-03-14 10:31:05', 1, NULL, NULL),
(988, 516, 2, 2, 3, 1, NULL, 1, 0, '2017-03-14 10:31:05', 1, NULL, NULL),
(989, 128, 1, 1, 3, 1, NULL, 1, 0, '2017-03-14 10:31:05', 1, NULL, NULL),
(990, 231, 1, 1, 3, 1, NULL, 1, 0, '2017-03-14 10:31:05', 1, NULL, NULL),
(991, 281, 1, 1, 3, 1, NULL, 1, 0, '2017-03-14 10:31:05', 1, NULL, NULL),
(992, 595, 2, 2, 3, 1, NULL, 1, 0, '2017-03-14 10:31:05', 1, NULL, NULL),
(993, 324, 2, 2, 3, 1, NULL, 1, 0, '2017-03-14 10:31:05', 1, NULL, NULL),
(994, 596, 2, 2, 3, 1, NULL, 1, 0, '2017-03-14 10:31:05', 1, NULL, NULL),
(995, 298, 2, 2, 3, 1, NULL, 1, 0, '2017-03-14 10:31:05', 1, NULL, NULL),
(996, 330, 2, 2, 3, 1, NULL, 1, 0, '2017-03-14 10:31:05', 1, NULL, NULL),
(997, 66, 2, 2, 3, 1, NULL, 1, 0, '2017-03-14 10:31:05', 1, NULL, NULL),
(998, 597, 2, 2, 3, 1, NULL, 1, 0, '2017-03-14 10:31:05', 1, NULL, NULL),
(999, 598, 2, 2, 3, 1, NULL, 1, 0, '2017-03-14 10:31:05', 1, NULL, NULL),
(1000, 599, 2, 2, 3, 1, NULL, 1, 0, '2017-03-14 10:31:05', 1, NULL, NULL),
(1001, 192, 2, 2, 3, 1, NULL, 1, 0, '2017-03-14 10:31:05', 1, NULL, NULL),
(1002, 628, 2, 2, 3, 1, NULL, 1, 0, '2017-03-14 10:31:05', 1, NULL, NULL),
(1003, 628, 10, 4, 3, 1, NULL, 1, 0, '2017-03-14 10:31:05', 1, NULL, NULL),
(1004, 322, 1, 1, 3, 1, NULL, 1, 0, '2017-03-14 10:31:05', 1, NULL, NULL),
(1005, 65, 1, 1, 3, 1, NULL, 1, 0, '2017-03-14 10:31:05', 1, NULL, NULL),
(1006, 121, 1, 1, 3, 1, NULL, 1, 0, '2017-03-14 10:31:05', 1, NULL, NULL),
(1007, 603, 2, 2, 3, 1, NULL, 1, 0, '2017-03-14 10:31:05', 1, NULL, NULL),
(1008, 603, 10, 4, 3, 1, NULL, 1, 0, '2017-03-14 10:31:05', 1, NULL, NULL),
(1009, 9, 2, 2, 3, 1, NULL, 1, 0, '2017-03-14 10:31:05', 1, NULL, NULL),
(1010, 9, 10, 4, 3, 1, NULL, 1, 0, '2017-03-14 10:31:05', 1, NULL, NULL),
(1011, 125, 2, 2, 3, 1, NULL, 1, 0, '2017-03-14 10:31:05', 1, NULL, NULL),
(1012, 125, 16, 3, 3, 1, NULL, 1, 0, '2017-03-14 10:31:05', 1, NULL, NULL),
(1013, 140, 2, 2, 3, 1, NULL, 1, 0, '2017-03-14 10:31:05', 1, NULL, NULL),
(1014, 101, 2, 2, 3, 1, NULL, 1, 0, '2017-03-14 10:31:05', 1, NULL, NULL),
(1015, 101, 10, 4, 3, 1, NULL, 1, 0, '2017-03-14 10:31:05', 1, NULL, NULL),
(1016, 18, 2, 2, 3, 1, NULL, 1, 0, '2017-03-14 10:31:05', 1, NULL, NULL),
(1017, 18, 10, 4, 3, 1, NULL, 1, 0, '2017-03-14 10:31:05', 1, NULL, NULL),
(1018, 132, 2, 2, 3, 1, NULL, 1, 0, '2017-03-14 10:31:05', 1, NULL, NULL),
(1019, 58, 2, 2, 3, 1, NULL, 1, 0, '2017-03-14 10:31:05', 1, NULL, NULL),
(1020, 58, 10, 4, 3, 1, NULL, 1, 0, '2017-03-14 10:31:05', 1, NULL, NULL),
(1021, 47, 2, 2, 3, 1, NULL, 1, 0, '2017-03-14 10:31:05', 1, NULL, NULL),
(1022, 47, 10, 4, 3, 1, NULL, 1, 0, '2017-03-14 10:31:05', 1, NULL, NULL),
(1023, 154, 2, 2, 3, 1, NULL, 1, 0, '2017-03-14 10:31:05', 1, NULL, NULL),
(1024, 620, 1, 1, 3, 1, NULL, 1, 0, '2017-03-14 10:31:05', 1, NULL, NULL),
(1025, 604, 1, 1, 3, 1, NULL, 1, 0, '2017-03-14 10:31:05', 1, NULL, NULL),
(1026, 207, 1, 1, 3, 1, NULL, 1, 0, '2017-03-14 10:31:05', 1, NULL, NULL),
(1027, 223, 2, 2, 3, 1, NULL, 1, 0, '2017-03-14 10:31:05', 1, NULL, NULL),
(1028, 624, 2, 2, 3, 1, NULL, 1, 0, '2017-03-14 10:31:05', 1, NULL, NULL),
(1029, 417, 2, 2, 3, 1, NULL, 1, 0, '2017-03-14 10:31:05', 1, NULL, NULL),
(1030, 229, 2, 2, 3, 1, NULL, 1, 0, '2017-03-14 10:31:05', 1, NULL, NULL),
(1031, 34, 2, 2, 3, 1, NULL, 1, 0, '2017-03-14 10:31:05', 1, NULL, NULL),
(1032, 270, 2, 2, 3, 1, NULL, 1, 0, '2017-03-14 10:31:05', 1, NULL, NULL),
(1033, 270, 16, 3, 3, 1, NULL, 1, 0, '2017-03-14 10:31:05', 1, NULL, NULL),
(1034, 554, 2, 2, 3, 1, NULL, 1, 0, '2017-03-14 10:31:05', 1, NULL, NULL),
(1035, 228, 2, 2, 3, 1, NULL, 1, 0, '2017-03-14 10:31:05', 1, NULL, NULL),
(1036, 273, 2, 2, 3, 1, NULL, 1, 0, '2017-03-14 10:31:05', 1, NULL, NULL),
(1037, 275, 2, 2, 3, 1, NULL, 1, 0, '2017-03-14 10:31:05', 1, NULL, NULL),
(1038, 276, 2, 2, 3, 1, NULL, 1, 0, '2017-03-14 10:31:05', 1, NULL, NULL),
(1039, 557, 1, 1, 3, 1, NULL, 1, 0, '2017-03-14 10:31:05', 1, NULL, NULL),
(1040, 558, 1, 1, 3, 1, NULL, 1, 0, '2017-03-14 10:31:05', 1, NULL, NULL),
(1041, 559, 1, 1, 3, 1, NULL, 1, 0, '2017-03-14 10:31:05', 1, NULL, NULL),
(1042, 348, 2, 2, 3, 1, NULL, 1, 0, '2017-03-14 10:31:05', 1, NULL, NULL),
(1043, 548, 2, 2, 3, 1, NULL, 1, 0, '2017-03-14 10:31:05', 1, NULL, NULL),
(1044, 4, 2, 2, 3, 1, NULL, 1, 0, '2017-03-14 10:31:05', 1, NULL, NULL),
(1045, 285, 2, 2, 3, 1, NULL, 1, 0, '2017-03-14 10:31:05', 1, NULL, NULL),
(1046, 550, 2, 2, 3, 1, NULL, 1, 0, '2017-03-14 10:31:05', 1, NULL, NULL),
(1047, 50, 2, 2, 3, 1, NULL, 1, 0, '2017-03-14 10:31:05', 1, NULL, NULL),
(1048, 394, 2, 2, 3, 1, NULL, 1, 0, '2017-03-14 10:31:05', 1, NULL, NULL),
(1049, 209, 2, 2, 3, 1, NULL, 1, 0, '2017-03-14 10:31:05', 1, NULL, NULL),
(1050, 549, 1, 1, 3, 1, NULL, 1, 0, '2017-03-14 10:31:05', 1, NULL, NULL),
(1051, 427, 1, 1, 3, 1, NULL, 1, 0, '2017-03-14 10:31:05', 1, NULL, NULL),
(1052, 201, 1, 1, 3, 1, NULL, 1, 0, '2017-03-14 10:31:05', 1, NULL, NULL),
(1053, 547, 2, 2, 3, 1, NULL, 1, 0, '2017-03-14 10:31:05', 1, NULL, NULL),
(1054, 145, 1, 1, 3, 1, NULL, 1, 0, '2017-03-14 10:31:05', 1, NULL, NULL),
(1055, 351, 2, 2, 3, 1, NULL, 1, 0, '2017-03-14 10:31:05', 1, NULL, NULL),
(1056, 365, 2, 2, 3, 1, NULL, 1, 0, '2017-03-14 10:31:05', 1, NULL, NULL),
(1057, 365, 10, 4, 3, 1, NULL, 1, 0, '2017-03-14 10:31:05', 1, NULL, NULL),
(1058, 309, 2, 2, 3, 1, NULL, 1, 0, '2017-03-14 10:31:05', 1, NULL, NULL),
(1059, 541, 2, 2, 3, 1, NULL, 1, 0, '2017-03-14 10:31:05', 1, NULL, NULL),
(1060, 542, 2, 2, 3, 1, NULL, 1, 0, '2017-03-14 10:31:05', 1, NULL, NULL),
(1061, 368, 2, 2, 3, 1, NULL, 1, 0, '2017-03-14 10:31:05', 1, NULL, NULL),
(1062, 543, 2, 2, 3, 1, NULL, 1, 0, '2017-03-14 10:31:05', 1, NULL, NULL),
(1063, 546, 2, 2, 3, 1, NULL, 1, 0, '2017-03-14 10:31:05', 1, NULL, NULL),
(1064, 39, 2, 2, 3, 1, NULL, 1, 0, '2017-03-14 10:31:05', 1, NULL, NULL),
(1065, 306, 2, 2, 3, 1, NULL, 1, 0, '2017-03-14 10:31:05', 1, NULL, NULL),
(1066, 307, 2, 2, 3, 1, NULL, 1, 0, '2017-03-14 10:31:05', 1, NULL, NULL),
(1067, 360, 2, 2, 3, 1, NULL, 1, 0, '2017-03-14 10:31:05', 1, NULL, NULL),
(1068, 305, 1, 1, 3, 1, NULL, 1, 0, '2017-03-14 10:31:05', 1, NULL, NULL),
(1069, 301, 1, 1, 3, 1, NULL, 1, 0, '2017-03-14 10:31:05', 1, NULL, NULL),
(1070, 614, 1, 1, 3, 1, NULL, 1, 0, '2017-03-14 10:31:05', 1, NULL, NULL),
(1071, 376, 2, 2, 3, 1, NULL, 1, 0, '2017-03-14 10:31:05', 1, NULL, NULL),
(1072, 299, 2, 2, 3, 1, NULL, 1, 0, '2017-03-14 10:31:05', 1, NULL, NULL),
(1073, 562, 2, 2, 3, 1, NULL, 1, 0, '2017-03-14 10:31:05', 1, NULL, NULL),
(1074, 562, 10, 4, 3, 1, NULL, 1, 0, '2017-03-14 10:31:05', 1, NULL, NULL),
(1075, 560, 1, 1, 3, 1, NULL, 1, 0, '2017-03-14 10:31:05', 1, NULL, NULL),
(1076, 217, 2, 2, 3, 1, NULL, 1, 0, '2017-03-14 10:31:05', 1, NULL, NULL),
(1077, 292, 2, 2, 3, 1, NULL, 1, 0, '2017-03-14 10:31:05', 1, NULL, NULL),
(1078, 292, 16, 3, 3, 1, NULL, 1, 0, '2017-03-14 10:31:05', 1, NULL, NULL),
(1079, 564, 2, 2, 3, 1, NULL, 1, 0, '2017-03-14 10:31:05', 1, NULL, NULL),
(1080, 300, 2, 2, 3, 1, NULL, 1, 0, '2017-03-14 10:31:05', 1, NULL, NULL),
(1081, 565, 2, 2, 3, 1, NULL, 1, 0, '2017-03-14 10:31:05', 1, NULL, NULL),
(1082, 153, 2, 2, 3, 1, NULL, 1, 0, '2017-03-14 10:31:05', 1, NULL, NULL),
(1083, 144, 2, 2, 3, 1, NULL, 1, 0, '2017-03-14 10:31:05', 1, NULL, NULL),
(1084, 265, 1, 1, 3, 1, NULL, 1, 0, '2017-03-14 10:31:05', 1, NULL, NULL),
(1085, 421, 1, 1, 3, 1, NULL, 1, 0, '2017-03-14 10:31:05', 1, NULL, NULL),
(1086, 219, 1, 1, 3, 1, NULL, 1, 0, '2017-03-14 10:31:05', 1, NULL, NULL),
(1087, 167, 2, 2, 3, 1, NULL, 1, 0, '2017-03-14 10:31:05', 1, NULL, NULL),
(1088, 447, 2, 2, 3, 1, NULL, 1, 0, '2017-03-14 10:31:05', 1, NULL, NULL),
(1089, 608, 1, 1, 3, 1, NULL, 1, 0, '2017-03-14 10:31:05', 1, NULL, NULL),
(1090, 579, 2, 2, 3, 1, NULL, 1, 0, '2017-03-14 10:31:05', 1, NULL, NULL),
(1091, 416, 2, 2, 3, 1, NULL, 1, 0, '2017-03-14 10:31:05', 1, NULL, NULL),
(1092, 72, 2, 2, 3, 1, NULL, 1, 0, '2017-03-14 10:31:05', 1, NULL, NULL),
(1093, 379, 2, 2, 3, 1, NULL, 1, 0, '2017-03-14 10:31:05', 1, NULL, NULL),
(1094, 142, 2, 2, 3, 1, NULL, 1, 0, '2017-03-14 10:31:05', 1, NULL, NULL),
(1095, 415, 2, 2, 3, 1, NULL, 1, 0, '2017-03-14 10:31:05', 1, NULL, NULL),
(1096, 582, 2, 2, 3, 1, NULL, 1, 0, '2017-03-14 10:31:05', 1, NULL, NULL),
(1097, 607, 2, 2, 3, 1, NULL, 1, 0, '2017-03-14 10:31:05', 1, NULL, NULL),
(1098, 583, 1, 1, 3, 1, NULL, 1, 0, '2017-03-14 10:31:05', 1, NULL, NULL),
(1099, 580, 2, 2, 3, 1, NULL, 1, 0, '2017-03-14 10:31:05', 1, NULL, NULL),
(1100, 43, 1, 1, 3, 1, NULL, 1, 0, '2017-03-14 10:31:05', 1, NULL, NULL),
(1101, 325, 2, 2, 3, 1, NULL, 1, 0, '2017-03-14 10:31:05', 1, NULL, NULL),
(1102, 203, 2, 2, 3, 1, NULL, 1, 0, '2017-03-14 10:31:05', 1, NULL, NULL),
(1103, 10, 2, 2, 3, 1, NULL, 1, 0, '2017-03-14 10:31:05', 1, NULL, NULL),
(1104, 374, 2, 2, 3, 1, NULL, 1, 0, '2017-03-14 10:31:05', 1, NULL, NULL),
(1105, 589, 2, 2, 3, 1, NULL, 1, 0, '2017-03-14 10:31:05', 1, NULL, NULL),
(1106, 590, 2, 2, 3, 1, NULL, 1, 0, '2017-03-14 10:31:05', 1, NULL, NULL),
(1107, 381, 2, 2, 3, 1, NULL, 1, 0, '2017-03-14 10:31:05', 1, NULL, NULL),
(1108, 21, 2, 2, 3, 1, NULL, 1, 0, '2017-03-14 10:31:05', 1, NULL, NULL),
(1109, 407, 2, 2, 3, 1, NULL, 1, 0, '2017-03-14 10:31:05', 1, NULL, NULL),
(1110, 26, 2, 2, 3, 1, NULL, 1, 0, '2017-03-14 10:31:05', 1, NULL, NULL),
(1111, 318, 2, 2, 3, 1, NULL, 1, 0, '2017-03-14 10:31:05', 1, NULL, NULL),
(1112, 448, 1, 1, 3, 1, NULL, 1, 0, '2017-03-14 10:31:05', 1, NULL, NULL),
(1113, 613, 1, 1, 3, 1, NULL, 1, 0, '2017-03-14 10:31:05', 1, NULL, NULL),
(1114, 594, 1, 1, 3, 1, NULL, 1, 0, '2017-03-14 10:31:05', 1, NULL, NULL),
(1115, 22, 2, 2, 3, 1, NULL, 1, 0, '2017-03-14 10:31:05', 1, NULL, NULL),
(1116, 22, 10, 4, 3, 1, NULL, 1, 0, '2017-03-14 10:31:05', 1, NULL, NULL),
(1117, 413, 2, 2, 3, 1, NULL, 1, 0, '2017-03-14 10:31:05', 1, NULL, NULL),
(1118, 413, 10, 4, 3, 1, NULL, 1, 0, '2017-03-14 10:31:05', 1, NULL, NULL),
(1119, 244, 2, 2, 3, 1, NULL, 1, 0, '2017-03-14 10:31:05', 1, NULL, NULL),
(1120, 244, 10, 4, 3, 1, NULL, 1, 0, '2017-03-14 10:31:05', 1, NULL, NULL),
(1121, 12, 2, 2, 3, 1, NULL, 1, 0, '2017-03-14 10:31:05', 1, NULL, NULL),
(1122, 259, 2, 2, 3, 1, NULL, 1, 0, '2017-03-14 10:31:05', 1, NULL, NULL),
(1123, 509, 2, 2, 3, 1, NULL, 1, 0, '2017-03-14 10:31:05', 1, NULL, NULL),
(1124, 509, 16, 3, 3, 1, NULL, 1, 0, '2017-03-14 10:31:05', 1, NULL, NULL),
(1125, 510, 2, 2, 3, 1, NULL, 1, 0, '2017-03-14 10:31:05', 1, NULL, NULL),
(1126, 510, 16, 3, 3, 1, NULL, 1, 0, '2017-03-14 10:31:05', 1, NULL, NULL),
(1127, 235, 2, 2, 3, 1, NULL, 1, 0, '2017-03-14 10:31:05', 1, NULL, NULL),
(1128, 235, 16, 3, 3, 1, NULL, 1, 0, '2017-03-14 10:31:05', 1, NULL, NULL),
(1129, 98, 2, 2, 3, 1, NULL, 1, 0, '2017-03-14 10:31:05', 1, NULL, NULL),
(1130, 98, 10, 4, 3, 1, NULL, 1, 0, '2017-03-14 10:31:05', 1, NULL, NULL),
(1131, 433, 2, 2, 3, 1, NULL, 1, 0, '2017-03-14 10:31:05', 1, NULL, NULL),
(1132, 512, 2, 2, 3, 1, NULL, 1, 0, '2017-03-14 10:31:05', 1, NULL, NULL),
(1133, 512, 10, 4, 3, 1, NULL, 1, 0, '2017-03-14 10:31:05', 1, NULL, NULL),
(1134, 313, 1, 1, 3, 1, NULL, 1, 0, '2017-03-14 10:31:05', 1, NULL, NULL),
(1135, 491, 1, 1, 3, 1, NULL, 1, 0, '2017-03-14 10:31:05', 1, NULL, NULL),
(1136, 316, 1, 1, 3, 1, NULL, 1, 0, '2017-03-14 10:31:05', 1, NULL, NULL),
(1137, 63, 2, 2, 3, 1, NULL, 1, 0, '2017-03-14 10:31:05', 1, NULL, NULL),
(1138, 124, 2, 2, 3, 1, NULL, 1, 0, '2017-03-14 10:31:05', 1, NULL, NULL),
(1139, 37, 2, 2, 3, 1, NULL, 1, 0, '2017-03-14 10:31:05', 1, NULL, NULL),
(1140, 410, 2, 2, 3, 1, NULL, 1, 0, '2017-03-14 10:31:05', 1, NULL, NULL),
(1141, 358, 2, 2, 3, 1, NULL, 1, 0, '2017-03-14 10:31:05', 1, NULL, NULL),
(1142, 13, 2, 2, 3, 1, NULL, 1, 0, '2017-03-14 10:31:05', 1, NULL, NULL),
(1143, 85, 2, 2, 3, 1, NULL, 1, 0, '2017-03-14 10:31:05', 1, NULL, NULL),
(1144, 79, 2, 2, 3, 1, NULL, 1, 0, '2017-03-14 10:31:05', 1, NULL, NULL),
(1145, 120, 2, 2, 3, 1, NULL, 1, 0, '2017-03-14 10:31:05', 1, NULL, NULL),
(1146, 32, 2, 2, 3, 1, NULL, 1, 0, '2017-03-14 10:31:05', 1, NULL, NULL),
(1147, 465, 2, 2, 3, 1, NULL, 1, 0, '2017-03-14 10:31:05', 1, NULL, NULL),
(1148, 150, 1, 1, 3, 1, NULL, 1, 0, '2017-03-14 10:31:05', 1, NULL, NULL),
(1149, 398, 1, 1, 3, 1, NULL, 1, 0, '2017-03-14 10:31:05', 1, NULL, NULL),
(1150, 92, 1, 1, 3, 1, NULL, 1, 0, '2017-03-14 10:31:05', 1, NULL, NULL),
(1151, 492, 2, 2, 3, 1, NULL, 1, 0, '2017-03-14 10:31:05', 1, NULL, NULL),
(1152, 493, 2, 2, 3, 1, NULL, 1, 0, '2017-03-14 10:31:05', 1, NULL, NULL),
(1153, 218, 2, 2, 3, 1, NULL, 1, 0, '2017-03-14 10:31:05', 1, NULL, NULL),
(1154, 155, 1, 1, 3, 1, NULL, 1, 0, '2017-03-14 10:31:05', 1, NULL, NULL),
(1155, 117, 2, 2, 3, 1, NULL, 1, 0, '2017-03-14 10:31:05', 1, NULL, NULL),
(1156, 189, 2, 2, 3, 1, NULL, 1, 0, '2017-03-14 10:31:05', 1, NULL, NULL),
(1157, 355, 2, 2, 3, 1, NULL, 1, 0, '2017-03-14 10:31:05', 1, NULL, NULL),
(1158, 356, 2, 2, 3, 1, NULL, 1, 0, '2017-03-14 10:31:05', 1, NULL, NULL),
(1159, 134, 2, 2, 3, 1, NULL, 1, 0, '2017-03-14 10:31:05', 1, NULL, NULL),
(1160, 45, 2, 2, 3, 1, NULL, 1, 0, '2017-03-14 10:31:05', 1, NULL, NULL),
(1161, 99, 2, 2, 3, 1, NULL, 1, 0, '2017-03-14 10:31:05', 1, NULL, NULL),
(1162, 76, 1, 1, 3, 1, NULL, 1, 0, '2017-03-14 10:31:05', 1, NULL, NULL),
(1163, 494, 1, 1, 3, 1, NULL, 1, 0, '2017-03-14 10:31:05', 1, NULL, NULL),
(1164, 187, 1, 1, 3, 1, NULL, 1, 0, '2017-03-14 10:31:05', 1, NULL, NULL),
(1165, 45, 3, 3, 3, 1, NULL, 1, 0, '2017-03-14 10:31:05', 1, NULL, NULL),
(1166, 72, 3, 3, 3, 1, NULL, 1, 0, '2017-03-14 10:31:05', 1, NULL, NULL),
(1167, 79, 3, 3, 3, 1, NULL, 1, 0, '2017-03-14 10:31:05', 1, NULL, NULL),
(1168, 92, 3, 6, 3, 2, NULL, 1, 0, '2017-03-14 10:31:05', 1, NULL, NULL),
(1169, 217, 3, 3, 3, 1, NULL, 1, 0, '2017-03-14 10:31:05', 1, NULL, NULL),
(1170, 218, 3, 3, 3, 1, NULL, 1, 0, '2017-03-14 10:31:05', 1, NULL, NULL),
(1171, 279, 3, 6, 3, 2, NULL, 1, 0, '2017-03-14 10:31:05', 1, NULL, NULL),
(1172, 292, 3, 3, 3, 1, NULL, 1, 0, '2017-03-14 10:31:05', 1, NULL, NULL),
(1173, 300, 3, 6, 3, 2, NULL, 1, 0, '2017-03-14 10:31:05', 1, NULL, NULL),
(1174, 306, 3, 3, 3, 1, NULL, 1, 0, '2017-03-14 10:31:05', 1, NULL, NULL),
(1175, 392, 3, 3, 3, 1, NULL, 1, 0, '2017-03-14 10:31:05', 1, NULL, NULL),
(1176, 406, 3, 6, 3, 2, NULL, 1, 0, '2017-03-14 10:31:05', 1, NULL, NULL),
(1177, 410, 3, 3, 3, 1, NULL, 1, 0, '2017-03-14 10:31:05', 1, NULL, NULL),
(1178, 413, 3, 3, 3, 1, NULL, 1, 0, '2017-03-14 10:31:05', 1, NULL, NULL),
(1179, 497, 3, 3, 3, 1, NULL, 1, 0, '2017-03-14 10:31:05', 1, NULL, NULL),
(1180, 502, 3, 6, 3, 2, NULL, 1, 0, '2017-03-14 10:31:05', 1, NULL, NULL),
(1181, 542, 3, 3, 3, 1, NULL, 1, 0, '2017-03-14 10:31:05', 1, NULL, NULL),
(1182, 549, 3, 3, 3, 1, NULL, 1, 0, '2017-03-14 10:31:05', 1, NULL, NULL),
(1183, 144, 5, 3, 3, 1, NULL, 1, 0, '2017-03-14 10:31:05', 1, NULL, NULL),
(1184, 618, 5, 3, 3, 1, NULL, 1, 0, '2017-03-14 10:31:05', 1, NULL, NULL),
(1185, 91, 5, 3, 3, 1, NULL, 1, 0, '2017-03-14 10:31:05', 1, NULL, NULL),
(1186, 309, 5, 3, 3, 1, NULL, 1, 0, '2017-03-14 10:31:05', 1, NULL, NULL),
(1187, 413, 5, 3, 3, 1, NULL, 1, 0, '2017-03-14 10:31:05', 1, NULL, NULL),
(1188, 79, 5, 3, 3, 1, NULL, 1, 0, '2017-03-14 10:31:05', 1, NULL, NULL),
(1189, 11, 5, 3, 3, 1, NULL, 1, 0, '2017-03-14 10:31:05', 1, NULL, NULL),
(1190, 217, 5, 3, 3, 1, NULL, 1, 0, '2017-03-14 10:31:05', 1, NULL, NULL),
(1191, 233, 5, 3, 3, 1, NULL, 1, 0, '2017-03-14 10:31:05', 1, NULL, NULL),
(1192, 502, 5, 3, 3, 1, NULL, 1, 0, '2017-03-14 10:31:05', 1, NULL, NULL),
(1193, 13, 5, 3, 3, 1, NULL, 1, 0, '2017-03-14 10:31:05', 1, NULL, NULL),
(1194, 499, 6, -1, 3, 1, NULL, 1, 0, '2017-03-14 10:31:05', 1, NULL, NULL),
(1195, 496, 6, -1, 3, 1, NULL, 1, 0, '2017-03-14 10:31:05', 1, NULL, NULL),
(1196, 199, 6, -1, 3, 1, NULL, 1, 0, '2017-03-14 10:31:05', 1, NULL, NULL),
(1197, 572, 6, -1, 3, 1, NULL, 1, 0, '2017-03-14 10:31:05', 1, NULL, NULL),
(1198, 54, 6, -1, 3, 1, NULL, 1, 0, '2017-03-14 10:31:05', 1, NULL, NULL),
(1199, 108, 6, -1, 3, 1, NULL, 1, 0, '2017-03-14 10:31:05', 1, NULL, NULL),
(1200, 28, 6, -1, 3, 1, NULL, 1, 0, '2017-03-14 10:31:05', 1, NULL, NULL),
(1201, 364, 6, -1, 3, 1, NULL, 1, 0, '2017-03-14 10:31:05', 1, NULL, NULL),
(1202, 279, 6, -1, 3, 1, NULL, 1, 0, '2017-03-14 10:31:05', 1, NULL, NULL),
(1203, 505, 6, -1, 3, 1, NULL, 1, 0, '2017-03-14 10:31:05', 1, NULL, NULL),
(1204, 289, 6, -1, 3, 1, NULL, 1, 0, '2017-03-14 10:31:05', 1, NULL, NULL),
(1205, 535, 6, -1, 3, 1, NULL, 1, 0, '2017-03-14 10:31:05', 1, NULL, NULL),
(1206, 200, 6, -1, 3, 1, NULL, 1, 0, '2017-03-14 10:31:05', 1, NULL, NULL),
(1207, 395, 6, -1, 3, 1, NULL, 1, 0, '2017-03-14 10:31:05', 1, NULL, NULL),
(1208, 281, 6, -1, 3, 1, NULL, 1, 0, '2017-03-14 10:31:05', 1, NULL, NULL),
(1209, 324, 6, -1, 3, 1, NULL, 1, 0, '2017-03-14 10:31:05', 1, NULL, NULL),
(1210, 330, 6, -1, 3, 1, NULL, 1, 0, '2017-03-14 10:31:05', 1, NULL, NULL),
(1211, 101, 6, -1, 3, 1, NULL, 1, 0, '2017-03-14 10:31:05', 1, NULL, NULL),
(1212, 557, 6, -1, 3, 1, NULL, 1, 0, '2017-03-14 10:31:05', 1, NULL, NULL),
(1213, 547, 6, -1, 3, 1, NULL, 1, 0, '2017-03-14 10:31:05', 1, NULL, NULL),
(1214, 548, 6, -1, 3, 1, NULL, 1, 0, '2017-03-14 10:31:05', 1, NULL, NULL),
(1215, 39, 6, -1, 3, 1, NULL, 1, 0, '2017-03-14 10:31:05', 1, NULL, NULL),
(1216, 368, 6, -1, 3, 1, NULL, 1, 0, '2017-03-14 10:31:05', 1, NULL, NULL),
(1217, 39, 6, -1, 3, 1, NULL, 1, 0, '2017-03-14 10:31:05', 1, NULL, NULL),
(1218, 543, 6, -1, 3, 1, NULL, 1, 0, '2017-03-14 10:31:05', 1, NULL, NULL),
(1219, 565, 6, -1, 3, 1, NULL, 1, 0, '2017-03-14 10:31:05', 1, NULL, NULL),
(1220, 144, 6, -1, 3, 1, NULL, 1, 0, '2017-03-14 10:31:05', 1, NULL, NULL),
(1221, 582, 6, -1, 3, 1, NULL, 1, 0, '2017-03-14 10:31:05', 1, NULL, NULL),
(1222, 167, 6, -1, 3, 1, NULL, 1, 0, '2017-03-14 10:31:05', 1, NULL, NULL),
(1223, 407, 6, -1, 3, 1, NULL, 1, 0, '2017-03-14 10:31:05', 1, NULL, NULL),
(1224, 433, 6, -1, 3, 1, NULL, 1, 0, '2017-03-14 10:31:05', 1, NULL, NULL),
(1225, 244, 6, -1, 3, 1, NULL, 1, 0, '2017-03-14 10:31:05', 1, NULL, NULL),
(1226, 358, 6, -1, 3, 1, NULL, 1, 0, '2017-03-14 10:31:05', 1, NULL, NULL),
(1227, 150, 6, -1, 3, 1, NULL, 1, 0, '2017-03-14 10:31:05', 1, NULL, NULL),
(1228, 13, 6, -1, 3, 1, NULL, 1, 0, '2017-03-14 10:31:05', 1, NULL, NULL),
(1229, 356, 6, -1, 3, 1, NULL, 1, 0, '2017-03-14 10:31:05', 1, NULL, NULL),
(1230, 492, 6, -1, 3, 1, NULL, 1, 0, '2017-03-14 10:31:05', 1, NULL, NULL),
(1231, 127, 7, -3, 3, 1, NULL, 1, 0, '2017-03-14 10:31:05', 1, NULL, NULL),
(1232, 574, 7, -3, 3, 1, NULL, 1, 0, '2017-03-14 10:31:05', 1, NULL, NULL),
(1233, 84, 7, -3, 3, 1, NULL, 1, 0, '2017-03-14 10:31:05', 1, NULL, NULL),
(1234, 2, 15, 4, 3, 1, NULL, 1, 0, '2017-03-14 10:31:05', 1, NULL, NULL),
(1235, 13, 17, 16, 3, 4, NULL, 1, 0, '2017-03-14 10:31:05', 1, NULL, NULL),
(1236, 32, 15, 4, 3, 1, NULL, 1, 0, '2017-03-14 10:31:05', 1, NULL, NULL),
(1237, 45, 17, 4, 3, 1, NULL, 1, 0, '2017-03-14 10:31:05', 1, NULL, NULL),
(1238, 117, 15, 4, 3, 1, NULL, 1, 0, '2017-03-14 10:31:05', 1, NULL, NULL),
(1239, 132, 17, 4, 3, 1, NULL, 1, 0, '2017-03-14 10:31:05', 1, NULL, NULL),
(1240, 217, 15, 8, 3, 2, NULL, 1, 0, '2017-03-14 10:31:05', 1, NULL, NULL),
(1241, 231, 15, 4, 3, 1, NULL, 1, 0, '2017-03-14 10:31:05', 1, NULL, NULL),
(1242, 233, 15, 8, 3, 2, NULL, 1, 0, '2017-03-14 10:31:05', 1, NULL, NULL),
(1243, 259, 17, 4, 3, 1, NULL, 1, 0, '2017-03-14 10:31:05', 1, NULL, NULL),
(1244, 279, 17, 8, 3, 2, NULL, 1, 0, '2017-03-14 10:31:05', 1, NULL, NULL),
(1245, 285, 17, 4, 3, 1, NULL, 1, 0, '2017-03-14 10:31:05', 1, NULL, NULL),
(1246, 292, 15, 8, 3, 2, NULL, 1, 0, '2017-03-14 10:31:05', 1, NULL, NULL),
(1247, 307, 15, 4, 3, 1, NULL, 1, 0, '2017-03-14 10:31:05', 1, NULL, NULL),
(1248, 379, 17, 4, 3, 1, NULL, 1, 0, '2017-03-14 10:31:05', 1, NULL, NULL),
(1249, 392, 17, 4, 3, 1, NULL, 1, 0, '2017-03-14 10:31:05', 1, NULL, NULL),
(1250, 410, 17, 4, 3, 1, NULL, 1, 0, '2017-03-14 10:31:05', 1, NULL, NULL),
(1251, 498, 17, 4, 3, 1, NULL, 1, 0, '2017-03-14 10:31:05', 1, NULL, NULL),
(1252, 502, 15, 4, 3, 1, NULL, 1, 0, '2017-03-14 10:31:05', 1, NULL, NULL),
(1253, 542, 15, 4, 3, 1, NULL, 1, 0, '2017-03-14 10:31:05', 1, NULL, NULL),
(1254, 562, 14, 6, 3, 1, NULL, 1, 0, '2017-03-14 10:31:05', 1, NULL, NULL),
(1255, 578, 15, 4, 3, 1, NULL, 1, 0, '2017-03-14 10:31:05', 1, NULL, NULL),
(1256, 279, 18, 3, 3, 1, NULL, 1, 0, '2017-03-14 10:31:05', 1, NULL, NULL),
(1257, 392, 18, 3, 3, 1, NULL, 1, 0, '2017-03-14 10:31:05', 1, NULL, NULL),
(1258, 217, 18, 3, 3, 1, NULL, 1, 0, '2017-03-14 10:31:05', 1, NULL, NULL),
(1259, 259, 18, 3, 3, 1, NULL, 1, 0, '2017-03-14 10:31:05', 1, NULL, NULL),
(1260, 13, 18, 3, 3, 1, NULL, 1, 0, '2017-03-14 10:31:05', 1, NULL, NULL),
(1261, 132, 18, 3, 3, 1, NULL, 1, 0, '2017-03-14 10:31:05', 1, NULL, NULL),
(1262, 542, 18, 3, 3, 1, NULL, 1, 0, '2017-03-14 10:31:05', 1, NULL, NULL),
(1263, 346, 18, 3, 3, 1, NULL, 1, 0, '2017-03-14 10:31:05', 1, NULL, NULL),
(1264, 498, 18, 3, 3, 1, NULL, 1, 0, '2017-03-14 10:31:05', 1, NULL, NULL),
(1265, 163, 11, 3, 3, 3, NULL, 1, 0, '2017-03-14 10:31:05', 1, NULL, NULL),
(1266, 528, 11, 1, 3, 1, NULL, 1, 0, '2017-03-14 10:31:05', 1, NULL, NULL),
(1267, 192, 11, 1, 3, 1, NULL, 1, 0, '2017-03-14 10:31:05', 1, NULL, NULL),
(1268, 546, 11, 2, 3, 2, NULL, 1, 0, '2017-03-14 10:31:05', 1, NULL, NULL),
(1269, 144, 11, 2, 3, 2, NULL, 1, 0, '2017-03-14 10:31:05', 1, NULL, NULL),
(1270, 167, 11, 1, 3, 1, NULL, 1, 0, '2017-03-14 10:31:05', 1, NULL, NULL),
(1271, 189, 11, 1, 3, 1, NULL, 1, 0, '2017-03-14 10:31:05', 1, NULL, NULL),
(1272, 528, 13, -3, 3, 3, NULL, 1, 0, '2017-03-14 10:31:05', 1, NULL, NULL),
(1273, 529, 13, -3, 3, 3, NULL, 1, 0, '2017-03-14 10:31:05', 1, NULL, NULL),
(1274, 530, 13, -3, 3, 3, NULL, 1, 0, '2017-03-14 10:31:05', 1, NULL, NULL),
(1275, 200, 13, -3, 3, 3, NULL, 1, 0, '2017-03-14 10:31:05', 1, NULL, NULL),
(1276, 533, 13, -3, 3, 3, NULL, 1, 0, '2017-03-14 10:31:05', 1, NULL, NULL),
(1277, 595, 13, -1, 3, 1, NULL, 1, 0, '2017-03-14 10:31:05', 1, NULL, NULL),
(1278, 324, 13, -1, 3, 1, NULL, 1, 0, '2017-03-14 10:31:05', 1, NULL, NULL),
(1279, 192, 13, -1, 3, 1, NULL, 1, 0, '2017-03-14 10:31:05', 1, NULL, NULL),
(1280, 348, 13, -1, 3, 1, NULL, 1, 0, '2017-03-14 10:31:05', 1, NULL, NULL),
(1281, 4, 13, -1, 3, 1, NULL, 1, 0, '2017-03-14 10:31:05', 1, NULL, NULL),
(1282, 50, 13, -1, 3, 1, NULL, 1, 0, '2017-03-14 10:31:05', 1, NULL, NULL),
(1283, 209, 13, -1, 3, 1, NULL, 1, 0, '2017-03-14 10:31:05', 1, NULL, NULL),
(1284, 547, 13, -1, 3, 1, NULL, 1, 0, '2017-03-14 10:31:05', 1, NULL, NULL),
(1285, 351, 13, -1, 3, 1, NULL, 1, 0, '2017-03-14 10:31:05', 1, NULL, NULL),
(1286, 167, 13, -2, 3, 2, NULL, 1, 0, '2017-03-14 10:31:05', 1, NULL, NULL),
(1287, 579, 13, -2, 3, 2, NULL, 1, 0, '2017-03-14 10:31:05', 1, NULL, NULL),
(1288, 416, 13, -2, 3, 2, NULL, 1, 0, '2017-03-14 10:31:05', 1, NULL, NULL),
(1289, 415, 13, -2, 3, 2, NULL, 1, 0, '2017-03-14 10:31:05', 1, NULL, NULL),
(1290, 607, 13, -2, 3, 2, NULL, 1, 0, '2017-03-14 10:31:05', 1, NULL, NULL),
(1291, 124, 13, -1, 3, 1, NULL, 1, 0, '2017-03-14 10:31:05', 1, NULL, NULL),
(1292, 85, 13, -1, 3, 1, NULL, 1, 0, '2017-03-14 10:31:05', 1, NULL, NULL),
(1293, 120, 13, -1, 3, 1, NULL, 1, 0, '2017-03-14 10:31:05', 1, NULL, NULL),
(1294, 465, 13, -1, 3, 1, NULL, 1, 0, '2017-03-14 10:31:05', 1, NULL, NULL),
(1295, 492, 13, -3, 3, 3, NULL, 1, 0, '2017-03-14 10:31:05', 1, NULL, NULL),
(1296, 189, 13, -3, 3, 3, NULL, 1, 0, '2017-03-14 10:31:05', 1, NULL, NULL),
(1297, 356, 13, -3, 3, 3, NULL, 1, 0, '2017-03-14 10:31:05', 1, NULL, NULL),
(1298, 99, 13, -3, 3, 3, NULL, 1, 0, '2017-03-14 10:31:05', 1, NULL, NULL),
(1299, 492, 2, 2, 4, 1, NULL, 1, 0, '2017-03-14 10:31:28', 1, NULL, NULL),
(1300, 492, 10, 4, 4, 1, NULL, 1, 0, '2017-03-14 10:31:28', 1, NULL, NULL),
(1301, 493, 2, 2, 4, 1, NULL, 1, 0, '2017-03-14 10:31:28', 1, NULL, NULL),
(1302, 493, 16, 3, 4, 1, NULL, 1, 0, '2017-03-14 10:31:28', 1, NULL, NULL),
(1303, 218, 2, 2, 4, 1, NULL, 1, 0, '2017-03-14 10:31:28', 1, NULL, NULL),
(1304, 218, 16, 3, 4, 1, NULL, 1, 0, '2017-03-14 10:31:28', 1, NULL, NULL),
(1305, 117, 2, 2, 4, 1, NULL, 1, 0, '2017-03-14 10:31:28', 1, NULL, NULL),
(1306, 117, 16, 3, 4, 1, NULL, 1, 0, '2017-03-14 10:31:28', 1, NULL, NULL),
(1307, 189, 2, 2, 4, 1, NULL, 1, 0, '2017-03-14 10:31:28', 1, NULL, NULL),
(1308, 189, 10, 4, 4, 1, NULL, 1, 0, '2017-03-14 10:31:28', 1, NULL, NULL),
(1309, 280, 2, 2, 4, 1, NULL, 1, 0, '2017-03-14 10:31:28', 1, NULL, NULL),
(1310, 280, 10, 4, 4, 1, NULL, 1, 0, '2017-03-14 10:31:28', 1, NULL, NULL),
(1311, 356, 2, 2, 4, 1, NULL, 1, 0, '2017-03-14 10:31:28', 1, NULL, NULL),
(1312, 356, 10, 4, 4, 1, NULL, 1, 0, '2017-03-14 10:31:28', 1, NULL, NULL),
(1313, 637, 2, 2, 4, 1, NULL, 1, 0, '2017-03-14 10:31:28', 1, NULL, NULL),
(1314, 134, 2, 2, 4, 1, NULL, 1, 0, '2017-03-14 10:31:28', 1, NULL, NULL),
(1315, 134, 16, 3, 4, 1, NULL, 1, 0, '2017-03-14 10:31:28', 1, NULL, NULL),
(1316, 610, 2, 2, 4, 1, NULL, 1, 0, '2017-03-14 10:31:28', 1, NULL, NULL),
(1317, 610, 16, 3, 4, 1, NULL, 1, 0, '2017-03-14 10:31:28', 1, NULL, NULL),
(1318, 45, 2, 2, 4, 1, NULL, 1, 0, '2017-03-14 10:31:28', 1, NULL, NULL),
(1319, 155, 1, 1, 4, 1, NULL, 1, 0, '2017-03-14 10:31:28', 1, NULL, NULL),
(1320, 355, 1, 1, 4, 1, NULL, 1, 0, '2017-03-14 10:31:28', 1, NULL, NULL),
(1321, 191, 1, 1, 4, 1, NULL, 1, 0, '2017-03-14 10:31:28', 1, NULL, NULL),
(1322, 603, 2, 2, 4, 1, NULL, 1, 0, '2017-03-14 10:31:28', 1, NULL, NULL),
(1323, 9, 2, 2, 4, 1, NULL, 1, 0, '2017-03-14 10:31:28', 1, NULL, NULL),
(1324, 604, 2, 2, 4, 1, NULL, 1, 0, '2017-03-14 10:31:28', 1, NULL, NULL),
(1325, 125, 2, 2, 4, 1, NULL, 1, 0, '2017-03-14 10:31:28', 1, NULL, NULL),
(1326, 140, 2, 2, 4, 1, NULL, 1, 0, '2017-03-14 10:31:28', 1, NULL, NULL),
(1327, 101, 2, 2, 4, 1, NULL, 1, 0, '2017-03-14 10:31:28', 1, NULL, NULL),
(1328, 18, 2, 2, 4, 1, NULL, 1, 0, '2017-03-14 10:31:28', 1, NULL, NULL),
(1329, 132, 2, 2, 4, 1, NULL, 1, 0, '2017-03-14 10:31:28', 1, NULL, NULL),
(1330, 58, 2, 2, 4, 1, NULL, 1, 0, '2017-03-14 10:31:28', 1, NULL, NULL),
(1331, 47, 2, 2, 4, 1, NULL, 1, 0, '2017-03-14 10:31:28', 1, NULL, NULL),
(1332, 154, 2, 2, 4, 1, NULL, 1, 0, '2017-03-14 10:31:28', 1, NULL, NULL),
(1333, 262, 1, 1, 4, 1, NULL, 1, 0, '2017-03-14 10:31:28', 1, NULL, NULL),
(1334, 149, 1, 1, 4, 1, NULL, 1, 0, '2017-03-14 10:31:28', 1, NULL, NULL),
(1335, 223, 2, 2, 4, 1, NULL, 1, 0, '2017-03-14 10:31:28', 1, NULL, NULL),
(1336, 624, 2, 2, 4, 1, NULL, 1, 0, '2017-03-14 10:31:28', 1, NULL, NULL),
(1337, 417, 2, 2, 4, 1, NULL, 1, 0, '2017-03-14 10:31:28', 1, NULL, NULL),
(1338, 229, 2, 2, 4, 1, NULL, 1, 0, '2017-03-14 10:31:28', 1, NULL, NULL),
(1339, 34, 2, 2, 4, 1, NULL, 1, 0, '2017-03-14 10:31:28', 1, NULL, NULL),
(1340, 270, 2, 2, 4, 1, NULL, 1, 0, '2017-03-14 10:31:28', 1, NULL, NULL),
(1341, 554, 2, 2, 4, 1, NULL, 1, 0, '2017-03-14 10:31:28', 1, NULL, NULL),
(1342, 273, 2, 2, 4, 1, NULL, 1, 0, '2017-03-14 10:31:28', 1, NULL, NULL),
(1343, 275, 2, 2, 4, 1, NULL, 1, 0, '2017-03-14 10:31:28', 1, NULL, NULL),
(1344, 51, 1, 1, 4, 1, NULL, 1, 0, '2017-03-14 10:31:28', 1, NULL, NULL),
(1345, 558, 1, 1, 4, 1, NULL, 1, 0, '2017-03-14 10:31:28', 1, NULL, NULL),
(1346, 559, 1, 1, 4, 1, NULL, 1, 0, '2017-03-14 10:31:28', 1, NULL, NULL),
(1347, 228, 2, 2, 4, 1, NULL, 1, 0, '2017-03-14 10:31:28', 1, NULL, NULL),
(1348, 276, 2, 2, 4, 1, NULL, 1, 0, '2017-03-14 10:31:28', 1, NULL, NULL),
(1349, 68, 2, 2, 4, 1, NULL, 1, 0, '2017-03-14 10:31:28', 1, NULL, NULL),
(1350, 513, 2, 2, 4, 1, NULL, 1, 0, '2017-03-14 10:31:28', 1, NULL, NULL),
(1351, 513, 16, 3, 4, 1, NULL, 1, 0, '2017-03-14 10:31:28', 1, NULL, NULL),
(1352, 514, 2, 2, 4, 1, NULL, 1, 0, '2017-03-14 10:31:28', 1, NULL, NULL),
(1353, 514, 16, 3, 4, 1, NULL, 1, 0, '2017-03-14 10:31:28', 1, NULL, NULL),
(1354, 11, 2, 2, 4, 1, NULL, 1, 0, '2017-03-14 10:31:28', 1, NULL, NULL),
(1355, 11, 16, 3, 4, 1, NULL, 1, 0, '2017-03-14 10:31:28', 1, NULL, NULL),
(1356, 25, 2, 2, 4, 1, NULL, 1, 0, '2017-03-14 10:31:28', 1, NULL, NULL),
(1357, 36, 2, 2, 4, 1, NULL, 1, 0, '2017-03-14 10:31:28', 1, NULL, NULL),
(1358, 231, 2, 2, 4, 1, NULL, 1, 0, '2017-03-14 10:31:28', 1, NULL, NULL),
(1359, 515, 2, 2, 4, 1, NULL, 1, 0, '2017-03-14 10:31:28', 1, NULL, NULL),
(1360, 399, 2, 2, 4, 1, NULL, 1, 0, '2017-03-14 10:31:28', 1, NULL, NULL),
(1361, 392, 2, 2, 4, 1, NULL, 1, 0, '2017-03-14 10:31:28', 1, NULL, NULL),
(1362, 516, 2, 2, 4, 1, NULL, 1, 0, '2017-03-14 10:31:28', 1, NULL, NULL),
(1363, 517, 1, 1, 4, 1, NULL, 1, 0, '2017-03-14 10:31:28', 1, NULL, NULL),
(1364, 519, 1, 1, 4, 1, NULL, 1, 0, '2017-03-14 10:31:28', 1, NULL, NULL),
(1365, 128, 1, 1, 4, 1, NULL, 1, 0, '2017-03-14 10:31:28', 1, NULL, NULL),
(1366, 107, 2, 2, 4, 1, NULL, 1, 0, '2017-03-14 10:31:28', 1, NULL, NULL),
(1367, 567, 2, 2, 4, 1, NULL, 1, 0, '2017-03-14 10:31:28', 1, NULL, NULL),
(1368, 208, 2, 2, 4, 1, NULL, 1, 0, '2017-03-14 10:31:28', 1, NULL, NULL),
(1369, 364, 2, 2, 4, 1, NULL, 1, 0, '2017-03-14 10:31:28', 1, NULL, NULL),
(1370, 137, 2, 2, 4, 1, NULL, 1, 0, '2017-03-14 10:31:28', 1, NULL, NULL),
(1371, 20, 2, 2, 4, 1, NULL, 1, 0, '2017-03-14 10:31:28', 1, NULL, NULL),
(1372, 163, 2, 2, 4, 1, NULL, 1, 0, '2017-03-14 10:31:28', 1, NULL, NULL),
(1373, 295, 2, 2, 4, 1, NULL, 1, 0, '2017-03-14 10:31:28', 1, NULL, NULL),
(1374, 568, 2, 2, 4, 1, NULL, 1, 0, '2017-03-14 10:31:28', 1, NULL, NULL);
INSERT INTO `player_point` (`id`, `player_id`, `point_type_id`, `total_point`, `week_id`, `count`, `description`, `status`, `deleted`, `created_date`, `created_by`, `modified_date`, `modified_by`) VALUES
(1375, 28, 1, 1, 4, 1, NULL, 1, 0, '2017-03-14 10:31:28', 1, NULL, NULL),
(1376, 185, 2, 2, 4, 1, NULL, 1, 0, '2017-03-14 10:31:28', 1, NULL, NULL),
(1377, 108, 1, 1, 4, 1, NULL, 1, 0, '2017-03-14 10:31:28', 1, NULL, NULL),
(1378, 114, 1, 1, 4, 1, NULL, 1, 0, '2017-03-14 10:31:28', 1, NULL, NULL),
(1379, 570, 1, 1, 4, 1, NULL, 1, 0, '2017-03-14 10:31:28', 1, NULL, NULL),
(1380, 595, 2, 2, 4, 1, NULL, 1, 0, '2017-03-14 10:31:28', 1, NULL, NULL),
(1381, 324, 2, 2, 4, 1, NULL, 1, 0, '2017-03-14 10:31:28', 1, NULL, NULL),
(1382, 596, 2, 2, 4, 1, NULL, 1, 0, '2017-03-14 10:31:28', 1, NULL, NULL),
(1383, 298, 2, 2, 4, 1, NULL, 1, 0, '2017-03-14 10:31:28', 1, NULL, NULL),
(1384, 330, 2, 2, 4, 1, NULL, 1, 0, '2017-03-14 10:31:28', 1, NULL, NULL),
(1385, 319, 2, 2, 4, 1, NULL, 1, 0, '2017-03-14 10:31:28', 1, NULL, NULL),
(1386, 66, 2, 2, 4, 1, NULL, 1, 0, '2017-03-14 10:31:28', 1, NULL, NULL),
(1387, 597, 2, 2, 4, 1, NULL, 1, 0, '2017-03-14 10:31:28', 1, NULL, NULL),
(1388, 192, 2, 2, 4, 1, NULL, 1, 0, '2017-03-14 10:31:28', 1, NULL, NULL),
(1389, 322, 2, 2, 4, 1, NULL, 1, 0, '2017-03-14 10:31:28', 1, NULL, NULL),
(1390, 628, 1, 1, 4, 1, NULL, 1, 0, '2017-03-14 10:31:28', 1, NULL, NULL),
(1391, 598, 1, 1, 4, 1, NULL, 1, 0, '2017-03-14 10:31:28', 1, NULL, NULL),
(1392, 599, 1, 1, 4, 1, NULL, 1, 0, '2017-03-14 10:31:28', 1, NULL, NULL),
(1393, 121, 1, 1, 4, 1, NULL, 1, 0, '2017-03-14 10:31:28', 1, NULL, NULL),
(1394, 583, 2, 2, 4, 1, NULL, 1, 0, '2017-03-14 10:31:28', 1, NULL, NULL),
(1395, 579, 2, 2, 4, 1, NULL, 1, 0, '2017-03-14 10:31:28', 1, NULL, NULL),
(1396, 72, 2, 2, 4, 1, NULL, 1, 0, '2017-03-14 10:31:28', 1, NULL, NULL),
(1397, 379, 2, 2, 4, 1, NULL, 1, 0, '2017-03-14 10:31:28', 1, NULL, NULL),
(1398, 142, 2, 2, 4, 1, NULL, 1, 0, '2017-03-14 10:31:28', 1, NULL, NULL),
(1399, 580, 2, 2, 4, 1, NULL, 1, 0, '2017-03-14 10:31:28', 1, NULL, NULL),
(1400, 581, 2, 2, 4, 1, NULL, 1, 0, '2017-03-14 10:31:28', 1, NULL, NULL),
(1401, 5, 2, 2, 4, 1, NULL, 1, 0, '2017-03-14 10:31:28', 1, NULL, NULL),
(1402, 582, 2, 2, 4, 1, NULL, 1, 0, '2017-03-14 10:31:28', 1, NULL, NULL),
(1403, 641, 2, 2, 4, 1, NULL, 1, 0, '2017-03-14 10:31:28', 1, NULL, NULL),
(1404, 642, 2, 2, 4, 1, NULL, 1, 0, '2017-03-14 10:31:28', 1, NULL, NULL),
(1405, 447, 1, 1, 4, 1, NULL, 1, 0, '2017-03-14 10:31:28', 1, NULL, NULL),
(1406, 415, 1, 1, 4, 1, NULL, 1, 0, '2017-03-14 10:31:28', 1, NULL, NULL),
(1407, 644, 1, 1, 4, 1, NULL, 1, 0, '2017-03-14 10:31:28', 1, NULL, NULL),
(1408, 591, 2, 2, 4, 1, NULL, 1, 0, '2017-03-14 10:31:28', 1, NULL, NULL),
(1409, 325, 2, 2, 4, 1, NULL, 1, 0, '2017-03-14 10:31:28', 1, NULL, NULL),
(1410, 10, 2, 2, 4, 1, NULL, 1, 0, '2017-03-14 10:31:28', 1, NULL, NULL),
(1411, 374, 2, 2, 4, 1, NULL, 1, 0, '2017-03-14 10:31:28', 1, NULL, NULL),
(1412, 589, 2, 2, 4, 1, NULL, 1, 0, '2017-03-14 10:31:28', 1, NULL, NULL),
(1413, 590, 2, 2, 4, 1, NULL, 1, 0, '2017-03-14 10:31:28', 1, NULL, NULL),
(1414, 407, 2, 2, 4, 1, NULL, 1, 0, '2017-03-14 10:31:28', 1, NULL, NULL),
(1415, 613, 2, 2, 4, 1, NULL, 1, 0, '2017-03-14 10:31:28', 1, NULL, NULL),
(1416, 443, 2, 2, 4, 1, NULL, 1, 0, '2017-03-14 10:31:28', 1, NULL, NULL),
(1417, 26, 2, 2, 4, 1, NULL, 1, 0, '2017-03-14 10:31:28', 1, NULL, NULL),
(1418, 318, 2, 2, 4, 1, NULL, 1, 0, '2017-03-14 10:31:28', 1, NULL, NULL),
(1419, 593, 1, 1, 4, 1, NULL, 1, 0, '2017-03-14 10:31:28', 1, NULL, NULL),
(1420, 225, 1, 1, 4, 1, NULL, 1, 0, '2017-03-14 10:31:28', 1, NULL, NULL),
(1421, 33, 1, 1, 4, 1, NULL, 1, 0, '2017-03-14 10:31:28', 1, NULL, NULL),
(1422, 46, 2, 2, 4, 1, NULL, 1, 0, '2017-03-14 10:31:28', 1, NULL, NULL),
(1423, 249, 2, 2, 4, 1, NULL, 1, 0, '2017-03-14 10:31:28', 1, NULL, NULL),
(1424, 91, 2, 2, 4, 1, NULL, 1, 0, '2017-03-14 10:31:28', 1, NULL, NULL),
(1425, 279, 2, 2, 4, 1, NULL, 1, 0, '2017-03-14 10:31:28', 1, NULL, NULL),
(1426, 233, 2, 2, 4, 1, NULL, 1, 0, '2017-03-14 10:31:28', 1, NULL, NULL),
(1427, 406, 1, 1, 4, 1, NULL, 1, 0, '2017-03-14 10:31:28', 1, NULL, NULL),
(1428, 505, 2, 2, 4, 1, NULL, 1, 0, '2017-03-14 10:31:28', 1, NULL, NULL),
(1429, 502, 2, 2, 4, 1, NULL, 1, 0, '2017-03-14 10:31:28', 1, NULL, NULL),
(1430, 2, 2, 2, 4, 1, NULL, 1, 0, '2017-03-14 10:31:28', 1, NULL, NULL),
(1431, 252, 2, 2, 4, 1, NULL, 1, 0, '2017-03-14 10:31:28', 1, NULL, NULL),
(1432, 205, 2, 2, 4, 1, NULL, 1, 0, '2017-03-14 10:31:28', 1, NULL, NULL),
(1433, 504, 1, 1, 4, 1, NULL, 1, 0, '2017-03-14 10:31:28', 1, NULL, NULL),
(1434, 59, 1, 1, 4, 1, NULL, 1, 0, '2017-03-14 10:31:28', 1, NULL, NULL),
(1435, 506, 1, 1, 4, 1, NULL, 1, 0, '2017-03-14 10:31:28', 1, NULL, NULL),
(1436, 291, 2, 2, 4, 1, NULL, 1, 0, '2017-03-14 10:31:28', 1, NULL, NULL),
(1437, 102, 1, 1, 4, 1, NULL, 1, 0, '2017-03-14 10:31:28', 1, NULL, NULL),
(1438, 332, 1, 1, 4, 1, NULL, 1, 0, '2017-03-14 10:31:28', 1, NULL, NULL),
(1439, 496, 2, 2, 4, 1, NULL, 1, 0, '2017-03-14 10:31:28', 1, NULL, NULL),
(1440, 497, 2, 2, 4, 1, NULL, 1, 0, '2017-03-14 10:31:28', 1, NULL, NULL),
(1441, 199, 2, 2, 4, 1, NULL, 1, 0, '2017-03-14 10:31:28', 1, NULL, NULL),
(1442, 104, 2, 2, 4, 1, NULL, 1, 0, '2017-03-14 10:31:28', 1, NULL, NULL),
(1443, 57, 2, 2, 4, 1, NULL, 1, 0, '2017-03-14 10:31:28', 1, NULL, NULL),
(1444, 105, 2, 2, 4, 1, NULL, 1, 0, '2017-03-14 10:31:28', 1, NULL, NULL),
(1445, 335, 2, 2, 4, 1, NULL, 1, 0, '2017-03-14 10:31:28', 1, NULL, NULL),
(1446, 499, 2, 2, 4, 1, NULL, 1, 0, '2017-03-14 10:31:28', 1, NULL, NULL),
(1447, 500, 1, 1, 4, 1, NULL, 1, 0, '2017-03-14 10:31:28', 1, NULL, NULL),
(1448, 266, 1, 1, 4, 1, NULL, 1, 0, '2017-03-14 10:31:28', 1, NULL, NULL),
(1449, 238, 1, 1, 4, 1, NULL, 1, 0, '2017-03-14 10:31:28', 1, NULL, NULL),
(1450, 528, 2, 2, 4, 1, NULL, 1, 0, '2017-03-14 10:31:28', 1, NULL, NULL),
(1451, 166, 2, 2, 4, 1, NULL, 1, 0, '2017-03-14 10:31:28', 1, NULL, NULL),
(1452, 289, 2, 2, 4, 1, NULL, 1, 0, '2017-03-14 10:31:28', 1, NULL, NULL),
(1453, 289, 16, 3, 4, 1, NULL, 1, 0, '2017-03-14 10:31:28', 1, NULL, NULL),
(1454, 622, 2, 2, 4, 1, NULL, 1, 0, '2017-03-14 10:31:28', 1, NULL, NULL),
(1455, 622, 16, 3, 4, 1, NULL, 1, 0, '2017-03-14 10:31:28', 1, NULL, NULL),
(1456, 532, 2, 2, 4, 1, NULL, 1, 0, '2017-03-14 10:31:28', 1, NULL, NULL),
(1457, 196, 2, 2, 4, 1, NULL, 1, 0, '2017-03-14 10:31:28', 1, NULL, NULL),
(1458, 200, 2, 2, 4, 1, NULL, 1, 0, '2017-03-14 10:31:28', 1, NULL, NULL),
(1459, 95, 2, 2, 4, 1, NULL, 1, 0, '2017-03-14 10:31:28', 1, NULL, NULL),
(1460, 621, 2, 2, 4, 1, NULL, 1, 0, '2017-03-14 10:31:28', 1, NULL, NULL),
(1461, 540, 2, 2, 4, 1, NULL, 1, 0, '2017-03-14 10:31:28', 1, NULL, NULL),
(1462, 118, 2, 2, 4, 1, NULL, 1, 0, '2017-03-14 10:31:28', 1, NULL, NULL),
(1463, 254, 1, 1, 4, 1, NULL, 1, 0, '2017-03-14 10:31:28', 1, NULL, NULL),
(1464, 165, 1, 1, 4, 1, NULL, 1, 0, '2017-03-14 10:31:28', 1, NULL, NULL),
(1465, 376, 2, 2, 4, 1, NULL, 1, 0, '2017-03-14 10:31:28', 1, NULL, NULL),
(1466, 299, 2, 2, 4, 1, NULL, 1, 0, '2017-03-14 10:31:28', 1, NULL, NULL),
(1467, 562, 1, 1, 4, 1, NULL, 1, 0, '2017-03-14 10:31:28', 1, NULL, NULL),
(1468, 217, 2, 2, 4, 1, NULL, 1, 0, '2017-03-14 10:31:28', 1, NULL, NULL),
(1469, 292, 2, 2, 4, 1, NULL, 1, 0, '2017-03-14 10:31:28', 1, NULL, NULL),
(1470, 564, 2, 2, 4, 1, NULL, 1, 0, '2017-03-14 10:31:28', 1, NULL, NULL),
(1471, 300, 2, 2, 4, 1, NULL, 1, 0, '2017-03-14 10:31:28', 1, NULL, NULL),
(1472, 565, 2, 2, 4, 1, NULL, 1, 0, '2017-03-14 10:31:28', 1, NULL, NULL),
(1473, 153, 2, 2, 4, 1, NULL, 1, 0, '2017-03-14 10:31:28', 1, NULL, NULL),
(1474, 144, 1, 1, 4, 1, NULL, 1, 0, '2017-03-14 10:31:28', 1, NULL, NULL),
(1475, 243, 2, 2, 4, 1, NULL, 1, 0, '2017-03-14 10:31:28', 1, NULL, NULL),
(1476, 195, 1, 1, 4, 1, NULL, 1, 0, '2017-03-14 10:31:28', 1, NULL, NULL),
(1477, 421, 1, 1, 4, 1, NULL, 1, 0, '2017-03-14 10:31:28', 1, NULL, NULL),
(1478, 257, 1, 1, 4, 1, NULL, 1, 0, '2017-03-14 10:31:28', 1, NULL, NULL),
(1479, 365, 2, 2, 4, 1, NULL, 1, 0, '2017-03-14 10:31:28', 1, NULL, NULL),
(1480, 301, 2, 2, 4, 1, NULL, 1, 0, '2017-03-14 10:31:28', 1, NULL, NULL),
(1481, 309, 2, 2, 4, 1, NULL, 1, 0, '2017-03-14 10:31:28', 1, NULL, NULL),
(1482, 541, 2, 2, 4, 1, NULL, 1, 0, '2017-03-14 10:31:28', 1, NULL, NULL),
(1483, 542, 2, 2, 4, 1, NULL, 1, 0, '2017-03-14 10:31:28', 1, NULL, NULL),
(1484, 368, 2, 2, 4, 1, NULL, 1, 0, '2017-03-14 10:31:28', 1, NULL, NULL),
(1485, 307, 2, 2, 4, 1, NULL, 1, 0, '2017-03-14 10:31:28', 1, NULL, NULL),
(1486, 543, 2, 2, 4, 1, NULL, 1, 0, '2017-03-14 10:31:28', 1, NULL, NULL),
(1487, 546, 2, 2, 4, 1, NULL, 1, 0, '2017-03-14 10:31:28', 1, NULL, NULL),
(1488, 39, 2, 2, 4, 1, NULL, 1, 0, '2017-03-14 10:31:28', 1, NULL, NULL),
(1489, 306, 2, 2, 4, 1, NULL, 1, 0, '2017-03-14 10:31:28', 1, NULL, NULL),
(1490, 86, 2, 2, 4, 1, NULL, 1, 0, '2017-03-14 10:31:28', 1, NULL, NULL),
(1491, 63, 2, 2, 4, 1, NULL, 1, 0, '2017-03-14 10:31:28', 1, NULL, NULL),
(1492, 124, 1, 1, 4, 1, NULL, 1, 0, '2017-03-14 10:31:28', 1, NULL, NULL),
(1493, 150, 2, 2, 4, 1, NULL, 1, 0, '2017-03-14 10:31:28', 1, NULL, NULL),
(1494, 37, 1, 1, 4, 1, NULL, 1, 0, '2017-03-14 10:31:28', 1, NULL, NULL),
(1495, 410, 2, 2, 4, 1, NULL, 1, 0, '2017-03-14 10:31:28', 1, NULL, NULL),
(1496, 13, 2, 2, 4, 1, NULL, 1, 0, '2017-03-14 10:31:28', 1, NULL, NULL),
(1497, 85, 2, 2, 4, 1, NULL, 1, 0, '2017-03-14 10:31:28', 1, NULL, NULL),
(1498, 79, 2, 2, 4, 1, NULL, 1, 0, '2017-03-14 10:31:28', 1, NULL, NULL),
(1499, 32, 2, 2, 4, 1, NULL, 1, 0, '2017-03-14 10:31:28', 1, NULL, NULL),
(1500, 465, 2, 2, 4, 1, NULL, 1, 0, '2017-03-14 10:31:28', 1, NULL, NULL),
(1501, 92, 1, 1, 4, 1, NULL, 1, 0, '2017-03-14 10:31:28', 1, NULL, NULL),
(1502, 614, 1, 1, 4, 1, NULL, 1, 0, '2017-03-14 10:31:28', 1, NULL, NULL),
(1503, 8, 1, 1, 4, 1, NULL, 1, 0, '2017-03-14 10:31:28', 1, NULL, NULL),
(1504, 220, 2, 2, 4, 1, NULL, 1, 0, '2017-03-14 10:31:28', 1, NULL, NULL),
(1505, 220, 10, 4, 4, 1, NULL, 1, 0, '2017-03-14 10:31:28', 1, NULL, NULL),
(1506, 430, 2, 2, 4, 1, NULL, 1, 0, '2017-03-14 10:31:28', 1, NULL, NULL),
(1507, 430, 10, 4, 4, 1, NULL, 1, 0, '2017-03-14 10:31:28', 1, NULL, NULL),
(1508, 436, 2, 2, 4, 1, NULL, 1, 0, '2017-03-14 10:31:28', 1, NULL, NULL),
(1509, 436, 16, 3, 4, 1, NULL, 1, 0, '2017-03-14 10:31:28', 1, NULL, NULL),
(1510, 572, 2, 2, 4, 1, NULL, 1, 0, '2017-03-14 10:31:28', 1, NULL, NULL),
(1511, 573, 2, 2, 4, 1, NULL, 1, 0, '2017-03-14 10:31:28', 1, NULL, NULL),
(1512, 573, 16, 3, 4, 1, NULL, 1, 0, '2017-03-14 10:31:28', 1, NULL, NULL),
(1513, 576, 2, 2, 4, 1, NULL, 1, 0, '2017-03-14 10:31:28', 1, NULL, NULL),
(1514, 312, 2, 2, 4, 1, NULL, 1, 0, '2017-03-14 10:31:28', 1, NULL, NULL),
(1515, 312, 16, 3, 4, 1, NULL, 1, 0, '2017-03-14 10:31:28', 1, NULL, NULL),
(1516, 446, 2, 2, 4, 1, NULL, 1, 0, '2017-03-14 10:31:28', 1, NULL, NULL),
(1517, 446, 10, 4, 4, 1, NULL, 1, 0, '2017-03-14 10:31:28', 1, NULL, NULL),
(1518, 157, 2, 2, 4, 1, NULL, 1, 0, '2017-03-14 10:31:28', 1, NULL, NULL),
(1519, 157, 16, 3, 4, 1, NULL, 1, 0, '2017-03-14 10:31:28', 1, NULL, NULL),
(1520, 575, 2, 2, 4, 1, NULL, 1, 0, '2017-03-14 10:31:28', 1, NULL, NULL),
(1521, 575, 10, 4, 4, 1, NULL, 1, 0, '2017-03-14 10:31:28', 1, NULL, NULL),
(1522, 158, 2, 2, 4, 1, NULL, 1, 0, '2017-03-14 10:31:28', 1, NULL, NULL),
(1523, 158, 10, 4, 4, 1, NULL, 1, 0, '2017-03-14 10:31:28', 1, NULL, NULL),
(1524, 242, 1, 1, 4, 1, NULL, 1, 0, '2017-03-14 10:31:28', 1, NULL, NULL),
(1525, 578, 1, 1, 4, 1, NULL, 1, 0, '2017-03-14 10:31:28', 1, NULL, NULL),
(1526, 178, 1, 1, 4, 1, NULL, 1, 0, '2017-03-14 10:31:28', 1, NULL, NULL),
(1527, 348, 2, 2, 4, 1, NULL, 1, 0, '2017-03-14 10:31:28', 1, NULL, NULL),
(1528, 547, 2, 2, 4, 1, NULL, 1, 0, '2017-03-14 10:31:28', 1, NULL, NULL),
(1529, 548, 2, 2, 4, 1, NULL, 1, 0, '2017-03-14 10:31:28', 1, NULL, NULL),
(1530, 4, 2, 2, 4, 1, NULL, 1, 0, '2017-03-14 10:31:28', 1, NULL, NULL),
(1531, 145, 2, 2, 4, 1, NULL, 1, 0, '2017-03-14 10:31:28', 1, NULL, NULL),
(1532, 285, 2, 2, 4, 1, NULL, 1, 0, '2017-03-14 10:31:28', 1, NULL, NULL),
(1533, 550, 2, 2, 4, 1, NULL, 1, 0, '2017-03-14 10:31:28', 1, NULL, NULL),
(1534, 50, 2, 2, 4, 1, NULL, 1, 0, '2017-03-14 10:31:28', 1, NULL, NULL),
(1535, 394, 2, 2, 4, 1, NULL, 1, 0, '2017-03-14 10:31:28', 1, NULL, NULL),
(1536, 201, 2, 2, 4, 1, NULL, 1, 0, '2017-03-14 10:31:28', 1, NULL, NULL),
(1537, 40, 2, 2, 4, 1, NULL, 1, 0, '2017-03-14 10:31:28', 1, NULL, NULL),
(1538, 549, 1, 1, 4, 1, NULL, 1, 0, '2017-03-14 10:31:28', 1, NULL, NULL),
(1539, 551, 1, 1, 4, 1, NULL, 1, 0, '2017-03-14 10:31:28', 1, NULL, NULL),
(1540, 123, 1, 1, 4, 1, NULL, 1, 0, '2017-03-14 10:31:28', 1, NULL, NULL),
(1541, 77, 2, 2, 4, 1, NULL, 1, 0, '2017-03-14 10:31:28', 1, NULL, NULL),
(1542, 176, 2, 2, 4, 1, NULL, 1, 0, '2017-03-14 10:31:28', 1, NULL, NULL),
(1543, 179, 2, 2, 4, 1, NULL, 1, 0, '2017-03-14 10:31:28', 1, NULL, NULL),
(1544, 54, 2, 2, 4, 1, NULL, 1, 0, '2017-03-14 10:31:28', 1, NULL, NULL),
(1545, 523, 2, 2, 4, 1, NULL, 1, 0, '2017-03-14 10:31:28', 1, NULL, NULL),
(1546, 24, 2, 2, 4, 1, NULL, 1, 0, '2017-03-14 10:31:28', 1, NULL, NULL),
(1547, 41, 2, 2, 4, 1, NULL, 1, 0, '2017-03-14 10:31:28', 1, NULL, NULL),
(1548, 618, 2, 2, 4, 1, NULL, 1, 0, '2017-03-14 10:31:28', 1, NULL, NULL),
(1549, 462, 2, 2, 4, 1, NULL, 1, 0, '2017-03-14 10:31:28', 1, NULL, NULL),
(1550, 174, 2, 2, 4, 1, NULL, 1, 0, '2017-03-14 10:31:28', 1, NULL, NULL),
(1551, 346, 2, 2, 4, 1, NULL, 1, 0, '2017-03-14 10:31:28', 1, NULL, NULL),
(1552, 617, 1, 1, 4, 1, NULL, 1, 0, '2017-03-14 10:31:28', 1, NULL, NULL),
(1553, 183, 1, 1, 4, 1, NULL, 1, 0, '2017-03-14 10:31:28', 1, NULL, NULL),
(1554, 103, 1, 1, 4, 1, NULL, 1, 0, '2017-03-14 10:31:28', 1, NULL, NULL),
(1555, 22, 2, 2, 4, 1, NULL, 1, 0, '2017-03-14 10:31:28', 1, NULL, NULL),
(1556, 22, 10, 4, 4, 1, NULL, 1, 0, '2017-03-14 10:31:28', 1, NULL, NULL),
(1557, 413, 2, 2, 4, 1, NULL, 1, 0, '2017-03-14 10:31:28', 1, NULL, NULL),
(1558, 413, 10, 4, 4, 1, NULL, 1, 0, '2017-03-14 10:31:28', 1, NULL, NULL),
(1559, 244, 2, 2, 4, 1, NULL, 1, 0, '2017-03-14 10:31:28', 1, NULL, NULL),
(1560, 244, 10, 4, 4, 1, NULL, 1, 0, '2017-03-14 10:31:28', 1, NULL, NULL),
(1561, 491, 2, 2, 4, 1, NULL, 1, 0, '2017-03-14 10:31:28', 1, NULL, NULL),
(1562, 12, 2, 2, 4, 1, NULL, 1, 0, '2017-03-14 10:31:28', 1, NULL, NULL),
(1563, 259, 2, 2, 4, 1, NULL, 1, 0, '2017-03-14 10:31:28', 1, NULL, NULL),
(1564, 509, 2, 2, 4, 1, NULL, 1, 0, '2017-03-14 10:31:28', 1, NULL, NULL),
(1565, 509, 16, 3, 4, 1, NULL, 1, 0, '2017-03-14 10:31:28', 1, NULL, NULL),
(1566, 510, 2, 2, 4, 1, NULL, 1, 0, '2017-03-14 10:31:28', 1, NULL, NULL),
(1567, 510, 16, 3, 4, 1, NULL, 1, 0, '2017-03-14 10:31:28', 1, NULL, NULL),
(1568, 235, 2, 2, 4, 1, NULL, 1, 0, '2017-03-14 10:31:28', 1, NULL, NULL),
(1569, 235, 16, 3, 4, 1, NULL, 1, 0, '2017-03-14 10:31:28', 1, NULL, NULL),
(1570, 98, 2, 2, 4, 1, NULL, 1, 0, '2017-03-14 10:31:28', 1, NULL, NULL),
(1571, 98, 10, 4, 4, 1, NULL, 1, 0, '2017-03-14 10:31:28', 1, NULL, NULL),
(1572, 512, 2, 2, 4, 1, NULL, 1, 0, '2017-03-14 10:31:28', 1, NULL, NULL),
(1573, 512, 10, 4, 4, 1, NULL, 1, 0, '2017-03-14 10:31:28', 1, NULL, NULL),
(1574, 323, 1, 1, 4, 1, NULL, 1, 0, '2017-03-14 10:31:28', 1, NULL, NULL),
(1575, 433, 1, 1, 4, 1, NULL, 1, 0, '2017-03-14 10:31:28', 1, NULL, NULL),
(1576, 152, 1, 1, 4, 1, NULL, 1, 0, '2017-03-14 10:31:28', 1, NULL, NULL),
(1577, 10, 3, 6, 4, 2, NULL, 1, 0, '2017-03-14 10:31:28', 1, NULL, NULL),
(1578, 11, 3, 3, 4, 1, NULL, 1, 0, '2017-03-14 10:31:28', 1, NULL, NULL),
(1579, 34, 3, 3, 4, 1, NULL, 1, 0, '2017-03-14 10:31:28', 1, NULL, NULL),
(1580, 66, 3, 3, 4, 1, NULL, 1, 0, '2017-03-14 10:31:28', 1, NULL, NULL),
(1581, 79, 3, 3, 4, 1, NULL, 1, 0, '2017-03-14 10:31:28', 1, NULL, NULL),
(1582, 117, 3, 3, 4, 1, NULL, 1, 0, '2017-03-14 10:31:28', 1, NULL, NULL),
(1583, 118, 3, 3, 4, 1, NULL, 1, 0, '2017-03-14 10:31:28', 1, NULL, NULL),
(1584, 196, 3, 3, 4, 1, NULL, 1, 0, '2017-03-14 10:31:28', 1, NULL, NULL),
(1585, 233, 3, 3, 4, 1, NULL, 1, 0, '2017-03-14 10:31:28', 1, NULL, NULL),
(1586, 235, 3, 3, 4, 1, NULL, 1, 0, '2017-03-14 10:31:28', 1, NULL, NULL),
(1587, 300, 3, 3, 4, 1, NULL, 1, 0, '2017-03-14 10:31:28', 1, NULL, NULL),
(1588, 306, 3, 3, 4, 1, NULL, 1, 0, '2017-03-14 10:31:28', 1, NULL, NULL),
(1589, 364, 3, 3, 4, 1, NULL, 1, 0, '2017-03-14 10:31:28', 1, NULL, NULL),
(1590, 392, 3, 3, 4, 1, NULL, 1, 0, '2017-03-14 10:31:28', 1, NULL, NULL),
(1591, 413, 3, 3, 4, 1, NULL, 1, 0, '2017-03-14 10:31:28', 1, NULL, NULL),
(1592, 496, 3, 3, 4, 1, NULL, 1, 0, '2017-03-14 10:31:28', 1, NULL, NULL),
(1593, 502, 3, 3, 4, 1, NULL, 1, 0, '2017-03-14 10:31:28', 1, NULL, NULL),
(1594, 509, 3, 3, 4, 1, NULL, 1, 0, '2017-03-14 10:31:28', 1, NULL, NULL),
(1595, 514, 3, 3, 4, 1, NULL, 1, 0, '2017-03-14 10:31:28', 1, NULL, NULL),
(1596, 516, 3, 6, 4, 2, NULL, 1, 0, '2017-03-14 10:31:28', 1, NULL, NULL),
(1597, 572, 3, 3, 4, 1, NULL, 1, 0, '2017-03-14 10:31:28', 1, NULL, NULL),
(1598, 583, 3, 3, 4, 1, NULL, 1, 0, '2017-03-14 10:31:28', 1, NULL, NULL),
(1599, 595, 3, 3, 4, 1, NULL, 1, 0, '2017-03-14 10:31:28', 1, NULL, NULL),
(1600, 621, 3, 3, 4, 1, NULL, 1, 0, '2017-03-14 10:31:28', 1, NULL, NULL),
(1601, 68, 5, 3, 4, 1, NULL, 1, 0, '2017-03-14 10:31:28', 1, NULL, NULL),
(1602, 413, 5, 3, 4, 1, NULL, 1, 0, '2017-03-14 10:31:28', 1, NULL, NULL),
(1603, 512, 5, 3, 4, 1, NULL, 1, 0, '2017-03-14 10:31:28', 1, NULL, NULL),
(1604, 252, 5, 3, 4, 1, NULL, 1, 0, '2017-03-14 10:31:28', 1, NULL, NULL),
(1605, 621, 5, 3, 4, 1, NULL, 1, 0, '2017-03-14 10:31:28', 1, NULL, NULL),
(1606, 231, 5, 3, 4, 1, NULL, 1, 0, '2017-03-14 10:31:28', 1, NULL, NULL),
(1607, 10, 5, 3, 4, 1, NULL, 1, 0, '2017-03-14 10:31:28', 1, NULL, NULL),
(1608, 134, 5, 3, 4, 1, NULL, 1, 0, '2017-03-14 10:31:28', 1, NULL, NULL),
(1609, 542, 5, 3, 4, 1, NULL, 1, 0, '2017-03-14 10:31:28', 1, NULL, NULL),
(1610, 150, 5, 3, 4, 1, NULL, 1, 0, '2017-03-14 10:31:28', 1, NULL, NULL),
(1611, 573, 5, 3, 4, 1, NULL, 1, 0, '2017-03-14 10:31:28', 1, NULL, NULL),
(1612, 218, 6, -1, 4, 1, NULL, 1, 0, '2017-03-14 10:31:28', 1, NULL, NULL),
(1613, 45, 6, -1, 4, 1, NULL, 1, 0, '2017-03-14 10:31:28', 1, NULL, NULL),
(1614, 610, 6, -1, 4, 1, NULL, 1, 0, '2017-03-14 10:31:28', 1, NULL, NULL),
(1615, 101, 6, -1, 4, 1, NULL, 1, 0, '2017-03-14 10:31:28', 1, NULL, NULL),
(1616, 132, 6, -1, 4, 1, NULL, 1, 0, '2017-03-14 10:31:28', 1, NULL, NULL),
(1617, 276, 6, -1, 4, 1, NULL, 1, 0, '2017-03-14 10:31:28', 1, NULL, NULL),
(1618, 513, 6, -1, 4, 1, NULL, 1, 0, '2017-03-14 10:31:28', 1, NULL, NULL),
(1619, 185, 6, -1, 4, 1, NULL, 1, 0, '2017-03-14 10:31:28', 1, NULL, NULL),
(1620, 324, 6, -1, 4, 1, NULL, 1, 0, '2017-03-14 10:31:28', 1, NULL, NULL),
(1621, 596, 6, -1, 4, 1, NULL, 1, 0, '2017-03-14 10:31:28', 1, NULL, NULL),
(1622, 72, 6, -1, 4, 1, NULL, 1, 0, '2017-03-14 10:31:28', 1, NULL, NULL),
(1623, 641, 6, -1, 4, 1, NULL, 1, 0, '2017-03-14 10:31:28', 1, NULL, NULL),
(1624, 407, 6, -1, 4, 1, NULL, 1, 0, '2017-03-14 10:31:28', 1, NULL, NULL),
(1625, 325, 6, -1, 4, 1, NULL, 1, 0, '2017-03-14 10:31:28', 1, NULL, NULL),
(1626, 225, 6, -1, 4, 1, NULL, 1, 0, '2017-03-14 10:31:28', 1, NULL, NULL),
(1627, 613, 6, -1, 4, 1, NULL, 1, 0, '2017-03-14 10:31:28', 1, NULL, NULL),
(1628, 252, 6, -1, 4, 1, NULL, 1, 0, '2017-03-14 10:31:28', 1, NULL, NULL),
(1629, 291, 6, -1, 4, 1, NULL, 1, 0, '2017-03-14 10:31:28', 1, NULL, NULL),
(1630, 196, 6, -1, 4, 1, NULL, 1, 0, '2017-03-14 10:31:28', 1, NULL, NULL),
(1631, 95, 6, -1, 4, 1, NULL, 1, 0, '2017-03-14 10:31:28', 1, NULL, NULL),
(1632, 562, 6, -1, 4, 1, NULL, 1, 0, '2017-03-14 10:31:28', 1, NULL, NULL),
(1633, 376, 6, -1, 4, 1, NULL, 1, 0, '2017-03-14 10:31:28', 1, NULL, NULL),
(1634, 257, 6, -1, 4, 1, NULL, 1, 0, '2017-03-14 10:31:28', 1, NULL, NULL),
(1635, 542, 6, -1, 4, 1, NULL, 1, 0, '2017-03-14 10:31:28', 1, NULL, NULL),
(1636, 543, 6, -1, 4, 1, NULL, 1, 0, '2017-03-14 10:31:28', 1, NULL, NULL),
(1637, 306, 6, -1, 4, 1, NULL, 1, 0, '2017-03-14 10:31:28', 1, NULL, NULL),
(1638, 368, 6, -1, 4, 1, NULL, 1, 0, '2017-03-14 10:31:28', 1, NULL, NULL),
(1639, 37, 6, -1, 4, 1, NULL, 1, 0, '2017-03-14 10:31:28', 1, NULL, NULL),
(1640, 32, 6, -1, 4, 1, NULL, 1, 0, '2017-03-14 10:31:28', 1, NULL, NULL),
(1641, 150, 6, -1, 4, 1, NULL, 1, 0, '2017-03-14 10:31:28', 1, NULL, NULL),
(1642, 79, 6, -1, 4, 1, NULL, 1, 0, '2017-03-14 10:31:28', 1, NULL, NULL),
(1643, 436, 6, -1, 4, 1, NULL, 1, 0, '2017-03-14 10:31:28', 1, NULL, NULL),
(1644, 158, 6, -1, 4, 1, NULL, 1, 0, '2017-03-14 10:31:28', 1, NULL, NULL),
(1645, 201, 6, -1, 4, 1, NULL, 1, 0, '2017-03-14 10:31:28', 1, NULL, NULL),
(1646, 201, 6, -1, 4, 1, NULL, 1, 0, '2017-03-14 10:31:28', 1, NULL, NULL),
(1647, 547, 6, -1, 4, 1, NULL, 1, 0, '2017-03-14 10:31:28', 1, NULL, NULL),
(1648, 40, 6, -1, 4, 1, NULL, 1, 0, '2017-03-14 10:31:28', 1, NULL, NULL),
(1649, 348, 6, -1, 4, 1, NULL, 1, 0, '2017-03-14 10:31:28', 1, NULL, NULL),
(1650, 462, 6, -1, 4, 1, NULL, 1, 0, '2017-03-14 10:31:28', 1, NULL, NULL),
(1651, 41, 6, -1, 4, 1, NULL, 1, 0, '2017-03-14 10:31:28', 1, NULL, NULL),
(1652, 244, 6, -1, 4, 1, NULL, 1, 0, '2017-03-14 10:31:28', 1, NULL, NULL),
(1653, 491, 6, -1, 4, 1, NULL, 1, 0, '2017-03-14 10:31:28', 1, NULL, NULL),
(1654, 12, 6, -1, 4, 1, NULL, 1, 0, '2017-03-14 10:31:28', 1, NULL, NULL),
(1655, 364, 7, -3, 4, 1, NULL, 1, 0, '2017-03-14 10:31:28', 1, NULL, NULL),
(1656, 595, 7, -3, 4, 1, NULL, 1, 0, '2017-03-14 10:31:28', 1, NULL, NULL),
(1657, 500, 7, -3, 4, 1, NULL, 1, 0, '2017-03-14 10:31:28', 1, NULL, NULL),
(1658, 291, 8, -2, 4, 1, NULL, 1, 0, '2017-03-14 10:31:28', 1, NULL, NULL),
(1659, 12, 17, 4, 4, 1, NULL, 1, 0, '2017-03-14 10:31:28', 1, NULL, NULL),
(1660, 51, 15, 4, 4, 1, NULL, 1, 0, '2017-03-14 10:31:28', 1, NULL, NULL),
(1661, 134, 15, 4, 4, 1, NULL, 1, 0, '2017-03-14 10:31:28', 1, NULL, NULL),
(1662, 142, 17, 4, 4, 1, NULL, 1, 0, '2017-03-14 10:31:28', 1, NULL, NULL),
(1663, 150, 15, 12, 4, 3, NULL, 1, 0, '2017-03-14 10:31:28', 1, NULL, NULL),
(1664, 217, 15, 4, 4, 1, NULL, 1, 0, '2017-03-14 10:31:28', 1, NULL, NULL),
(1665, 231, 15, 12, 4, 3, NULL, 1, 0, '2017-03-14 10:31:28', 1, NULL, NULL),
(1666, 259, 17, 4, 4, 1, NULL, 1, 0, '2017-03-14 10:31:28', 1, NULL, NULL),
(1667, 279, 17, 4, 4, 1, NULL, 1, 0, '2017-03-14 10:31:28', 1, NULL, NULL),
(1668, 289, 15, 4, 4, 1, NULL, 1, 0, '2017-03-14 10:31:28', 1, NULL, NULL),
(1669, 332, 17, 4, 4, 1, NULL, 1, 0, '2017-03-14 10:31:28', 1, NULL, NULL),
(1670, 374, 17, 4, 4, 1, NULL, 1, 0, '2017-03-14 10:31:28', 1, NULL, NULL),
(1671, 392, 17, 4, 4, 1, NULL, 1, 0, '2017-03-14 10:31:28', 1, NULL, NULL),
(1672, 406, 15, 4, 4, 1, NULL, 1, 0, '2017-03-14 10:31:28', 1, NULL, NULL),
(1673, 413, 14, 6, 4, 1, NULL, 1, 0, '2017-03-14 10:31:28', 1, NULL, NULL),
(1674, 443, 17, 4, 4, 1, NULL, 1, 0, '2017-03-14 10:31:28', 1, NULL, NULL),
(1675, 499, 15, 4, 4, 1, NULL, 1, 0, '2017-03-14 10:31:28', 1, NULL, NULL),
(1676, 516, 17, 4, 4, 1, NULL, 1, 0, '2017-03-14 10:31:28', 1, NULL, NULL),
(1677, 532, 17, 4, 4, 1, NULL, 1, 0, '2017-03-14 10:31:28', 1, NULL, NULL),
(1678, 542, 15, 8, 4, 2, NULL, 1, 0, '2017-03-14 10:31:28', 1, NULL, NULL),
(1679, 568, 17, 8, 4, 2, NULL, 1, 0, '2017-03-14 10:31:28', 1, NULL, NULL),
(1680, 573, 15, 4, 4, 1, NULL, 1, 0, '2017-03-14 10:31:28', 1, NULL, NULL),
(1681, 578, 15, 4, 4, 1, NULL, 1, 0, '2017-03-14 10:31:28', 1, NULL, NULL),
(1682, 596, 15, 4, 4, 1, NULL, 1, 0, '2017-03-14 10:31:28', 1, NULL, NULL),
(1683, 598, 17, 4, 4, 1, NULL, 1, 0, '2017-03-14 10:31:28', 1, NULL, NULL),
(1684, 614, 15, 4, 4, 1, NULL, 1, 0, '2017-03-14 10:31:28', 1, NULL, NULL),
(1685, 621, 15, 4, 4, 1, NULL, 1, 0, '2017-03-14 10:31:28', 1, NULL, NULL),
(1686, 621, 18, 3, 4, 1, NULL, 1, 0, '2017-03-14 10:31:28', 1, NULL, NULL),
(1687, 613, 18, 3, 4, 1, NULL, 1, 0, '2017-03-14 10:31:28', 1, NULL, NULL),
(1688, 68, 18, 3, 4, 1, NULL, 1, 0, '2017-03-14 10:31:28', 1, NULL, NULL),
(1689, 568, 18, 3, 4, 1, NULL, 1, 0, '2017-03-14 10:31:28', 1, NULL, NULL),
(1690, 134, 18, 3, 4, 1, NULL, 1, 0, '2017-03-14 10:31:28', 1, NULL, NULL),
(1691, 576, 18, 3, 4, 1, NULL, 1, 0, '2017-03-14 10:31:28', 1, NULL, NULL),
(1692, 279, 18, 3, 4, 1, NULL, 1, 0, '2017-03-14 10:31:28', 1, NULL, NULL),
(1693, 306, 18, 3, 4, 1, NULL, 1, 0, '2017-03-14 10:31:28', 1, NULL, NULL),
(1694, 413, 18, 3, 4, 1, NULL, 1, 0, '2017-03-14 10:31:28', 1, NULL, NULL),
(1695, 275, 11, 1, 4, 1, NULL, 1, 0, '2017-03-14 10:31:28', 1, NULL, NULL),
(1696, 68, 11, 2, 4, 2, NULL, 1, 0, '2017-03-14 10:31:28', 1, NULL, NULL),
(1697, 163, 11, 1, 4, 1, NULL, 1, 0, '2017-03-14 10:31:28', 1, NULL, NULL),
(1698, 192, 11, 1, 4, 1, NULL, 1, 0, '2017-03-14 10:31:28', 1, NULL, NULL),
(1699, 5, 11, 2, 4, 2, NULL, 1, 0, '2017-03-14 10:31:28', 1, NULL, NULL),
(1700, 26, 11, 2, 4, 2, NULL, 1, 0, '2017-03-14 10:31:28', 1, NULL, NULL),
(1701, 46, 11, 1, 4, 1, NULL, 1, 0, '2017-03-14 10:31:28', 1, NULL, NULL),
(1702, 105, 11, 1, 4, 1, NULL, 1, 0, '2017-03-14 10:31:28', 1, NULL, NULL),
(1703, 174, 11, 1, 4, 1, NULL, 1, 0, '2017-03-14 10:31:28', 1, NULL, NULL),
(1704, 22, 11, 2, 4, 2, NULL, 1, 0, '2017-03-14 10:31:28', 1, NULL, NULL),
(1705, 546, 11, 2, 4, 2, NULL, 1, 0, '2017-03-14 10:31:28', 1, NULL, NULL),
(1706, 86, 11, 1, 4, 1, NULL, 1, 0, '2017-03-14 10:31:28', 1, NULL, NULL),
(1707, 446, 11, 1, 4, 1, NULL, 1, 0, '2017-03-14 10:31:28', 1, NULL, NULL),
(1708, 50, 11, 1, 4, 1, NULL, 1, 0, '2017-03-14 10:31:28', 1, NULL, NULL),
(1709, 624, 13, -2, 4, 2, NULL, 1, 0, '2017-03-14 10:31:28', 1, NULL, NULL),
(1710, 554, 13, -2, 4, 2, NULL, 1, 0, '2017-03-14 10:31:28', 1, NULL, NULL),
(1711, 275, 13, -2, 4, 2, NULL, 1, 0, '2017-03-14 10:31:28', 1, NULL, NULL),
(1712, 276, 13, -2, 4, 2, NULL, 1, 0, '2017-03-14 10:31:28', 1, NULL, NULL),
(1713, 107, 13, -1, 4, 1, NULL, 1, 0, '2017-03-14 10:31:28', 1, NULL, NULL),
(1714, 137, 13, -1, 4, 1, NULL, 1, 0, '2017-03-14 10:31:28', 1, NULL, NULL),
(1715, 163, 13, -1, 4, 1, NULL, 1, 0, '2017-03-14 10:31:28', 1, NULL, NULL),
(1716, 595, 13, -1, 4, 1, NULL, 1, 0, '2017-03-14 10:31:28', 1, NULL, NULL),
(1717, 324, 13, -1, 4, 1, NULL, 1, 0, '2017-03-14 10:31:28', 1, NULL, NULL),
(1718, 319, 13, -1, 4, 1, NULL, 1, 0, '2017-03-14 10:31:28', 1, NULL, NULL),
(1719, 192, 13, -1, 4, 1, NULL, 1, 0, '2017-03-14 10:31:28', 1, NULL, NULL),
(1720, 583, 13, -1, 4, 1, NULL, 1, 0, '2017-03-14 10:31:28', 1, NULL, NULL),
(1721, 579, 13, -1, 4, 1, NULL, 1, 0, '2017-03-14 10:31:28', 1, NULL, NULL),
(1722, 5, 13, -1, 4, 1, NULL, 1, 0, '2017-03-14 10:31:28', 1, NULL, NULL),
(1723, 642, 13, -1, 4, 1, NULL, 1, 0, '2017-03-14 10:31:28', 1, NULL, NULL),
(1724, 46, 13, -1, 4, 1, NULL, 1, 0, '2017-03-14 10:31:28', 1, NULL, NULL),
(1725, 249, 13, -1, 4, 1, NULL, 1, 0, '2017-03-14 10:31:28', 1, NULL, NULL),
(1726, 91, 13, -1, 4, 1, NULL, 1, 0, '2017-03-14 10:31:28', 1, NULL, NULL),
(1727, 505, 13, -1, 4, 1, NULL, 1, 0, '2017-03-14 10:31:28', 1, NULL, NULL),
(1728, 291, 13, -1, 4, 1, NULL, 1, 0, '2017-03-14 10:31:28', 1, NULL, NULL),
(1729, 104, 13, -1, 4, 1, NULL, 1, 0, '2017-03-14 10:31:28', 1, NULL, NULL),
(1730, 57, 13, -1, 4, 1, NULL, 1, 0, '2017-03-14 10:31:28', 1, NULL, NULL),
(1731, 105, 13, -1, 4, 1, NULL, 1, 0, '2017-03-14 10:31:28', 1, NULL, NULL),
(1732, 376, 13, -1, 4, 1, NULL, 1, 0, '2017-03-14 10:31:28', 1, NULL, NULL),
(1733, 299, 13, -1, 4, 1, NULL, 1, 0, '2017-03-14 10:31:28', 1, NULL, NULL),
(1734, 153, 13, -1, 4, 1, NULL, 1, 0, '2017-03-14 10:31:28', 1, NULL, NULL),
(1735, 243, 13, -1, 4, 1, NULL, 1, 0, '2017-03-14 10:31:28', 1, NULL, NULL),
(1736, 257, 13, -1, 4, 1, NULL, 1, 0, '2017-03-14 10:31:28', 1, NULL, NULL),
(1737, 365, 13, -1, 4, 1, NULL, 1, 0, '2017-03-14 10:31:28', 1, NULL, NULL),
(1738, 309, 13, -1, 4, 1, NULL, 1, 0, '2017-03-14 10:31:28', 1, NULL, NULL),
(1739, 368, 13, -1, 4, 1, NULL, 1, 0, '2017-03-14 10:31:28', 1, NULL, NULL),
(1740, 546, 13, -1, 4, 1, NULL, 1, 0, '2017-03-14 10:31:28', 1, NULL, NULL),
(1741, 39, 13, -1, 4, 1, NULL, 1, 0, '2017-03-14 10:31:28', 1, NULL, NULL),
(1742, 86, 13, -1, 4, 1, NULL, 1, 0, '2017-03-14 10:31:28', 1, NULL, NULL),
(1743, 124, 13, -1, 4, 1, NULL, 1, 0, '2017-03-14 10:31:28', 1, NULL, NULL),
(1744, 85, 13, -1, 4, 1, NULL, 1, 0, '2017-03-14 10:31:28', 1, NULL, NULL),
(1745, 465, 13, -1, 4, 1, NULL, 1, 0, '2017-03-14 10:31:28', 1, NULL, NULL),
(1746, 348, 13, -1, 4, 1, NULL, 1, 0, '2017-03-14 10:31:28', 1, NULL, NULL),
(1747, 547, 13, -1, 4, 1, NULL, 1, 0, '2017-03-14 10:31:28', 1, NULL, NULL),
(1748, 4, 13, -1, 4, 1, NULL, 1, 0, '2017-03-14 10:31:28', 1, NULL, NULL),
(1749, 50, 13, -1, 4, 1, NULL, 1, 0, '2017-03-14 10:31:28', 1, NULL, NULL),
(1750, 40, 13, -1, 4, 1, NULL, 1, 0, '2017-03-14 10:31:28', 1, NULL, NULL),
(1751, 77, 13, -1, 4, 1, NULL, 1, 0, '2017-03-14 10:31:28', 1, NULL, NULL),
(1752, 179, 13, -1, 4, 1, NULL, 1, 0, '2017-03-14 10:31:28', 1, NULL, NULL),
(1753, 523, 13, -1, 4, 1, NULL, 1, 0, '2017-03-14 10:31:28', 1, NULL, NULL),
(1754, 41, 13, -1, 4, 1, NULL, 1, 0, '2017-03-14 10:31:28', 1, NULL, NULL),
(1755, 618, 13, -1, 4, 1, NULL, 1, 0, '2017-03-14 10:31:28', 1, NULL, NULL),
(1756, 174, 13, -1, 4, 1, NULL, 1, 0, '2017-03-14 10:31:28', 1, NULL, NULL),
(1757, 77, 2, 2, 5, 1, NULL, 1, 0, '2017-03-14 10:31:50', 1, NULL, NULL),
(1758, 176, 2, 2, 5, 1, NULL, 1, 0, '2017-03-14 10:31:50', 1, NULL, NULL),
(1759, 179, 2, 2, 5, 1, NULL, 1, 0, '2017-03-14 10:31:50', 1, NULL, NULL),
(1760, 617, 2, 2, 5, 1, NULL, 1, 0, '2017-03-14 10:31:50', 1, NULL, NULL),
(1761, 523, 2, 2, 5, 1, NULL, 1, 0, '2017-03-14 10:31:50', 1, NULL, NULL),
(1762, 41, 2, 2, 5, 1, NULL, 1, 0, '2017-03-14 10:31:50', 1, NULL, NULL),
(1763, 618, 2, 2, 5, 1, NULL, 1, 0, '2017-03-14 10:31:50', 1, NULL, NULL),
(1764, 462, 2, 2, 5, 1, NULL, 1, 0, '2017-03-14 10:31:50', 1, NULL, NULL),
(1765, 103, 2, 2, 5, 1, NULL, 1, 0, '2017-03-14 10:31:50', 1, NULL, NULL),
(1766, 174, 2, 2, 5, 1, NULL, 1, 0, '2017-03-14 10:31:50', 1, NULL, NULL),
(1767, 346, 2, 2, 5, 1, NULL, 1, 0, '2017-03-14 10:31:50', 1, NULL, NULL),
(1768, 54, 1, 1, 5, 1, NULL, 1, 0, '2017-03-14 10:31:50', 1, NULL, NULL),
(1769, 24, 1, 1, 5, 1, NULL, 1, 0, '2017-03-14 10:31:50', 1, NULL, NULL),
(1770, 627, 1, 1, 5, 1, NULL, 1, 0, '2017-03-14 10:31:50', 1, NULL, NULL),
(1771, 167, 2, 2, 5, 1, NULL, 1, 0, '2017-03-14 10:31:50', 1, NULL, NULL),
(1772, 608, 2, 2, 5, 1, NULL, 1, 0, '2017-03-14 10:31:50', 1, NULL, NULL),
(1773, 416, 2, 2, 5, 1, NULL, 1, 0, '2017-03-14 10:31:50', 1, NULL, NULL),
(1774, 379, 2, 2, 5, 1, NULL, 1, 0, '2017-03-14 10:31:50', 1, NULL, NULL),
(1775, 142, 2, 2, 5, 1, NULL, 1, 0, '2017-03-14 10:31:50', 1, NULL, NULL),
(1776, 643, 2, 2, 5, 1, NULL, 1, 0, '2017-03-14 10:31:50', 1, NULL, NULL),
(1777, 415, 2, 2, 5, 1, NULL, 1, 0, '2017-03-14 10:31:50', 1, NULL, NULL),
(1778, 582, 2, 2, 5, 1, NULL, 1, 0, '2017-03-14 10:31:50', 1, NULL, NULL),
(1779, 375, 2, 2, 5, 1, NULL, 1, 0, '2017-03-14 10:31:50', 1, NULL, NULL),
(1780, 585, 2, 2, 5, 1, NULL, 1, 0, '2017-03-14 10:31:50', 1, NULL, NULL),
(1781, 586, 2, 2, 5, 1, NULL, 1, 0, '2017-03-14 10:31:50', 1, NULL, NULL),
(1782, 581, 1, 1, 5, 1, NULL, 1, 0, '2017-03-14 10:31:50', 1, NULL, NULL),
(1783, 68, 2, 2, 5, 1, NULL, 1, 0, '2017-03-14 10:31:50', 1, NULL, NULL),
(1784, 68, 10, 4, 5, 1, NULL, 1, 0, '2017-03-14 10:31:50', 1, NULL, NULL),
(1785, 513, 2, 2, 5, 1, NULL, 1, 0, '2017-03-14 10:31:50', 1, NULL, NULL),
(1786, 513, 16, 3, 5, 1, NULL, 1, 0, '2017-03-14 10:31:50', 1, NULL, NULL),
(1787, 514, 2, 2, 5, 1, NULL, 1, 0, '2017-03-14 10:31:50', 1, NULL, NULL),
(1788, 514, 16, 3, 5, 1, NULL, 1, 0, '2017-03-14 10:31:50', 1, NULL, NULL),
(1789, 11, 2, 2, 5, 1, NULL, 1, 0, '2017-03-14 10:31:50', 1, NULL, NULL),
(1790, 11, 16, 3, 5, 1, NULL, 1, 0, '2017-03-14 10:31:50', 1, NULL, NULL),
(1791, 25, 2, 2, 5, 1, NULL, 1, 0, '2017-03-14 10:31:50', 1, NULL, NULL),
(1792, 25, 10, 4, 5, 1, NULL, 1, 0, '2017-03-14 10:31:50', 1, NULL, NULL),
(1793, 36, 2, 2, 5, 1, NULL, 1, 0, '2017-03-14 10:31:50', 1, NULL, NULL),
(1794, 36, 10, 4, 5, 1, NULL, 1, 0, '2017-03-14 10:31:50', 1, NULL, NULL),
(1795, 231, 2, 2, 5, 1, NULL, 1, 0, '2017-03-14 10:31:50', 1, NULL, NULL),
(1796, 231, 16, 3, 5, 1, NULL, 1, 0, '2017-03-14 10:31:50', 1, NULL, NULL),
(1797, 515, 2, 2, 5, 1, NULL, 1, 0, '2017-03-14 10:31:50', 1, NULL, NULL),
(1798, 515, 10, 4, 5, 1, NULL, 1, 0, '2017-03-14 10:31:50', 1, NULL, NULL),
(1799, 399, 2, 2, 5, 1, NULL, 1, 0, '2017-03-14 10:31:50', 1, NULL, NULL),
(1800, 399, 16, 3, 5, 1, NULL, 1, 0, '2017-03-14 10:31:50', 1, NULL, NULL),
(1801, 392, 2, 2, 5, 1, NULL, 1, 0, '2017-03-14 10:31:50', 1, NULL, NULL),
(1802, 516, 2, 2, 5, 1, NULL, 1, 0, '2017-03-14 10:31:50', 1, NULL, NULL),
(1803, 517, 1, 1, 5, 1, NULL, 1, 0, '2017-03-14 10:31:50', 1, NULL, NULL),
(1804, 128, 1, 1, 5, 1, NULL, 1, 0, '2017-03-14 10:31:50', 1, NULL, NULL),
(1805, 281, 1, 1, 5, 1, NULL, 1, 0, '2017-03-14 10:31:50', 1, NULL, NULL),
(1806, 107, 2, 2, 5, 1, NULL, 1, 0, '2017-03-14 10:31:50', 1, NULL, NULL),
(1807, 567, 2, 2, 5, 1, NULL, 1, 0, '2017-03-14 10:31:50', 1, NULL, NULL),
(1808, 208, 2, 2, 5, 1, NULL, 1, 0, '2017-03-14 10:31:50', 1, NULL, NULL),
(1809, 137, 2, 2, 5, 1, NULL, 1, 0, '2017-03-14 10:31:50', 1, NULL, NULL),
(1810, 20, 2, 2, 5, 1, NULL, 1, 0, '2017-03-14 10:31:50', 1, NULL, NULL),
(1811, 163, 2, 2, 5, 1, NULL, 1, 0, '2017-03-14 10:31:50', 1, NULL, NULL),
(1812, 108, 2, 2, 5, 1, NULL, 1, 0, '2017-03-14 10:31:50', 1, NULL, NULL),
(1813, 114, 2, 2, 5, 1, NULL, 1, 0, '2017-03-14 10:31:50', 1, NULL, NULL),
(1814, 568, 2, 2, 5, 1, NULL, 1, 0, '2017-03-14 10:31:50', 1, NULL, NULL),
(1815, 327, 1, 1, 5, 1, NULL, 1, 0, '2017-03-14 10:31:50', 1, NULL, NULL),
(1816, 571, 1, 1, 5, 1, NULL, 1, 0, '2017-03-14 10:31:50', 1, NULL, NULL),
(1817, 295, 1, 1, 5, 1, NULL, 1, 0, '2017-03-14 10:31:50', 1, NULL, NULL),
(1818, 185, 1, 1, 5, 1, NULL, 1, 0, '2017-03-14 10:31:50', 1, NULL, NULL),
(1819, 188, 1, 1, 5, 1, NULL, 1, 0, '2017-03-14 10:31:50', 1, NULL, NULL),
(1820, 324, 2, 2, 5, 1, NULL, 1, 0, '2017-03-14 10:31:50', 1, NULL, NULL),
(1821, 596, 2, 2, 5, 1, NULL, 1, 0, '2017-03-14 10:31:50', 1, NULL, NULL),
(1822, 298, 2, 2, 5, 1, NULL, 1, 0, '2017-03-14 10:31:50', 1, NULL, NULL),
(1823, 330, 2, 2, 5, 1, NULL, 1, 0, '2017-03-14 10:31:50', 1, NULL, NULL),
(1824, 319, 2, 2, 5, 1, NULL, 1, 0, '2017-03-14 10:31:50', 1, NULL, NULL),
(1825, 66, 2, 2, 5, 1, NULL, 1, 0, '2017-03-14 10:31:50', 1, NULL, NULL),
(1826, 597, 2, 2, 5, 1, NULL, 1, 0, '2017-03-14 10:31:50', 1, NULL, NULL),
(1827, 129, 2, 2, 5, 1, NULL, 1, 0, '2017-03-14 10:31:50', 1, NULL, NULL),
(1828, 598, 2, 2, 5, 1, NULL, 1, 0, '2017-03-14 10:31:50', 1, NULL, NULL),
(1829, 599, 2, 2, 5, 1, NULL, 1, 0, '2017-03-14 10:31:50', 1, NULL, NULL),
(1830, 192, 2, 2, 5, 1, NULL, 1, 0, '2017-03-14 10:31:50', 1, NULL, NULL),
(1831, 322, 1, 1, 5, 1, NULL, 1, 0, '2017-03-14 10:31:50', 1, NULL, NULL),
(1832, 121, 1, 1, 5, 1, NULL, 1, 0, '2017-03-14 10:31:50', 1, NULL, NULL),
(1833, 628, 1, 1, 5, 1, NULL, 1, 0, '2017-03-14 10:31:50', 1, NULL, NULL),
(1834, 22, 2, 2, 5, 1, NULL, 1, 0, '2017-03-14 10:31:50', 1, NULL, NULL),
(1835, 22, 10, 4, 5, 1, NULL, 1, 0, '2017-03-14 10:31:50', 1, NULL, NULL),
(1836, 313, 2, 2, 5, 1, NULL, 1, 0, '2017-03-14 10:31:50', 1, NULL, NULL),
(1837, 313, 10, 4, 5, 1, NULL, 1, 0, '2017-03-14 10:31:50', 1, NULL, NULL),
(1838, 413, 2, 2, 5, 1, NULL, 1, 0, '2017-03-14 10:31:50', 1, NULL, NULL),
(1839, 413, 10, 4, 5, 1, NULL, 1, 0, '2017-03-14 10:31:50', 1, NULL, NULL),
(1840, 12, 2, 2, 5, 1, NULL, 1, 0, '2017-03-14 10:31:50', 1, NULL, NULL),
(1841, 259, 2, 2, 5, 1, NULL, 1, 0, '2017-03-14 10:31:50', 1, NULL, NULL),
(1842, 509, 2, 2, 5, 1, NULL, 1, 0, '2017-03-14 10:31:50', 1, NULL, NULL),
(1843, 509, 16, 3, 5, 1, NULL, 1, 0, '2017-03-14 10:31:50', 1, NULL, NULL),
(1844, 510, 1, 1, 5, 1, NULL, 1, 0, '2017-03-14 10:31:50', 1, NULL, NULL),
(1845, 235, 2, 2, 5, 1, NULL, 1, 0, '2017-03-14 10:31:50', 1, NULL, NULL),
(1846, 235, 16, 3, 5, 1, NULL, 1, 0, '2017-03-14 10:31:50', 1, NULL, NULL),
(1847, 412, 2, 2, 5, 1, NULL, 1, 0, '2017-03-14 10:31:50', 1, NULL, NULL),
(1848, 412, 10, 4, 5, 1, NULL, 1, 0, '2017-03-14 10:31:50', 1, NULL, NULL),
(1849, 512, 2, 2, 5, 1, NULL, 1, 0, '2017-03-14 10:31:50', 1, NULL, NULL),
(1850, 512, 10, 4, 5, 1, NULL, 1, 0, '2017-03-14 10:31:50', 1, NULL, NULL),
(1851, 152, 2, 2, 5, 1, NULL, 1, 0, '2017-03-14 10:31:50', 1, NULL, NULL),
(1852, 152, 10, 4, 5, 1, NULL, 1, 0, '2017-03-14 10:31:50', 1, NULL, NULL),
(1853, 433, 1, 1, 5, 1, NULL, 1, 0, '2017-03-14 10:31:50', 1, NULL, NULL),
(1854, 253, 1, 1, 5, 1, NULL, 1, 0, '2017-03-14 10:31:50', 1, NULL, NULL),
(1855, 316, 1, 1, 5, 1, NULL, 1, 0, '2017-03-14 10:31:50', 1, NULL, NULL),
(1856, 216, 2, 2, 5, 1, NULL, 1, 0, '2017-03-14 10:31:50', 1, NULL, NULL),
(1857, 262, 2, 2, 5, 1, NULL, 1, 0, '2017-03-14 10:31:50', 1, NULL, NULL),
(1858, 603, 2, 2, 5, 1, NULL, 1, 0, '2017-03-14 10:31:50', 1, NULL, NULL),
(1859, 125, 2, 2, 5, 1, NULL, 1, 0, '2017-03-14 10:31:50', 1, NULL, NULL),
(1860, 140, 2, 2, 5, 1, NULL, 1, 0, '2017-03-14 10:31:50', 1, NULL, NULL),
(1861, 55, 2, 2, 5, 1, NULL, 1, 0, '2017-03-14 10:31:50', 1, NULL, NULL),
(1862, 56, 2, 2, 5, 1, NULL, 1, 0, '2017-03-14 10:31:50', 1, NULL, NULL),
(1863, 101, 2, 2, 5, 1, NULL, 1, 0, '2017-03-14 10:31:50', 1, NULL, NULL),
(1864, 132, 2, 2, 5, 1, NULL, 1, 0, '2017-03-14 10:31:50', 1, NULL, NULL),
(1865, 154, 2, 2, 5, 1, NULL, 1, 0, '2017-03-14 10:31:50', 1, NULL, NULL),
(1866, 620, 2, 2, 5, 1, NULL, 1, 0, '2017-03-14 10:31:50', 1, NULL, NULL),
(1867, 9, 1, 1, 5, 1, NULL, 1, 0, '2017-03-14 10:31:50', 1, NULL, NULL),
(1868, 207, 1, 1, 5, 1, NULL, 1, 0, '2017-03-14 10:31:50', 1, NULL, NULL),
(1869, 149, 1, 1, 5, 1, NULL, 1, 0, '2017-03-14 10:31:50', 1, NULL, NULL),
(1870, 304, 2, 2, 5, 1, NULL, 1, 0, '2017-03-14 10:31:50', 1, NULL, NULL),
(1871, 365, 2, 2, 5, 1, NULL, 1, 0, '2017-03-14 10:31:50', 1, NULL, NULL),
(1872, 309, 2, 2, 5, 1, NULL, 1, 0, '2017-03-14 10:31:50', 1, NULL, NULL),
(1873, 542, 2, 2, 5, 1, NULL, 1, 0, '2017-03-14 10:31:50', 1, NULL, NULL),
(1874, 368, 2, 2, 5, 1, NULL, 1, 0, '2017-03-14 10:31:50', 1, NULL, NULL),
(1875, 307, 2, 2, 5, 1, NULL, 1, 0, '2017-03-14 10:31:50', 1, NULL, NULL),
(1876, 543, 2, 2, 5, 1, NULL, 1, 0, '2017-03-14 10:31:50', 1, NULL, NULL),
(1877, 614, 2, 2, 5, 1, NULL, 1, 0, '2017-03-14 10:31:50', 1, NULL, NULL),
(1878, 39, 2, 2, 5, 1, NULL, 1, 0, '2017-03-14 10:31:50', 1, NULL, NULL),
(1879, 360, 2, 2, 5, 1, NULL, 1, 0, '2017-03-14 10:31:50', 1, NULL, NULL),
(1880, 306, 2, 2, 5, 1, NULL, 1, 0, '2017-03-14 10:31:50', 1, NULL, NULL),
(1881, 301, 1, 1, 5, 1, NULL, 1, 0, '2017-03-14 10:31:50', 1, NULL, NULL),
(1882, 541, 1, 1, 5, 1, NULL, 1, 0, '2017-03-14 10:31:50', 1, NULL, NULL),
(1883, 366, 1, 1, 5, 1, NULL, 1, 0, '2017-03-14 10:31:50', 1, NULL, NULL),
(1884, 348, 1, 1, 5, 1, NULL, 1, 0, '2017-03-14 10:31:50', 1, NULL, NULL),
(1885, 547, 2, 2, 5, 1, NULL, 1, 0, '2017-03-14 10:31:50', 1, NULL, NULL),
(1886, 40, 2, 2, 5, 1, NULL, 1, 0, '2017-03-14 10:31:50', 1, NULL, NULL),
(1887, 548, 2, 2, 5, 1, NULL, 1, 0, '2017-03-14 10:31:50', 1, NULL, NULL),
(1888, 4, 2, 2, 5, 1, NULL, 1, 0, '2017-03-14 10:31:50', 1, NULL, NULL),
(1889, 4, 10, 4, 5, 1, NULL, 1, 0, '2017-03-14 10:31:50', 1, NULL, NULL),
(1890, 145, 2, 2, 5, 1, NULL, 1, 0, '2017-03-14 10:31:50', 1, NULL, NULL),
(1891, 285, 2, 2, 5, 1, NULL, 1, 0, '2017-03-14 10:31:50', 1, NULL, NULL),
(1892, 550, 2, 2, 5, 1, NULL, 1, 0, '2017-03-14 10:31:50', 1, NULL, NULL),
(1893, 50, 2, 2, 5, 1, NULL, 1, 0, '2017-03-14 10:31:50', 1, NULL, NULL),
(1894, 394, 2, 2, 5, 1, NULL, 1, 0, '2017-03-14 10:31:50', 1, NULL, NULL),
(1895, 552, 2, 2, 5, 1, NULL, 1, 0, '2017-03-14 10:31:50', 1, NULL, NULL),
(1896, 209, 2, 2, 5, 1, NULL, 1, 0, '2017-03-14 10:31:50', 1, NULL, NULL),
(1897, 351, 1, 1, 5, 1, NULL, 1, 0, '2017-03-14 10:31:50', 1, NULL, NULL),
(1898, 201, 1, 1, 5, 1, NULL, 1, 0, '2017-03-14 10:31:50', 1, NULL, NULL),
(1899, 46, 2, 2, 5, 1, NULL, 1, 0, '2017-03-14 10:31:50', 1, NULL, NULL),
(1900, 249, 2, 2, 5, 1, NULL, 1, 0, '2017-03-14 10:31:50', 1, NULL, NULL),
(1901, 91, 2, 2, 5, 1, NULL, 1, 0, '2017-03-14 10:31:50', 1, NULL, NULL),
(1902, 279, 2, 2, 5, 1, NULL, 1, 0, '2017-03-14 10:31:50', 1, NULL, NULL),
(1903, 233, 2, 2, 5, 1, NULL, 1, 0, '2017-03-14 10:31:50', 1, NULL, NULL),
(1904, 502, 2, 2, 5, 1, NULL, 1, 0, '2017-03-14 10:31:50', 1, NULL, NULL),
(1905, 506, 2, 2, 5, 1, NULL, 1, 0, '2017-03-14 10:31:50', 1, NULL, NULL),
(1906, 2, 2, 2, 5, 1, NULL, 1, 0, '2017-03-14 10:31:50', 1, NULL, NULL),
(1907, 507, 2, 2, 5, 1, NULL, 1, 0, '2017-03-14 10:31:50', 1, NULL, NULL),
(1908, 252, 2, 2, 5, 1, NULL, 1, 0, '2017-03-14 10:31:50', 1, NULL, NULL),
(1909, 205, 2, 2, 5, 1, NULL, 1, 0, '2017-03-14 10:31:50', 1, NULL, NULL),
(1910, 504, 1, 1, 5, 1, NULL, 1, 0, '2017-03-14 10:31:50', 1, NULL, NULL),
(1911, 59, 1, 1, 5, 1, NULL, 1, 0, '2017-03-14 10:31:50', 1, NULL, NULL),
(1912, 48, 1, 1, 5, 1, NULL, 1, 0, '2017-03-14 10:31:50', 1, NULL, NULL),
(1913, 454, 2, 2, 5, 1, NULL, 1, 0, '2017-03-14 10:31:50', 1, NULL, NULL),
(1914, 299, 2, 2, 5, 1, NULL, 1, 0, '2017-03-14 10:31:50', 1, NULL, NULL),
(1915, 560, 2, 2, 5, 1, NULL, 1, 0, '2017-03-14 10:31:50', 1, NULL, NULL),
(1916, 217, 2, 2, 5, 1, NULL, 1, 0, '2017-03-14 10:31:50', 1, NULL, NULL),
(1917, 89, 2, 2, 5, 1, NULL, 1, 0, '2017-03-14 10:31:50', 1, NULL, NULL),
(1918, 195, 2, 2, 5, 1, NULL, 1, 0, '2017-03-14 10:31:50', 1, NULL, NULL),
(1919, 257, 2, 2, 5, 1, NULL, 1, 0, '2017-03-14 10:31:50', 1, NULL, NULL),
(1920, 292, 2, 2, 5, 1, NULL, 1, 0, '2017-03-14 10:31:50', 1, NULL, NULL),
(1921, 300, 2, 2, 5, 1, NULL, 1, 0, '2017-03-14 10:31:50', 1, NULL, NULL),
(1922, 565, 2, 2, 5, 1, NULL, 1, 0, '2017-03-14 10:31:50', 1, NULL, NULL),
(1923, 219, 2, 2, 5, 1, NULL, 1, 0, '2017-03-14 10:31:50', 1, NULL, NULL),
(1924, 265, 1, 1, 5, 1, NULL, 1, 0, '2017-03-14 10:31:50', 1, NULL, NULL),
(1925, 561, 1, 1, 5, 1, NULL, 1, 0, '2017-03-14 10:31:50', 1, NULL, NULL),
(1926, 564, 1, 1, 5, 1, NULL, 1, 0, '2017-03-14 10:31:50', 1, NULL, NULL),
(1927, 291, 2, 2, 5, 1, NULL, 1, 0, '2017-03-14 10:31:50', 1, NULL, NULL),
(1928, 291, 10, 4, 5, 1, NULL, 1, 0, '2017-03-14 10:31:50', 1, NULL, NULL),
(1929, 496, 2, 2, 5, 1, NULL, 1, 0, '2017-03-14 10:31:50', 1, NULL, NULL),
(1930, 497, 1, 1, 5, 1, NULL, 1, 0, '2017-03-14 10:31:50', 1, NULL, NULL),
(1931, 199, 2, 2, 5, 1, NULL, 1, 0, '2017-03-14 10:31:50', 1, NULL, NULL),
(1932, 199, 16, 3, 5, 1, NULL, 1, 0, '2017-03-14 10:31:50', 1, NULL, NULL),
(1933, 104, 2, 2, 5, 1, NULL, 1, 0, '2017-03-14 10:31:50', 1, NULL, NULL),
(1934, 104, 10, 4, 5, 1, NULL, 1, 0, '2017-03-14 10:31:50', 1, NULL, NULL),
(1935, 57, 2, 2, 5, 1, NULL, 1, 0, '2017-03-14 10:31:50', 1, NULL, NULL),
(1936, 57, 10, 4, 5, 1, NULL, 1, 0, '2017-03-14 10:31:50', 1, NULL, NULL),
(1937, 266, 2, 2, 5, 1, NULL, 1, 0, '2017-03-14 10:31:50', 1, NULL, NULL),
(1938, 105, 2, 2, 5, 1, NULL, 1, 0, '2017-03-14 10:31:50', 1, NULL, NULL),
(1939, 105, 10, 4, 5, 1, NULL, 1, 0, '2017-03-14 10:31:50', 1, NULL, NULL),
(1940, 335, 2, 2, 5, 1, NULL, 1, 0, '2017-03-14 10:31:50', 1, NULL, NULL),
(1941, 335, 16, 3, 5, 1, NULL, 1, 0, '2017-03-14 10:31:50', 1, NULL, NULL),
(1942, 238, 2, 2, 5, 1, NULL, 1, 0, '2017-03-14 10:31:50', 1, NULL, NULL),
(1943, 238, 10, 4, 5, 1, NULL, 1, 0, '2017-03-14 10:31:50', 1, NULL, NULL),
(1944, 499, 2, 2, 5, 1, NULL, 1, 0, '2017-03-14 10:31:50', 1, NULL, NULL),
(1945, 499, 16, 3, 5, 1, NULL, 1, 0, '2017-03-14 10:31:50', 1, NULL, NULL),
(1946, 102, 1, 1, 5, 1, NULL, 1, 0, '2017-03-14 10:31:50', 1, NULL, NULL),
(1947, 331, 1, 1, 5, 1, NULL, 1, 0, '2017-03-14 10:31:50', 1, NULL, NULL),
(1948, 332, 1, 1, 5, 1, NULL, 1, 0, '2017-03-14 10:31:50', 1, NULL, NULL),
(1949, 325, 2, 2, 5, 1, NULL, 1, 0, '2017-03-14 10:31:50', 1, NULL, NULL),
(1950, 325, 10, 4, 5, 1, NULL, 1, 0, '2017-03-14 10:31:50', 1, NULL, NULL),
(1951, 203, 2, 2, 5, 1, NULL, 1, 0, '2017-03-14 10:31:50', 1, NULL, NULL),
(1952, 203, 10, 4, 5, 1, NULL, 1, 0, '2017-03-14 10:31:50', 1, NULL, NULL),
(1953, 589, 2, 2, 5, 1, NULL, 1, 0, '2017-03-14 10:31:50', 1, NULL, NULL),
(1954, 589, 16, 3, 5, 1, NULL, 1, 0, '2017-03-14 10:31:50', 1, NULL, NULL),
(1955, 590, 2, 2, 5, 1, NULL, 1, 0, '2017-03-14 10:31:50', 1, NULL, NULL),
(1956, 590, 10, 4, 5, 1, NULL, 1, 0, '2017-03-14 10:31:50', 1, NULL, NULL),
(1957, 593, 2, 2, 5, 1, NULL, 1, 0, '2017-03-14 10:31:50', 1, NULL, NULL),
(1958, 593, 10, 4, 5, 1, NULL, 1, 0, '2017-03-14 10:31:50', 1, NULL, NULL),
(1959, 97, 2, 2, 5, 1, NULL, 1, 0, '2017-03-14 10:31:50', 1, NULL, NULL),
(1960, 97, 16, 3, 5, 1, NULL, 1, 0, '2017-03-14 10:31:50', 1, NULL, NULL),
(1961, 21, 2, 2, 5, 1, NULL, 1, 0, '2017-03-14 10:31:50', 1, NULL, NULL),
(1962, 21, 16, 3, 5, 1, NULL, 1, 0, '2017-03-14 10:31:50', 1, NULL, NULL),
(1963, 407, 2, 2, 5, 1, NULL, 1, 0, '2017-03-14 10:31:50', 1, NULL, NULL),
(1964, 407, 16, 3, 5, 1, NULL, 1, 0, '2017-03-14 10:31:50', 1, NULL, NULL),
(1965, 225, 2, 2, 5, 1, NULL, 1, 0, '2017-03-14 10:31:50', 1, NULL, NULL),
(1966, 613, 2, 2, 5, 1, NULL, 1, 0, '2017-03-14 10:31:50', 1, NULL, NULL),
(1967, 613, 16, 3, 5, 1, NULL, 1, 0, '2017-03-14 10:31:50', 1, NULL, NULL),
(1968, 26, 2, 2, 5, 1, NULL, 1, 0, '2017-03-14 10:31:50', 1, NULL, NULL),
(1969, 26, 10, 4, 5, 1, NULL, 1, 0, '2017-03-14 10:31:50', 1, NULL, NULL),
(1970, 10, 1, 1, 5, 1, NULL, 1, 0, '2017-03-14 10:31:50', 1, NULL, NULL),
(1971, 443, 1, 1, 5, 1, NULL, 1, 0, '2017-03-14 10:31:50', 1, NULL, NULL),
(1972, 318, 1, 1, 5, 1, NULL, 1, 0, '2017-03-14 10:31:50', 1, NULL, NULL),
(1973, 528, 2, 2, 5, 1, NULL, 1, 0, '2017-03-14 10:31:50', 1, NULL, NULL),
(1974, 166, 2, 2, 5, 1, NULL, 1, 0, '2017-03-14 10:31:50', 1, NULL, NULL),
(1975, 289, 2, 2, 5, 1, NULL, 1, 0, '2017-03-14 10:31:50', 1, NULL, NULL),
(1976, 622, 2, 2, 5, 1, NULL, 1, 0, '2017-03-14 10:31:50', 1, NULL, NULL),
(1977, 622, 16, 3, 5, 1, NULL, 1, 0, '2017-03-14 10:31:50', 1, NULL, NULL),
(1978, 532, 2, 2, 5, 1, NULL, 1, 0, '2017-03-14 10:31:50', 1, NULL, NULL),
(1979, 196, 2, 2, 5, 1, NULL, 1, 0, '2017-03-14 10:31:50', 1, NULL, NULL),
(1980, 200, 2, 2, 5, 1, NULL, 1, 0, '2017-03-14 10:31:50', 1, NULL, NULL),
(1981, 95, 2, 2, 5, 1, NULL, 1, 0, '2017-03-14 10:31:50', 1, NULL, NULL),
(1982, 621, 2, 2, 5, 1, NULL, 1, 0, '2017-03-14 10:31:50', 1, NULL, NULL),
(1983, 540, 2, 2, 5, 1, NULL, 1, 0, '2017-03-14 10:31:50', 1, NULL, NULL),
(1984, 118, 2, 2, 5, 1, NULL, 1, 0, '2017-03-14 10:31:50', 1, NULL, NULL),
(1985, 531, 1, 1, 5, 1, NULL, 1, 0, '2017-03-14 10:31:50', 1, NULL, NULL),
(1986, 254, 1, 1, 5, 1, NULL, 1, 0, '2017-03-14 10:31:50', 1, NULL, NULL),
(1987, 538, 1, 1, 5, 1, NULL, 1, 0, '2017-03-14 10:31:50', 1, NULL, NULL),
(1988, 86, 1, 1, 5, 1, NULL, 1, 0, '2017-03-14 10:31:50', 1, NULL, NULL),
(1989, 63, 1, 1, 5, 1, NULL, 1, 0, '2017-03-14 10:31:50', 1, NULL, NULL),
(1990, 150, 2, 2, 5, 1, NULL, 1, 0, '2017-03-14 10:31:50', 1, NULL, NULL),
(1991, 37, 2, 2, 5, 1, NULL, 1, 0, '2017-03-14 10:31:50', 1, NULL, NULL),
(1992, 13, 2, 2, 5, 1, NULL, 1, 0, '2017-03-14 10:31:50', 1, NULL, NULL),
(1993, 398, 2, 2, 5, 1, NULL, 1, 0, '2017-03-14 10:31:50', 1, NULL, NULL),
(1994, 92, 2, 2, 5, 1, NULL, 1, 0, '2017-03-14 10:31:50', 1, NULL, NULL),
(1995, 79, 2, 2, 5, 1, NULL, 1, 0, '2017-03-14 10:31:50', 1, NULL, NULL),
(1996, 636, 2, 2, 5, 1, NULL, 1, 0, '2017-03-14 10:31:50', 1, NULL, NULL),
(1997, 32, 2, 2, 5, 1, NULL, 1, 0, '2017-03-14 10:31:50', 1, NULL, NULL),
(1998, 465, 2, 2, 5, 1, NULL, 1, 0, '2017-03-14 10:31:50', 1, NULL, NULL),
(1999, 124, 1, 1, 5, 1, NULL, 1, 0, '2017-03-14 10:31:50', 1, NULL, NULL),
(2000, 222, 1, 1, 5, 1, NULL, 1, 0, '2017-03-14 10:31:50', 1, NULL, NULL),
(2001, 120, 1, 1, 5, 1, NULL, 1, 0, '2017-03-14 10:31:50', 1, NULL, NULL),
(2002, 220, 2, 2, 5, 1, NULL, 1, 0, '2017-03-14 10:31:50', 1, NULL, NULL),
(2003, 220, 10, 4, 5, 1, NULL, 1, 0, '2017-03-14 10:31:50', 1, NULL, NULL),
(2004, 430, 2, 2, 5, 1, NULL, 1, 0, '2017-03-14 10:31:50', 1, NULL, NULL),
(2005, 430, 10, 4, 5, 1, NULL, 1, 0, '2017-03-14 10:31:50', 1, NULL, NULL),
(2006, 436, 2, 2, 5, 1, NULL, 1, 0, '2017-03-14 10:31:50', 1, NULL, NULL),
(2007, 436, 16, 3, 5, 1, NULL, 1, 0, '2017-03-14 10:31:50', 1, NULL, NULL),
(2008, 572, 2, 2, 5, 1, NULL, 1, 0, '2017-03-14 10:31:50', 1, NULL, NULL),
(2009, 576, 2, 2, 5, 1, NULL, 1, 0, '2017-03-14 10:31:50', 1, NULL, NULL),
(2010, 312, 2, 2, 5, 1, NULL, 1, 0, '2017-03-14 10:31:50', 1, NULL, NULL),
(2011, 312, 16, 3, 5, 1, NULL, 1, 0, '2017-03-14 10:31:50', 1, NULL, NULL),
(2012, 446, 2, 2, 5, 1, NULL, 1, 0, '2017-03-14 10:31:50', 1, NULL, NULL),
(2013, 446, 10, 4, 5, 1, NULL, 1, 0, '2017-03-14 10:31:50', 1, NULL, NULL),
(2014, 157, 2, 2, 5, 1, NULL, 1, 0, '2017-03-14 10:31:50', 1, NULL, NULL),
(2015, 157, 16, 3, 5, 1, NULL, 1, 0, '2017-03-14 10:31:50', 1, NULL, NULL),
(2016, 575, 2, 2, 5, 1, NULL, 1, 0, '2017-03-14 10:31:50', 1, NULL, NULL),
(2017, 575, 10, 4, 5, 1, NULL, 1, 0, '2017-03-14 10:31:50', 1, NULL, NULL),
(2018, 158, 2, 2, 5, 1, NULL, 1, 0, '2017-03-14 10:31:50', 1, NULL, NULL),
(2019, 158, 10, 4, 5, 1, NULL, 1, 0, '2017-03-14 10:31:50', 1, NULL, NULL),
(2020, 578, 2, 2, 5, 1, NULL, 1, 0, '2017-03-14 10:31:50', 1, NULL, NULL),
(2021, 578, 16, 3, 5, 1, NULL, 1, 0, '2017-03-14 10:31:50', 1, NULL, NULL),
(2022, 130, 1, 1, 5, 1, NULL, 1, 0, '2017-03-14 10:31:50', 1, NULL, NULL),
(2023, 49, 1, 1, 5, 1, NULL, 1, 0, '2017-03-14 10:31:50', 1, NULL, NULL),
(2024, 242, 1, 1, 5, 1, NULL, 1, 0, '2017-03-14 10:31:50', 1, NULL, NULL),
(2025, 223, 2, 2, 5, 1, NULL, 1, 0, '2017-03-14 10:31:50', 1, NULL, NULL),
(2026, 624, 2, 2, 5, 1, NULL, 1, 0, '2017-03-14 10:31:50', 1, NULL, NULL),
(2027, 417, 2, 2, 5, 1, NULL, 1, 0, '2017-03-14 10:31:50', 1, NULL, NULL),
(2028, 34, 2, 2, 5, 1, NULL, 1, 0, '2017-03-14 10:31:50', 1, NULL, NULL),
(2029, 175, 2, 2, 5, 1, NULL, 1, 0, '2017-03-14 10:31:50', 1, NULL, NULL),
(2030, 554, 2, 2, 5, 1, NULL, 1, 0, '2017-03-14 10:31:50', 1, NULL, NULL),
(2031, 554, 10, 4, 5, 1, NULL, 1, 0, '2017-03-14 10:31:50', 1, NULL, NULL),
(2032, 228, 2, 2, 5, 1, NULL, 1, 0, '2017-03-14 10:31:50', 1, NULL, NULL),
(2033, 557, 2, 2, 5, 1, NULL, 1, 0, '2017-03-14 10:31:50', 1, NULL, NULL),
(2034, 276, 2, 2, 5, 1, NULL, 1, 0, '2017-03-14 10:31:50', 1, NULL, NULL),
(2035, 277, 2, 2, 5, 1, NULL, 1, 0, '2017-03-14 10:31:50', 1, NULL, NULL),
(2036, 559, 2, 2, 5, 1, NULL, 1, 0, '2017-03-14 10:31:50', 1, NULL, NULL),
(2037, 229, 1, 1, 5, 1, NULL, 1, 0, '2017-03-14 10:31:50', 1, NULL, NULL),
(2038, 51, 1, 1, 5, 1, NULL, 1, 0, '2017-03-14 10:31:50', 1, NULL, NULL),
(2039, 558, 1, 1, 5, 1, NULL, 1, 0, '2017-03-14 10:31:50', 1, NULL, NULL),
(2040, 83, 2, 2, 5, 1, NULL, 1, 0, '2017-03-14 10:31:50', 1, NULL, NULL),
(2041, 492, 2, 2, 5, 1, NULL, 1, 0, '2017-03-14 10:31:50', 1, NULL, NULL),
(2042, 493, 1, 1, 5, 1, NULL, 1, 0, '2017-03-14 10:31:50', 1, NULL, NULL),
(2043, 76, 1, 1, 5, 1, NULL, 1, 0, '2017-03-14 10:31:50', 1, NULL, NULL),
(2044, 117, 2, 2, 5, 1, NULL, 1, 0, '2017-03-14 10:31:50', 1, NULL, NULL),
(2045, 280, 2, 2, 5, 1, NULL, 1, 0, '2017-03-14 10:31:50', 1, NULL, NULL),
(2046, 191, 2, 2, 5, 1, NULL, 1, 0, '2017-03-14 10:31:50', 1, NULL, NULL),
(2047, 356, 2, 2, 5, 1, NULL, 1, 0, '2017-03-14 10:31:50', 1, NULL, NULL),
(2048, 637, 2, 2, 5, 1, NULL, 1, 0, '2017-03-14 10:31:50', 1, NULL, NULL),
(2049, 134, 2, 2, 5, 1, NULL, 1, 0, '2017-03-14 10:31:50', 1, NULL, NULL),
(2050, 455, 1, 1, 5, 1, NULL, 1, 0, '2017-03-14 10:31:50', 1, NULL, NULL),
(2051, 218, 1, 1, 5, 1, NULL, 1, 0, '2017-03-14 10:31:50', 1, NULL, NULL),
(2052, 432, 2, 2, 5, 1, NULL, 1, 0, '2017-03-14 10:31:50', 1, NULL, NULL),
(2053, 45, 1, 1, 5, 1, NULL, 1, 0, '2017-03-14 10:31:50', 1, NULL, NULL),
(2054, 21, 3, 3, 5, 1, NULL, 1, 0, '2017-03-14 10:31:50', 1, NULL, NULL);
INSERT INTO `player_point` (`id`, `player_id`, `point_type_id`, `total_point`, `week_id`, `count`, `description`, `status`, `deleted`, `created_date`, `created_by`, `modified_date`, `modified_by`) VALUES
(2055, 34, 3, 3, 5, 1, NULL, 1, 0, '2017-03-14 10:31:50', 1, NULL, NULL),
(2056, 51, 3, 3, 5, 1, NULL, 1, 0, '2017-03-14 10:31:50', 1, NULL, NULL),
(2057, 55, 3, 3, 5, 1, NULL, 1, 0, '2017-03-14 10:31:50', 1, NULL, NULL),
(2058, 101, 3, 3, 5, 1, NULL, 1, 0, '2017-03-14 10:31:50', 1, NULL, NULL),
(2059, 103, 3, 3, 5, 1, NULL, 1, 0, '2017-03-14 10:31:50', 1, NULL, NULL),
(2060, 125, 3, 3, 5, 1, NULL, 1, 0, '2017-03-14 10:31:50', 1, NULL, NULL),
(2061, 157, 3, 3, 5, 1, NULL, 1, 0, '2017-03-14 10:31:50', 1, NULL, NULL),
(2062, 205, 3, 3, 5, 1, NULL, 1, 0, '2017-03-14 10:31:50', 1, NULL, NULL),
(2063, 235, 3, 3, 5, 1, NULL, 1, 0, '2017-03-14 10:31:50', 1, NULL, NULL),
(2064, 285, 3, 3, 5, 1, NULL, 1, 0, '2017-03-14 10:31:50', 1, NULL, NULL),
(2065, 291, 3, 3, 5, 1, NULL, 1, 0, '2017-03-14 10:31:50', 1, NULL, NULL),
(2066, 379, 3, 3, 5, 1, NULL, 1, 0, '2017-03-14 10:31:50', 1, NULL, NULL),
(2067, 413, 3, 3, 5, 1, NULL, 1, 0, '2017-03-14 10:31:50', 1, NULL, NULL),
(2068, 417, 3, 3, 5, 1, NULL, 1, 0, '2017-03-14 10:31:50', 1, NULL, NULL),
(2069, 497, 3, 3, 5, 1, NULL, 1, 0, '2017-03-14 10:31:50', 1, NULL, NULL),
(2070, 514, 3, 6, 5, 2, NULL, 1, 0, '2017-03-14 10:31:50', 1, NULL, NULL),
(2071, 516, 3, 3, 5, 1, NULL, 1, 0, '2017-03-14 10:31:50', 1, NULL, NULL),
(2072, 559, 3, 3, 5, 1, NULL, 1, 0, '2017-03-14 10:31:50', 1, NULL, NULL),
(2073, 614, 3, 6, 5, 2, NULL, 1, 0, '2017-03-14 10:31:50', 1, NULL, NULL),
(2074, 22, 5, 3, 5, 1, NULL, 1, 0, '2017-03-14 10:31:50', 1, NULL, NULL),
(2075, 430, 5, 3, 5, 1, NULL, 1, 0, '2017-03-14 10:31:50', 1, NULL, NULL),
(2076, 203, 5, 3, 5, 1, NULL, 1, 0, '2017-03-14 10:31:50', 1, NULL, NULL),
(2077, 41, 5, 3, 5, 1, NULL, 1, 0, '2017-03-14 10:31:50', 1, NULL, NULL),
(2078, 514, 5, 3, 5, 1, NULL, 1, 0, '2017-03-14 10:31:50', 1, NULL, NULL),
(2079, 312, 5, 3, 5, 1, NULL, 1, 0, '2017-03-14 10:31:50', 1, NULL, NULL),
(2080, 266, 5, 3, 5, 1, NULL, 1, 0, '2017-03-14 10:31:50', 1, NULL, NULL),
(2081, 125, 5, 3, 5, 1, NULL, 1, 0, '2017-03-14 10:31:50', 1, NULL, NULL),
(2082, 516, 5, 3, 5, 1, NULL, 1, 0, '2017-03-14 10:31:50', 1, NULL, NULL),
(2083, 34, 5, 3, 5, 1, NULL, 1, 0, '2017-03-14 10:31:50', 1, NULL, NULL),
(2084, 559, 5, 3, 5, 1, NULL, 1, 0, '2017-03-14 10:31:50', 1, NULL, NULL),
(2085, 103, 6, -1, 5, 1, NULL, 1, 0, '2017-03-14 10:31:50', 1, NULL, NULL),
(2086, 585, 6, -1, 5, 1, NULL, 1, 0, '2017-03-14 10:31:50', 1, NULL, NULL),
(2087, 415, 6, -1, 5, 1, NULL, 1, 0, '2017-03-14 10:31:50', 1, NULL, NULL),
(2088, 517, 6, -1, 5, 1, NULL, 1, 0, '2017-03-14 10:31:50', 1, NULL, NULL),
(2089, 392, 6, -1, 5, 1, NULL, 1, 0, '2017-03-14 10:31:50', 1, NULL, NULL),
(2090, 515, 6, -1, 5, 1, NULL, 1, 0, '2017-03-14 10:31:50', 1, NULL, NULL),
(2091, 567, 6, -1, 5, 1, NULL, 1, 0, '2017-03-14 10:31:50', 1, NULL, NULL),
(2092, 295, 6, -1, 5, 1, NULL, 1, 0, '2017-03-14 10:31:50', 1, NULL, NULL),
(2093, 330, 6, -1, 5, 1, NULL, 1, 0, '2017-03-14 10:31:50', 1, NULL, NULL),
(2094, 152, 6, -1, 5, 1, NULL, 1, 0, '2017-03-14 10:31:50', 1, NULL, NULL),
(2095, 140, 6, -1, 5, 1, NULL, 1, 0, '2017-03-14 10:31:50', 1, NULL, NULL),
(2096, 365, 6, -1, 5, 1, NULL, 1, 0, '2017-03-14 10:31:50', 1, NULL, NULL),
(2097, 285, 6, -1, 5, 1, NULL, 1, 0, '2017-03-14 10:31:50', 1, NULL, NULL),
(2098, 209, 6, -1, 5, 1, NULL, 1, 0, '2017-03-14 10:31:50', 1, NULL, NULL),
(2099, 351, 6, -1, 5, 1, NULL, 1, 0, '2017-03-14 10:31:50', 1, NULL, NULL),
(2100, 91, 6, -1, 5, 1, NULL, 1, 0, '2017-03-14 10:31:50', 1, NULL, NULL),
(2101, 506, 6, -1, 5, 1, NULL, 1, 0, '2017-03-14 10:31:50', 1, NULL, NULL),
(2102, 2, 6, -1, 5, 1, NULL, 1, 0, '2017-03-14 10:31:50', 1, NULL, NULL),
(2103, 57, 6, -1, 5, 1, NULL, 1, 0, '2017-03-14 10:31:50', 1, NULL, NULL),
(2104, 199, 6, -1, 5, 1, NULL, 1, 0, '2017-03-14 10:31:50', 1, NULL, NULL),
(2105, 105, 6, -1, 5, 1, NULL, 1, 0, '2017-03-14 10:31:50', 1, NULL, NULL),
(2106, 407, 6, -1, 5, 1, NULL, 1, 0, '2017-03-14 10:31:50', 1, NULL, NULL),
(2107, 21, 6, -1, 5, 1, NULL, 1, 0, '2017-03-14 10:31:50', 1, NULL, NULL),
(2108, 622, 6, -1, 5, 1, NULL, 1, 0, '2017-03-14 10:31:50', 1, NULL, NULL),
(2109, 531, 6, -1, 5, 1, NULL, 1, 0, '2017-03-14 10:31:50', 1, NULL, NULL),
(2110, 636, 6, -1, 5, 1, NULL, 1, 0, '2017-03-14 10:31:50', 1, NULL, NULL),
(2111, 157, 6, -1, 5, 1, NULL, 1, 0, '2017-03-14 10:31:50', 1, NULL, NULL),
(2112, 242, 6, -1, 5, 1, NULL, 1, 0, '2017-03-14 10:31:50', 1, NULL, NULL),
(2113, 223, 6, -1, 5, 1, NULL, 1, 0, '2017-03-14 10:31:50', 1, NULL, NULL),
(2114, 557, 6, -1, 5, 1, NULL, 1, 0, '2017-03-14 10:31:50', 1, NULL, NULL),
(2115, 559, 6, -1, 5, 1, NULL, 1, 0, '2017-03-14 10:31:50', 1, NULL, NULL),
(2116, 492, 6, -1, 5, 1, NULL, 1, 0, '2017-03-14 10:31:50', 1, NULL, NULL),
(2117, 76, 6, -1, 5, 1, NULL, 1, 0, '2017-03-14 10:31:50', 1, NULL, NULL),
(2118, 134, 6, -1, 5, 1, NULL, 1, 0, '2017-03-14 10:31:50', 1, NULL, NULL),
(2119, 432, 6, -1, 5, 1, NULL, 1, 0, '2017-03-14 10:31:50', 1, NULL, NULL),
(2120, 107, 7, -3, 5, 1, NULL, 1, 0, '2017-03-14 10:31:50', 1, NULL, NULL),
(2121, 12, 17, 4, 5, 1, NULL, 1, 0, '2017-03-14 10:31:50', 1, NULL, NULL),
(2122, 24, 15, 4, 5, 1, NULL, 1, 0, '2017-03-14 10:31:50', 1, NULL, NULL),
(2123, 34, 17, 8, 5, 2, NULL, 1, 0, '2017-03-14 10:31:50', 1, NULL, NULL),
(2124, 48, 17, 4, 5, 1, NULL, 1, 0, '2017-03-14 10:31:50', 1, NULL, NULL),
(2125, 132, 17, 4, 5, 1, NULL, 1, 0, '2017-03-14 10:31:50', 1, NULL, NULL),
(2126, 140, 17, 4, 5, 1, NULL, 1, 0, '2017-03-14 10:31:50', 1, NULL, NULL),
(2127, 142, 17, 4, 5, 1, NULL, 1, 0, '2017-03-14 10:31:50', 1, NULL, NULL),
(2128, 154, 17, 4, 5, 1, NULL, 1, 0, '2017-03-14 10:31:50', 1, NULL, NULL),
(2129, 203, 14, 6, 5, 1, NULL, 1, 0, '2017-03-14 10:31:50', 1, NULL, NULL),
(2130, 218, 15, 4, 5, 1, NULL, 1, 0, '2017-03-14 10:31:50', 1, NULL, NULL),
(2131, 228, 15, 4, 5, 1, NULL, 1, 0, '2017-03-14 10:31:50', 1, NULL, NULL),
(2132, 231, 15, 4, 5, 1, NULL, 1, 0, '2017-03-14 10:31:50', 1, NULL, NULL),
(2133, 259, 17, 4, 5, 1, NULL, 1, 0, '2017-03-14 10:31:50', 1, NULL, NULL),
(2134, 266, 17, 4, 5, 1, NULL, 1, 0, '2017-03-14 10:31:50', 1, NULL, NULL),
(2135, 309, 14, 12, 5, 2, NULL, 1, 0, '2017-03-14 10:31:50', 1, NULL, NULL),
(2136, 312, 15, 4, 5, 1, NULL, 1, 0, '2017-03-14 10:31:50', 1, NULL, NULL),
(2137, 392, 17, 4, 5, 1, NULL, 1, 0, '2017-03-14 10:31:50', 1, NULL, NULL),
(2138, 433, 17, 4, 5, 1, NULL, 1, 0, '2017-03-14 10:31:50', 1, NULL, NULL),
(2139, 462, 17, 4, 5, 1, NULL, 1, 0, '2017-03-14 10:31:50', 1, NULL, NULL),
(2140, 496, 17, 4, 5, 1, NULL, 1, 0, '2017-03-14 10:31:50', 1, NULL, NULL),
(2141, 499, 15, 4, 5, 1, NULL, 1, 0, '2017-03-14 10:31:50', 1, NULL, NULL),
(2142, 516, 17, 8, 5, 2, NULL, 1, 0, '2017-03-14 10:31:50', 1, NULL, NULL),
(2143, 552, 17, 4, 5, 1, NULL, 1, 0, '2017-03-14 10:31:50', 1, NULL, NULL),
(2144, 557, 17, 4, 5, 1, NULL, 1, 0, '2017-03-14 10:31:50', 1, NULL, NULL),
(2145, 559, 15, 4, 5, 1, NULL, 1, 0, '2017-03-14 10:31:50', 1, NULL, NULL),
(2146, 572, 17, 4, 5, 1, NULL, 1, 0, '2017-03-14 10:31:50', 1, NULL, NULL),
(2147, 578, 15, 4, 5, 1, NULL, 1, 0, '2017-03-14 10:31:50', 1, NULL, NULL),
(2148, 617, 17, 4, 5, 1, NULL, 1, 0, '2017-03-14 10:31:50', 1, NULL, NULL),
(2149, 235, 18, 3, 5, 1, NULL, 1, 0, '2017-03-14 10:31:50', 1, NULL, NULL),
(2150, 203, 18, 3, 5, 1, NULL, 1, 0, '2017-03-14 10:31:50', 1, NULL, NULL),
(2151, 516, 18, 3, 5, 1, NULL, 1, 0, '2017-03-14 10:31:50', 1, NULL, NULL),
(2152, 394, 18, 3, 5, 1, NULL, 1, 0, '2017-03-14 10:31:50', 1, NULL, NULL),
(2153, 34, 18, 3, 5, 1, NULL, 1, 0, '2017-03-14 10:31:50', 1, NULL, NULL),
(2154, 578, 18, 3, 5, 1, NULL, 1, 0, '2017-03-14 10:31:50', 1, NULL, NULL),
(2155, 266, 18, 3, 5, 1, NULL, 1, 0, '2017-03-14 10:31:50', 1, NULL, NULL),
(2156, 154, 18, 3, 5, 1, NULL, 1, 0, '2017-03-14 10:31:50', 1, NULL, NULL),
(2157, 617, 18, 3, 5, 1, NULL, 1, 0, '2017-03-14 10:31:50', 1, NULL, NULL),
(2158, 167, 11, 2, 5, 2, NULL, 1, 0, '2017-03-14 10:31:50', 1, NULL, NULL),
(2159, 163, 11, 3, 5, 3, NULL, 1, 0, '2017-03-14 10:31:50', 1, NULL, NULL),
(2160, 192, 11, 1, 5, 1, NULL, 1, 0, '2017-03-14 10:31:50', 1, NULL, NULL),
(2161, 22, 11, 2, 5, 2, NULL, 1, 0, '2017-03-14 10:31:50', 1, NULL, NULL),
(2162, 216, 11, 1, 5, 1, NULL, 1, 0, '2017-03-14 10:31:50', 1, NULL, NULL),
(2163, 46, 11, 1, 5, 1, NULL, 1, 0, '2017-03-14 10:31:50', 1, NULL, NULL),
(2164, 26, 11, 1, 5, 1, NULL, 1, 0, '2017-03-14 10:31:50', 1, NULL, NULL),
(2165, 277, 11, 1, 5, 1, NULL, 1, 0, '2017-03-14 10:31:50', 1, NULL, NULL),
(2166, 83, 11, 1, 5, 1, NULL, 1, 0, '2017-03-14 10:31:50', 1, NULL, NULL),
(2167, 167, 13, -1, 5, 1, NULL, 1, 0, '2017-03-14 10:31:50', 1, NULL, NULL),
(2168, 416, 13, -1, 5, 1, NULL, 1, 0, '2017-03-14 10:31:50', 1, NULL, NULL),
(2169, 643, 13, -1, 5, 1, NULL, 1, 0, '2017-03-14 10:31:50', 1, NULL, NULL),
(2170, 415, 13, -1, 5, 1, NULL, 1, 0, '2017-03-14 10:31:50', 1, NULL, NULL),
(2171, 585, 13, -1, 5, 1, NULL, 1, 0, '2017-03-14 10:31:50', 1, NULL, NULL),
(2172, 107, 13, -2, 5, 2, NULL, 1, 0, '2017-03-14 10:31:50', 1, NULL, NULL),
(2173, 567, 13, -2, 5, 2, NULL, 1, 0, '2017-03-14 10:31:50', 1, NULL, NULL),
(2174, 137, 13, -2, 5, 2, NULL, 1, 0, '2017-03-14 10:31:50', 1, NULL, NULL),
(2175, 163, 13, -2, 5, 2, NULL, 1, 0, '2017-03-14 10:31:50', 1, NULL, NULL),
(2176, 108, 13, -2, 5, 2, NULL, 1, 0, '2017-03-14 10:31:50', 1, NULL, NULL),
(2177, 327, 13, -1, 5, 1, NULL, 1, 0, '2017-03-14 10:31:50', 1, NULL, NULL),
(2178, 324, 13, -1, 5, 1, NULL, 1, 0, '2017-03-14 10:31:50', 1, NULL, NULL),
(2179, 319, 13, -1, 5, 1, NULL, 1, 0, '2017-03-14 10:31:50', 1, NULL, NULL),
(2180, 129, 13, -1, 5, 1, NULL, 1, 0, '2017-03-14 10:31:50', 1, NULL, NULL),
(2181, 192, 13, -1, 5, 1, NULL, 1, 0, '2017-03-14 10:31:50', 1, NULL, NULL),
(2182, 216, 13, -1, 5, 1, NULL, 1, 0, '2017-03-14 10:31:50', 1, NULL, NULL),
(2183, 603, 13, -1, 5, 1, NULL, 1, 0, '2017-03-14 10:31:50', 1, NULL, NULL),
(2184, 55, 13, -1, 5, 1, NULL, 1, 0, '2017-03-14 10:31:50', 1, NULL, NULL),
(2185, 56, 13, -1, 5, 1, NULL, 1, 0, '2017-03-14 10:31:50', 1, NULL, NULL),
(2186, 101, 13, -1, 5, 1, NULL, 1, 0, '2017-03-14 10:31:50', 1, NULL, NULL),
(2187, 304, 13, -1, 5, 1, NULL, 1, 0, '2017-03-14 10:31:50', 1, NULL, NULL),
(2188, 365, 13, -1, 5, 1, NULL, 1, 0, '2017-03-14 10:31:50', 1, NULL, NULL),
(2189, 309, 13, -1, 5, 1, NULL, 1, 0, '2017-03-14 10:31:50', 1, NULL, NULL),
(2190, 368, 13, -1, 5, 1, NULL, 1, 0, '2017-03-14 10:31:50', 1, NULL, NULL),
(2191, 39, 13, -1, 5, 1, NULL, 1, 0, '2017-03-14 10:31:50', 1, NULL, NULL),
(2192, 454, 13, -1, 5, 1, NULL, 1, 0, '2017-03-14 10:31:50', 1, NULL, NULL),
(2193, 299, 13, -1, 5, 1, NULL, 1, 0, '2017-03-14 10:31:50', 1, NULL, NULL),
(2194, 89, 13, -1, 5, 1, NULL, 1, 0, '2017-03-14 10:31:50', 1, NULL, NULL),
(2195, 257, 13, -1, 5, 1, NULL, 1, 0, '2017-03-14 10:31:50', 1, NULL, NULL),
(2196, 636, 13, -1, 5, 1, NULL, 1, 0, '2017-03-14 10:31:50', 1, NULL, NULL),
(2197, 465, 13, -1, 5, 1, NULL, 1, 0, '2017-03-14 10:31:50', 1, NULL, NULL),
(2198, 124, 13, -1, 5, 1, NULL, 1, 0, '2017-03-14 10:31:50', 1, NULL, NULL),
(2199, 120, 13, -1, 5, 1, NULL, 1, 0, '2017-03-14 10:31:50', 1, NULL, NULL),
(2200, 83, 13, -2, 5, 2, NULL, 1, 0, '2017-03-14 10:31:50', 1, NULL, NULL),
(2201, 492, 13, -2, 5, 2, NULL, 1, 0, '2017-03-14 10:31:50', 1, NULL, NULL),
(2202, 280, 13, -2, 5, 2, NULL, 1, 0, '2017-03-14 10:31:50', 1, NULL, NULL),
(2203, 191, 13, -2, 5, 2, NULL, 1, 0, '2017-03-14 10:31:50', 1, NULL, NULL),
(2204, 356, 13, -2, 5, 2, NULL, 1, 0, '2017-03-14 10:31:50', 1, NULL, NULL),
(2205, 304, 2, 2, 6, 1, NULL, 1, 0, '2017-03-14 10:32:12', 1, NULL, NULL),
(2206, 365, 2, 2, 6, 1, NULL, 1, 0, '2017-03-14 10:32:12', 1, NULL, NULL),
(2207, 309, 2, 2, 6, 1, NULL, 1, 0, '2017-03-14 10:32:12', 1, NULL, NULL),
(2208, 541, 2, 2, 6, 1, NULL, 1, 0, '2017-03-14 10:32:12', 1, NULL, NULL),
(2209, 368, 2, 2, 6, 1, NULL, 1, 0, '2017-03-14 10:32:12', 1, NULL, NULL),
(2210, 307, 2, 2, 6, 1, NULL, 1, 0, '2017-03-14 10:32:12', 1, NULL, NULL),
(2211, 543, 2, 2, 6, 1, NULL, 1, 0, '2017-03-14 10:32:12', 1, NULL, NULL),
(2212, 418, 2, 2, 6, 1, NULL, 1, 0, '2017-03-14 10:32:12', 1, NULL, NULL),
(2213, 614, 2, 2, 6, 1, NULL, 1, 0, '2017-03-14 10:32:12', 1, NULL, NULL),
(2214, 372, 2, 2, 6, 1, NULL, 1, 0, '2017-03-14 10:32:12', 1, NULL, NULL),
(2215, 306, 2, 2, 6, 1, NULL, 1, 0, '2017-03-14 10:32:12', 1, NULL, NULL),
(2216, 305, 1, 1, 6, 1, NULL, 1, 0, '2017-03-14 10:32:12', 1, NULL, NULL),
(2217, 542, 1, 1, 6, 1, NULL, 1, 0, '2017-03-14 10:32:12', 1, NULL, NULL),
(2218, 119, 1, 1, 6, 1, NULL, 1, 0, '2017-03-14 10:32:12', 1, NULL, NULL),
(2219, 223, 2, 2, 6, 1, NULL, 1, 0, '2017-03-14 10:32:12', 1, NULL, NULL),
(2220, 624, 2, 2, 6, 1, NULL, 1, 0, '2017-03-14 10:32:12', 1, NULL, NULL),
(2221, 417, 2, 2, 6, 1, NULL, 1, 0, '2017-03-14 10:32:12', 1, NULL, NULL),
(2222, 34, 2, 2, 6, 1, NULL, 1, 0, '2017-03-14 10:32:12', 1, NULL, NULL),
(2223, 175, 2, 2, 6, 1, NULL, 1, 0, '2017-03-14 10:32:12', 1, NULL, NULL),
(2224, 554, 1, 1, 6, 1, NULL, 1, 0, '2017-03-14 10:32:12', 1, NULL, NULL),
(2225, 228, 2, 2, 6, 1, NULL, 1, 0, '2017-03-14 10:32:12', 1, NULL, NULL),
(2226, 557, 1, 1, 6, 1, NULL, 1, 0, '2017-03-14 10:32:12', 1, NULL, NULL),
(2227, 276, 2, 2, 6, 1, NULL, 1, 0, '2017-03-14 10:32:12', 1, NULL, NULL),
(2228, 277, 2, 2, 6, 1, NULL, 1, 0, '2017-03-14 10:32:12', 1, NULL, NULL),
(2229, 559, 2, 2, 6, 1, NULL, 1, 0, '2017-03-14 10:32:12', 1, NULL, NULL),
(2230, 229, 1, 1, 6, 1, NULL, 1, 0, '2017-03-14 10:32:12', 1, NULL, NULL),
(2231, 270, 1, 1, 6, 1, NULL, 1, 0, '2017-03-14 10:32:12', 1, NULL, NULL),
(2232, 51, 1, 1, 6, 1, NULL, 1, 0, '2017-03-14 10:32:12', 1, NULL, NULL),
(2233, 220, 2, 2, 6, 1, NULL, 1, 0, '2017-03-14 10:32:12', 1, NULL, NULL),
(2234, 430, 2, 2, 6, 1, NULL, 1, 0, '2017-03-14 10:32:12', 1, NULL, NULL),
(2235, 436, 2, 2, 6, 1, NULL, 1, 0, '2017-03-14 10:32:12', 1, NULL, NULL),
(2236, 572, 2, 2, 6, 1, NULL, 1, 0, '2017-03-14 10:32:12', 1, NULL, NULL),
(2237, 574, 2, 2, 6, 1, NULL, 1, 0, '2017-03-14 10:32:12', 1, NULL, NULL),
(2238, 576, 2, 2, 6, 1, NULL, 1, 0, '2017-03-14 10:32:12', 1, NULL, NULL),
(2239, 312, 2, 2, 6, 1, NULL, 1, 0, '2017-03-14 10:32:12', 1, NULL, NULL),
(2240, 446, 2, 2, 6, 1, NULL, 1, 0, '2017-03-14 10:32:12', 1, NULL, NULL),
(2241, 575, 2, 2, 6, 1, NULL, 1, 0, '2017-03-14 10:32:12', 1, NULL, NULL),
(2242, 158, 2, 2, 6, 1, NULL, 1, 0, '2017-03-14 10:32:12', 1, NULL, NULL),
(2243, 578, 2, 2, 6, 1, NULL, 1, 0, '2017-03-14 10:32:12', 1, NULL, NULL),
(2244, 157, 1, 1, 6, 1, NULL, 1, 0, '2017-03-14 10:32:12', 1, NULL, NULL),
(2245, 49, 1, 1, 6, 1, NULL, 1, 0, '2017-03-14 10:32:12', 1, NULL, NULL),
(2246, 242, 1, 1, 6, 1, NULL, 1, 0, '2017-03-14 10:32:12', 1, NULL, NULL),
(2247, 216, 2, 2, 6, 1, NULL, 1, 0, '2017-03-14 10:32:12', 1, NULL, NULL),
(2248, 262, 2, 2, 6, 1, NULL, 1, 0, '2017-03-14 10:32:12', 1, NULL, NULL),
(2249, 262, 16, 3, 6, 1, NULL, 1, 0, '2017-03-14 10:32:12', 1, NULL, NULL),
(2250, 603, 2, 2, 6, 1, NULL, 1, 0, '2017-03-14 10:32:12', 1, NULL, NULL),
(2251, 9, 2, 2, 6, 1, NULL, 1, 0, '2017-03-14 10:32:12', 1, NULL, NULL),
(2252, 9, 10, 4, 6, 1, NULL, 1, 0, '2017-03-14 10:32:12', 1, NULL, NULL),
(2253, 140, 2, 2, 6, 1, NULL, 1, 0, '2017-03-14 10:32:12', 1, NULL, NULL),
(2254, 55, 1, 1, 6, 1, NULL, 1, 0, '2017-03-14 10:32:12', 1, NULL, NULL),
(2255, 56, 2, 2, 6, 1, NULL, 1, 0, '2017-03-14 10:32:12', 1, NULL, NULL),
(2256, 207, 2, 2, 6, 1, NULL, 1, 0, '2017-03-14 10:32:12', 1, NULL, NULL),
(2257, 132, 2, 2, 6, 1, NULL, 1, 0, '2017-03-14 10:32:12', 1, NULL, NULL),
(2258, 154, 2, 2, 6, 1, NULL, 1, 0, '2017-03-14 10:32:12', 1, NULL, NULL),
(2259, 620, 2, 2, 6, 1, NULL, 1, 0, '2017-03-14 10:32:12', 1, NULL, NULL),
(2260, 263, 2, 2, 6, 1, NULL, 1, 0, '2017-03-14 10:32:12', 1, NULL, NULL),
(2261, 101, 1, 1, 6, 1, NULL, 1, 0, '2017-03-14 10:32:12', 1, NULL, NULL),
(2262, 149, 1, 1, 6, 1, NULL, 1, 0, '2017-03-14 10:32:12', 1, NULL, NULL),
(2263, 62, 2, 2, 6, 1, NULL, 1, 0, '2017-03-14 10:32:12', 1, NULL, NULL),
(2264, 62, 10, 4, 6, 1, NULL, 1, 0, '2017-03-14 10:32:12', 1, NULL, NULL),
(2265, 218, 2, 2, 6, 1, NULL, 1, 0, '2017-03-14 10:32:12', 1, NULL, NULL),
(2266, 218, 16, 3, 6, 1, NULL, 1, 0, '2017-03-14 10:32:12', 1, NULL, NULL),
(2267, 494, 2, 2, 6, 1, NULL, 1, 0, '2017-03-14 10:32:12', 1, NULL, NULL),
(2268, 155, 2, 2, 6, 1, NULL, 1, 0, '2017-03-14 10:32:12', 1, NULL, NULL),
(2269, 155, 16, 3, 6, 1, NULL, 1, 0, '2017-03-14 10:32:12', 1, NULL, NULL),
(2270, 117, 2, 2, 6, 1, NULL, 1, 0, '2017-03-14 10:32:12', 1, NULL, NULL),
(2271, 117, 16, 3, 6, 1, NULL, 1, 0, '2017-03-14 10:32:12', 1, NULL, NULL),
(2272, 189, 2, 2, 6, 1, NULL, 1, 0, '2017-03-14 10:32:12', 1, NULL, NULL),
(2273, 189, 10, 4, 6, 1, NULL, 1, 0, '2017-03-14 10:32:12', 1, NULL, NULL),
(2274, 355, 2, 2, 6, 1, NULL, 1, 0, '2017-03-14 10:32:12', 1, NULL, NULL),
(2275, 355, 16, 3, 6, 1, NULL, 1, 0, '2017-03-14 10:32:12', 1, NULL, NULL),
(2276, 280, 2, 2, 6, 1, NULL, 1, 0, '2017-03-14 10:32:12', 1, NULL, NULL),
(2277, 280, 10, 4, 6, 1, NULL, 1, 0, '2017-03-14 10:32:12', 1, NULL, NULL),
(2278, 356, 2, 2, 6, 1, NULL, 1, 0, '2017-03-14 10:32:12', 1, NULL, NULL),
(2279, 356, 10, 4, 6, 1, NULL, 1, 0, '2017-03-14 10:32:12', 1, NULL, NULL),
(2280, 637, 2, 2, 6, 1, NULL, 1, 0, '2017-03-14 10:32:12', 1, NULL, NULL),
(2281, 134, 2, 2, 6, 1, NULL, 1, 0, '2017-03-14 10:32:12', 1, NULL, NULL),
(2282, 134, 16, 3, 6, 1, NULL, 1, 0, '2017-03-14 10:32:12', 1, NULL, NULL),
(2283, 492, 1, 1, 6, 1, NULL, 1, 0, '2017-03-14 10:32:12', 1, NULL, NULL),
(2284, 493, 1, 1, 6, 1, NULL, 1, 0, '2017-03-14 10:32:12', 1, NULL, NULL),
(2285, 45, 1, 1, 6, 1, NULL, 1, 0, '2017-03-14 10:32:12', 1, NULL, NULL),
(2286, 68, 2, 2, 6, 1, NULL, 1, 0, '2017-03-14 10:32:12', 1, NULL, NULL),
(2287, 68, 10, 4, 6, 1, NULL, 1, 0, '2017-03-14 10:32:12', 1, NULL, NULL),
(2288, 518, 2, 2, 6, 1, NULL, 1, 0, '2017-03-14 10:32:12', 1, NULL, NULL),
(2289, 518, 10, 4, 6, 1, NULL, 1, 0, '2017-03-14 10:32:12', 1, NULL, NULL),
(2290, 513, 2, 2, 6, 1, NULL, 1, 0, '2017-03-14 10:32:12', 1, NULL, NULL),
(2291, 513, 16, 3, 6, 1, NULL, 1, 0, '2017-03-14 10:32:12', 1, NULL, NULL),
(2292, 514, 2, 2, 6, 1, NULL, 1, 0, '2017-03-14 10:32:12', 1, NULL, NULL),
(2293, 514, 16, 3, 6, 1, NULL, 1, 0, '2017-03-14 10:32:12', 1, NULL, NULL),
(2294, 11, 2, 2, 6, 1, NULL, 1, 0, '2017-03-14 10:32:12', 1, NULL, NULL),
(2295, 11, 16, 3, 6, 1, NULL, 1, 0, '2017-03-14 10:32:12', 1, NULL, NULL),
(2296, 36, 2, 2, 6, 1, NULL, 1, 0, '2017-03-14 10:32:12', 1, NULL, NULL),
(2297, 36, 10, 4, 6, 1, NULL, 1, 0, '2017-03-14 10:32:12', 1, NULL, NULL),
(2298, 231, 2, 2, 6, 1, NULL, 1, 0, '2017-03-14 10:32:12', 1, NULL, NULL),
(2299, 231, 16, 3, 6, 1, NULL, 1, 0, '2017-03-14 10:32:12', 1, NULL, NULL),
(2300, 515, 2, 2, 6, 1, NULL, 1, 0, '2017-03-14 10:32:12', 1, NULL, NULL),
(2301, 515, 10, 4, 6, 1, NULL, 1, 0, '2017-03-14 10:32:12', 1, NULL, NULL),
(2302, 399, 2, 2, 6, 1, NULL, 1, 0, '2017-03-14 10:32:12', 1, NULL, NULL),
(2303, 399, 16, 3, 6, 1, NULL, 1, 0, '2017-03-14 10:32:12', 1, NULL, NULL),
(2304, 392, 2, 2, 6, 1, NULL, 1, 0, '2017-03-14 10:32:12', 1, NULL, NULL),
(2305, 516, 2, 2, 6, 1, NULL, 1, 0, '2017-03-14 10:32:12', 1, NULL, NULL),
(2306, 128, 1, 1, 6, 1, NULL, 1, 0, '2017-03-14 10:32:12', 1, NULL, NULL),
(2307, 426, 1, 1, 6, 1, NULL, 1, 0, '2017-03-14 10:32:12', 1, NULL, NULL),
(2308, 281, 1, 1, 6, 1, NULL, 1, 0, '2017-03-14 10:32:12', 1, NULL, NULL),
(2309, 46, 2, 2, 6, 1, NULL, 1, 0, '2017-03-14 10:32:12', 1, NULL, NULL),
(2310, 249, 2, 2, 6, 1, NULL, 1, 0, '2017-03-14 10:32:12', 1, NULL, NULL),
(2311, 91, 2, 2, 6, 1, NULL, 1, 0, '2017-03-14 10:32:12', 1, NULL, NULL),
(2312, 279, 1, 1, 6, 1, NULL, 1, 0, '2017-03-14 10:32:12', 1, NULL, NULL),
(2313, 233, 2, 2, 6, 1, NULL, 1, 0, '2017-03-14 10:32:12', 1, NULL, NULL),
(2314, 505, 2, 2, 6, 1, NULL, 1, 0, '2017-03-14 10:32:12', 1, NULL, NULL),
(2315, 502, 2, 2, 6, 1, NULL, 1, 0, '2017-03-14 10:32:12', 1, NULL, NULL),
(2316, 506, 2, 2, 6, 1, NULL, 1, 0, '2017-03-14 10:32:12', 1, NULL, NULL),
(2317, 2, 2, 2, 6, 1, NULL, 1, 0, '2017-03-14 10:32:12', 1, NULL, NULL),
(2318, 252, 1, 1, 6, 1, NULL, 1, 0, '2017-03-14 10:32:12', 1, NULL, NULL),
(2319, 205, 2, 2, 6, 1, NULL, 1, 0, '2017-03-14 10:32:12', 1, NULL, NULL),
(2320, 503, 2, 2, 6, 1, NULL, 1, 0, '2017-03-14 10:32:12', 1, NULL, NULL),
(2321, 504, 1, 1, 6, 1, NULL, 1, 0, '2017-03-14 10:32:12', 1, NULL, NULL),
(2322, 48, 1, 1, 6, 1, NULL, 1, 0, '2017-03-14 10:32:12', 1, NULL, NULL),
(2323, 86, 2, 2, 6, 1, NULL, 1, 0, '2017-03-14 10:32:12', 1, NULL, NULL),
(2324, 8, 1, 1, 6, 1, NULL, 1, 0, '2017-03-14 10:32:12', 1, NULL, NULL),
(2325, 124, 2, 2, 6, 1, NULL, 1, 0, '2017-03-14 10:32:12', 1, NULL, NULL),
(2326, 150, 2, 2, 6, 1, NULL, 1, 0, '2017-03-14 10:32:12', 1, NULL, NULL),
(2327, 410, 2, 2, 6, 1, NULL, 1, 0, '2017-03-14 10:32:12', 1, NULL, NULL),
(2328, 358, 2, 2, 6, 1, NULL, 1, 0, '2017-03-14 10:32:12', 1, NULL, NULL),
(2329, 222, 2, 2, 6, 1, NULL, 1, 0, '2017-03-14 10:32:12', 1, NULL, NULL),
(2330, 602, 2, 2, 6, 1, NULL, 1, 0, '2017-03-14 10:32:12', 1, NULL, NULL),
(2331, 79, 2, 2, 6, 1, NULL, 1, 0, '2017-03-14 10:32:12', 1, NULL, NULL),
(2332, 636, 2, 2, 6, 1, NULL, 1, 0, '2017-03-14 10:32:12', 1, NULL, NULL),
(2333, 32, 2, 2, 6, 1, NULL, 1, 0, '2017-03-14 10:32:12', 1, NULL, NULL),
(2334, 245, 1, 1, 6, 1, NULL, 1, 0, '2017-03-14 10:32:12', 1, NULL, NULL),
(2335, 13, 1, 1, 6, 1, NULL, 1, 0, '2017-03-14 10:32:12', 1, NULL, NULL),
(2336, 393, 1, 1, 6, 1, NULL, 1, 0, '2017-03-14 10:32:12', 1, NULL, NULL),
(2337, 22, 2, 2, 6, 1, NULL, 1, 0, '2017-03-14 10:32:12', 1, NULL, NULL),
(2338, 22, 10, 4, 6, 1, NULL, 1, 0, '2017-03-14 10:32:12', 1, NULL, NULL),
(2339, 413, 2, 2, 6, 1, NULL, 1, 0, '2017-03-14 10:32:12', 1, NULL, NULL),
(2340, 413, 10, 4, 6, 1, NULL, 1, 0, '2017-03-14 10:32:12', 1, NULL, NULL),
(2341, 244, 2, 2, 6, 1, NULL, 1, 0, '2017-03-14 10:32:12', 1, NULL, NULL),
(2342, 244, 10, 4, 6, 1, NULL, 1, 0, '2017-03-14 10:32:12', 1, NULL, NULL),
(2343, 12, 2, 2, 6, 1, NULL, 1, 0, '2017-03-14 10:32:12', 1, NULL, NULL),
(2344, 259, 2, 2, 6, 1, NULL, 1, 0, '2017-03-14 10:32:12', 1, NULL, NULL),
(2345, 511, 2, 2, 6, 1, NULL, 1, 0, '2017-03-14 10:32:12', 1, NULL, NULL),
(2346, 511, 16, 3, 6, 1, NULL, 1, 0, '2017-03-14 10:32:12', 1, NULL, NULL),
(2347, 433, 2, 2, 6, 1, NULL, 1, 0, '2017-03-14 10:32:12', 1, NULL, NULL),
(2348, 253, 2, 2, 6, 1, NULL, 1, 0, '2017-03-14 10:32:12', 1, NULL, NULL),
(2349, 253, 10, 4, 6, 1, NULL, 1, 0, '2017-03-14 10:32:12', 1, NULL, NULL),
(2350, 512, 2, 2, 6, 1, NULL, 1, 0, '2017-03-14 10:32:12', 1, NULL, NULL),
(2351, 512, 10, 4, 6, 1, NULL, 1, 0, '2017-03-14 10:32:12', 1, NULL, NULL),
(2352, 152, 2, 2, 6, 1, NULL, 1, 0, '2017-03-14 10:32:12', 1, NULL, NULL),
(2353, 152, 10, 4, 6, 1, NULL, 1, 0, '2017-03-14 10:32:12', 1, NULL, NULL),
(2354, 316, 2, 2, 6, 1, NULL, 1, 0, '2017-03-14 10:32:12', 1, NULL, NULL),
(2355, 316, 16, 3, 6, 1, NULL, 1, 0, '2017-03-14 10:32:12', 1, NULL, NULL),
(2356, 313, 1, 1, 6, 1, NULL, 1, 0, '2017-03-14 10:32:12', 1, NULL, NULL),
(2357, 491, 1, 1, 6, 1, NULL, 1, 0, '2017-03-14 10:32:12', 1, NULL, NULL),
(2358, 235, 1, 1, 6, 1, NULL, 1, 0, '2017-03-14 10:32:12', 1, NULL, NULL),
(2359, 567, 2, 2, 6, 1, NULL, 1, 0, '2017-03-14 10:32:12', 1, NULL, NULL),
(2360, 391, 2, 2, 6, 1, NULL, 1, 0, '2017-03-14 10:32:12', 1, NULL, NULL),
(2361, 137, 2, 2, 6, 1, NULL, 1, 0, '2017-03-14 10:32:12', 1, NULL, NULL),
(2362, 163, 2, 2, 6, 1, NULL, 1, 0, '2017-03-14 10:32:12', 1, NULL, NULL),
(2363, 295, 2, 2, 6, 1, NULL, 1, 0, '2017-03-14 10:32:12', 1, NULL, NULL),
(2364, 108, 2, 2, 6, 1, NULL, 1, 0, '2017-03-14 10:32:12', 1, NULL, NULL),
(2365, 362, 1, 1, 6, 1, NULL, 1, 0, '2017-03-14 10:32:12', 1, NULL, NULL),
(2366, 568, 2, 2, 6, 1, NULL, 1, 0, '2017-03-14 10:32:12', 1, NULL, NULL),
(2367, 185, 2, 2, 6, 1, NULL, 1, 0, '2017-03-14 10:32:12', 1, NULL, NULL),
(2368, 188, 2, 2, 6, 1, NULL, 1, 0, '2017-03-14 10:32:12', 1, NULL, NULL),
(2369, 327, 2, 2, 6, 1, NULL, 1, 0, '2017-03-14 10:32:12', 1, NULL, NULL),
(2370, 241, 1, 1, 6, 1, NULL, 1, 0, '2017-03-14 10:32:12', 1, NULL, NULL),
(2371, 20, 1, 1, 6, 1, NULL, 1, 0, '2017-03-14 10:32:12', 1, NULL, NULL),
(2372, 114, 1, 1, 6, 1, NULL, 1, 0, '2017-03-14 10:32:12', 1, NULL, NULL),
(2373, 127, 2, 2, 6, 1, NULL, 1, 0, '2017-03-14 10:32:12', 1, NULL, NULL),
(2374, 127, 10, 4, 6, 1, NULL, 1, 0, '2017-03-14 10:32:12', 1, NULL, NULL),
(2375, 291, 2, 2, 6, 1, NULL, 1, 0, '2017-03-14 10:32:12', 1, NULL, NULL),
(2376, 291, 10, 4, 6, 1, NULL, 1, 0, '2017-03-14 10:32:12', 1, NULL, NULL),
(2377, 500, 2, 2, 6, 1, NULL, 1, 0, '2017-03-14 10:32:12', 1, NULL, NULL),
(2378, 500, 16, 3, 6, 1, NULL, 1, 0, '2017-03-14 10:32:12', 1, NULL, NULL),
(2379, 496, 1, 1, 6, 1, NULL, 1, 0, '2017-03-14 10:32:12', 1, NULL, NULL),
(2380, 104, 2, 2, 6, 1, NULL, 1, 0, '2017-03-14 10:32:12', 1, NULL, NULL),
(2381, 104, 10, 4, 6, 1, NULL, 1, 0, '2017-03-14 10:32:12', 1, NULL, NULL),
(2382, 57, 2, 2, 6, 1, NULL, 1, 0, '2017-03-14 10:32:12', 1, NULL, NULL),
(2383, 57, 10, 4, 6, 1, NULL, 1, 0, '2017-03-14 10:32:12', 1, NULL, NULL),
(2384, 266, 2, 2, 6, 1, NULL, 1, 0, '2017-03-14 10:32:12', 1, NULL, NULL),
(2385, 105, 2, 2, 6, 1, NULL, 1, 0, '2017-03-14 10:32:12', 1, NULL, NULL),
(2386, 105, 10, 4, 6, 1, NULL, 1, 0, '2017-03-14 10:32:12', 1, NULL, NULL),
(2387, 335, 2, 2, 6, 1, NULL, 1, 0, '2017-03-14 10:32:12', 1, NULL, NULL),
(2388, 335, 16, 3, 6, 1, NULL, 1, 0, '2017-03-14 10:32:12', 1, NULL, NULL),
(2389, 499, 2, 2, 6, 1, NULL, 1, 0, '2017-03-14 10:32:12', 1, NULL, NULL),
(2390, 499, 16, 3, 6, 1, NULL, 1, 0, '2017-03-14 10:32:12', 1, NULL, NULL),
(2391, 653, 2, 2, 6, 1, NULL, 1, 0, '2017-03-14 10:32:12', 1, NULL, NULL),
(2392, 653, 10, 4, 6, 1, NULL, 1, 0, '2017-03-14 10:32:12', 1, NULL, NULL),
(2393, 102, 1, 1, 6, 1, NULL, 1, 0, '2017-03-14 10:32:12', 1, NULL, NULL),
(2394, 497, 2, 2, 6, 1, NULL, 1, 0, '2017-03-14 10:32:12', 1, NULL, NULL),
(2395, 497, 16, 3, 6, 1, NULL, 1, 0, '2017-03-14 10:32:12', 1, NULL, NULL),
(2396, 199, 1, 1, 6, 1, NULL, 1, 0, '2017-03-14 10:32:12', 1, NULL, NULL),
(2397, 591, 2, 2, 6, 1, NULL, 1, 0, '2017-03-14 10:32:12', 1, NULL, NULL),
(2398, 325, 2, 2, 6, 1, NULL, 1, 0, '2017-03-14 10:32:12', 1, NULL, NULL),
(2399, 10, 2, 2, 6, 1, NULL, 1, 0, '2017-03-14 10:32:12', 1, NULL, NULL),
(2400, 374, 2, 2, 6, 1, NULL, 1, 0, '2017-03-14 10:32:12', 1, NULL, NULL),
(2401, 589, 2, 2, 6, 1, NULL, 1, 0, '2017-03-14 10:32:12', 1, NULL, NULL),
(2402, 590, 2, 2, 6, 1, NULL, 1, 0, '2017-03-14 10:32:12', 1, NULL, NULL),
(2403, 593, 2, 2, 6, 1, NULL, 1, 0, '2017-03-14 10:32:12', 1, NULL, NULL),
(2404, 407, 2, 2, 6, 1, NULL, 1, 0, '2017-03-14 10:32:12', 1, NULL, NULL),
(2405, 225, 1, 1, 6, 1, NULL, 1, 0, '2017-03-14 10:32:12', 1, NULL, NULL),
(2406, 613, 2, 2, 6, 1, NULL, 1, 0, '2017-03-14 10:32:12', 1, NULL, NULL),
(2407, 1, 2, 2, 6, 1, NULL, 1, 0, '2017-03-14 10:32:12', 1, NULL, NULL),
(2408, 381, 1, 1, 6, 1, NULL, 1, 0, '2017-03-14 10:32:12', 1, NULL, NULL),
(2409, 21, 1, 1, 6, 1, NULL, 1, 0, '2017-03-14 10:32:12', 1, NULL, NULL),
(2410, 33, 1, 1, 6, 1, NULL, 1, 0, '2017-03-14 10:32:12', 1, NULL, NULL),
(2411, 454, 2, 2, 6, 1, NULL, 1, 0, '2017-03-14 10:32:12', 1, NULL, NULL),
(2412, 243, 2, 2, 6, 1, NULL, 1, 0, '2017-03-14 10:32:12', 1, NULL, NULL),
(2413, 299, 2, 2, 6, 1, NULL, 1, 0, '2017-03-14 10:32:12', 1, NULL, NULL),
(2414, 560, 2, 2, 6, 1, NULL, 1, 0, '2017-03-14 10:32:12', 1, NULL, NULL),
(2415, 217, 2, 2, 6, 1, NULL, 1, 0, '2017-03-14 10:32:12', 1, NULL, NULL),
(2416, 195, 2, 2, 6, 1, NULL, 1, 0, '2017-03-14 10:32:12', 1, NULL, NULL),
(2417, 563, 2, 2, 6, 1, NULL, 1, 0, '2017-03-14 10:32:12', 1, NULL, NULL),
(2418, 564, 2, 2, 6, 1, NULL, 1, 0, '2017-03-14 10:32:12', 1, NULL, NULL),
(2419, 300, 2, 2, 6, 1, NULL, 1, 0, '2017-03-14 10:32:12', 1, NULL, NULL),
(2420, 565, 2, 2, 6, 1, NULL, 1, 0, '2017-03-14 10:32:12', 1, NULL, NULL),
(2421, 153, 2, 2, 6, 1, NULL, 1, 0, '2017-03-14 10:32:12', 1, NULL, NULL),
(2422, 423, 1, 1, 6, 1, NULL, 1, 0, '2017-03-14 10:32:12', 1, NULL, NULL),
(2423, 265, 1, 1, 6, 1, NULL, 1, 0, '2017-03-14 10:32:12', 1, NULL, NULL),
(2424, 219, 1, 1, 6, 1, NULL, 1, 0, '2017-03-14 10:32:12', 1, NULL, NULL),
(2425, 348, 2, 2, 6, 1, NULL, 1, 0, '2017-03-14 10:32:12', 1, NULL, NULL),
(2426, 547, 2, 2, 6, 1, NULL, 1, 0, '2017-03-14 10:32:12', 1, NULL, NULL),
(2427, 40, 1, 1, 6, 1, NULL, 1, 0, '2017-03-14 10:32:12', 1, NULL, NULL),
(2428, 548, 2, 2, 6, 1, NULL, 1, 0, '2017-03-14 10:32:12', 1, NULL, NULL),
(2429, 4, 2, 2, 6, 1, NULL, 1, 0, '2017-03-14 10:32:12', 1, NULL, NULL),
(2430, 145, 2, 2, 6, 1, NULL, 1, 0, '2017-03-14 10:32:12', 1, NULL, NULL),
(2431, 285, 2, 2, 6, 1, NULL, 1, 0, '2017-03-14 10:32:12', 1, NULL, NULL),
(2432, 50, 2, 2, 6, 1, NULL, 1, 0, '2017-03-14 10:32:12', 1, NULL, NULL),
(2433, 394, 2, 2, 6, 1, NULL, 1, 0, '2017-03-14 10:32:12', 1, NULL, NULL),
(2434, 552, 2, 2, 6, 1, NULL, 1, 0, '2017-03-14 10:32:12', 1, NULL, NULL),
(2435, 201, 2, 2, 6, 1, NULL, 1, 0, '2017-03-14 10:32:12', 1, NULL, NULL),
(2436, 550, 1, 1, 6, 1, NULL, 1, 0, '2017-03-14 10:32:12', 1, NULL, NULL),
(2437, 123, 1, 1, 6, 1, NULL, 1, 0, '2017-03-14 10:32:12', 1, NULL, NULL),
(2438, 14, 1, 1, 6, 1, NULL, 1, 0, '2017-03-14 10:32:12', 1, NULL, NULL),
(2439, 416, 2, 2, 6, 1, NULL, 1, 0, '2017-03-14 10:32:12', 1, NULL, NULL),
(2440, 72, 2, 2, 6, 1, NULL, 1, 0, '2017-03-14 10:32:12', 1, NULL, NULL),
(2441, 379, 2, 2, 6, 1, NULL, 1, 0, '2017-03-14 10:32:12', 1, NULL, NULL),
(2442, 142, 2, 2, 6, 1, NULL, 1, 0, '2017-03-14 10:32:12', 1, NULL, NULL),
(2443, 642, 2, 2, 6, 1, NULL, 1, 0, '2017-03-14 10:32:12', 1, NULL, NULL),
(2444, 5, 2, 2, 6, 1, NULL, 1, 0, '2017-03-14 10:32:12', 1, NULL, NULL),
(2445, 43, 2, 2, 6, 1, NULL, 1, 0, '2017-03-14 10:32:12', 1, NULL, NULL),
(2446, 582, 2, 2, 6, 1, NULL, 1, 0, '2017-03-14 10:32:12', 1, NULL, NULL),
(2447, 607, 2, 2, 6, 1, NULL, 1, 0, '2017-03-14 10:32:12', 1, NULL, NULL),
(2448, 584, 2, 2, 6, 1, NULL, 1, 0, '2017-03-14 10:32:12', 1, NULL, NULL),
(2449, 586, 2, 2, 6, 1, NULL, 1, 0, '2017-03-14 10:32:12', 1, NULL, NULL),
(2450, 447, 1, 1, 6, 1, NULL, 1, 0, '2017-03-14 10:32:12', 1, NULL, NULL),
(2451, 608, 1, 1, 6, 1, NULL, 1, 0, '2017-03-14 10:32:12', 1, NULL, NULL),
(2452, 580, 1, 1, 6, 1, NULL, 1, 0, '2017-03-14 10:32:12', 1, NULL, NULL),
(2453, 324, 2, 2, 6, 1, NULL, 1, 0, '2017-03-14 10:32:12', 1, NULL, NULL),
(2454, 596, 2, 2, 6, 1, NULL, 1, 0, '2017-03-14 10:32:12', 1, NULL, NULL),
(2455, 298, 2, 2, 6, 1, NULL, 1, 0, '2017-03-14 10:32:12', 1, NULL, NULL),
(2456, 330, 2, 2, 6, 1, NULL, 1, 0, '2017-03-14 10:32:12', 1, NULL, NULL),
(2457, 597, 2, 2, 6, 1, NULL, 1, 0, '2017-03-14 10:32:12', 1, NULL, NULL),
(2458, 129, 1, 1, 6, 1, NULL, 1, 0, '2017-03-14 10:32:12', 1, NULL, NULL),
(2459, 598, 2, 2, 6, 1, NULL, 1, 0, '2017-03-14 10:32:12', 1, NULL, NULL),
(2460, 599, 2, 2, 6, 1, NULL, 1, 0, '2017-03-14 10:32:12', 1, NULL, NULL),
(2461, 192, 2, 2, 6, 1, NULL, 1, 0, '2017-03-14 10:32:12', 1, NULL, NULL),
(2462, 121, 2, 2, 6, 1, NULL, 1, 0, '2017-03-14 10:32:12', 1, NULL, NULL),
(2463, 628, 1, 1, 6, 1, NULL, 1, 0, '2017-03-14 10:32:12', 1, NULL, NULL),
(2464, 319, 1, 1, 6, 1, NULL, 1, 0, '2017-03-14 10:32:12', 1, NULL, NULL),
(2465, 66, 1, 1, 6, 1, NULL, 1, 0, '2017-03-14 10:32:12', 1, NULL, NULL),
(2466, 65, 1, 1, 6, 1, NULL, 1, 0, '2017-03-14 10:32:12', 1, NULL, NULL),
(2467, 528, 2, 2, 6, 1, NULL, 1, 0, '2017-03-14 10:32:12', 1, NULL, NULL),
(2468, 166, 2, 2, 6, 1, NULL, 1, 0, '2017-03-14 10:32:12', 1, NULL, NULL),
(2469, 289, 2, 2, 6, 1, NULL, 1, 0, '2017-03-14 10:32:12', 1, NULL, NULL),
(2470, 622, 2, 2, 6, 1, NULL, 1, 0, '2017-03-14 10:32:12', 1, NULL, NULL),
(2471, 532, 2, 2, 6, 1, NULL, 1, 0, '2017-03-14 10:32:12', 1, NULL, NULL),
(2472, 196, 2, 2, 6, 1, NULL, 1, 0, '2017-03-14 10:32:12', 1, NULL, NULL),
(2473, 200, 2, 2, 6, 1, NULL, 1, 0, '2017-03-14 10:32:12', 1, NULL, NULL),
(2474, 95, 2, 2, 6, 1, NULL, 1, 0, '2017-03-14 10:32:12', 1, NULL, NULL),
(2475, 621, 2, 2, 6, 1, NULL, 1, 0, '2017-03-14 10:32:12', 1, NULL, NULL),
(2476, 540, 2, 2, 6, 1, NULL, 1, 0, '2017-03-14 10:32:12', 1, NULL, NULL),
(2477, 118, 2, 2, 6, 1, NULL, 1, 0, '2017-03-14 10:32:12', 1, NULL, NULL),
(2478, 254, 1, 1, 6, 1, NULL, 1, 0, '2017-03-14 10:32:12', 1, NULL, NULL),
(2479, 538, 1, 1, 6, 1, NULL, 1, 0, '2017-03-14 10:32:12', 1, NULL, NULL),
(2480, 533, 1, 1, 6, 1, NULL, 1, 0, '2017-03-14 10:32:12', 1, NULL, NULL),
(2481, 77, 2, 2, 6, 1, NULL, 1, 0, '2017-03-14 10:32:12', 1, NULL, NULL),
(2482, 176, 2, 2, 6, 1, NULL, 1, 0, '2017-03-14 10:32:12', 1, NULL, NULL),
(2483, 179, 2, 2, 6, 1, NULL, 1, 0, '2017-03-14 10:32:12', 1, NULL, NULL),
(2484, 617, 2, 2, 6, 1, NULL, 1, 0, '2017-03-14 10:32:12', 1, NULL, NULL),
(2485, 523, 2, 2, 6, 1, NULL, 1, 0, '2017-03-14 10:32:12', 1, NULL, NULL),
(2486, 24, 1, 1, 6, 1, NULL, 1, 0, '2017-03-14 10:32:12', 1, NULL, NULL),
(2487, 41, 2, 2, 6, 1, NULL, 1, 0, '2017-03-14 10:32:12', 1, NULL, NULL),
(2488, 618, 2, 2, 6, 1, NULL, 1, 0, '2017-03-14 10:32:12', 1, NULL, NULL),
(2489, 103, 2, 2, 6, 1, NULL, 1, 0, '2017-03-14 10:32:12', 1, NULL, NULL),
(2490, 174, 2, 2, 6, 1, NULL, 1, 0, '2017-03-14 10:32:12', 1, NULL, NULL),
(2491, 346, 1, 1, 6, 1, NULL, 1, 0, '2017-03-14 10:32:12', 1, NULL, NULL),
(2492, 183, 1, 1, 6, 1, NULL, 1, 0, '2017-03-14 10:32:12', 1, NULL, NULL),
(2493, 462, 1, 1, 6, 1, NULL, 1, 0, '2017-03-14 10:32:12', 1, NULL, NULL),
(2494, 526, 1, 1, 6, 1, NULL, 1, 0, '2017-03-14 10:32:12', 1, NULL, NULL),
(2495, 79, 3, 3, 6, 1, NULL, 1, 0, '2017-03-14 10:32:12', 1, NULL, NULL),
(2496, 103, 3, 3, 6, 1, NULL, 1, 0, '2017-03-14 10:32:12', 1, NULL, NULL),
(2497, 124, 3, 3, 6, 1, NULL, 1, 0, '2017-03-14 10:32:12', 1, NULL, NULL),
(2498, 140, 3, 3, 6, 1, NULL, 1, 0, '2017-03-14 10:32:12', 1, NULL, NULL),
(2499, 145, 3, 6, 6, 2, NULL, 1, 0, '2017-03-14 10:32:12', 1, NULL, NULL),
(2500, 152, 3, 3, 6, 1, NULL, 1, 0, '2017-03-14 10:32:12', 1, NULL, NULL),
(2501, 154, 3, 3, 6, 1, NULL, 1, 0, '2017-03-14 10:32:12', 1, NULL, NULL),
(2502, 157, 3, 3, 6, 1, NULL, 1, 0, '2017-03-14 10:32:12', 1, NULL, NULL),
(2503, 201, 3, 3, 6, 1, NULL, 1, 0, '2017-03-14 10:32:12', 1, NULL, NULL),
(2504, 205, 3, 3, 6, 1, NULL, 1, 0, '2017-03-14 10:32:12', 1, NULL, NULL),
(2505, 217, 3, 3, 6, 1, NULL, 1, 0, '2017-03-14 10:32:12', 1, NULL, NULL),
(2506, 229, 3, 3, 6, 1, NULL, 1, 0, '2017-03-14 10:32:12', 1, NULL, NULL),
(2507, 259, 3, 3, 6, 1, NULL, 1, 0, '2017-03-14 10:32:12', 1, NULL, NULL),
(2508, 300, 3, 3, 6, 1, NULL, 1, 0, '2017-03-14 10:32:12', 1, NULL, NULL),
(2509, 306, 3, 3, 6, 1, NULL, 1, 0, '2017-03-14 10:32:12', 1, NULL, NULL),
(2510, 330, 3, 6, 6, 2, NULL, 1, 0, '2017-03-14 10:32:12', 1, NULL, NULL),
(2511, 379, 3, 3, 6, 1, NULL, 1, 0, '2017-03-14 10:32:12', 1, NULL, NULL),
(2512, 436, 3, 3, 6, 1, NULL, 1, 0, '2017-03-14 10:32:12', 1, NULL, NULL),
(2513, 575, 3, 3, 6, 1, NULL, 1, 0, '2017-03-14 10:32:12', 1, NULL, NULL),
(2514, 598, 3, 3, 6, 1, NULL, 1, 0, '2017-03-14 10:32:12', 1, NULL, NULL),
(2515, 614, 3, 6, 6, 2, NULL, 1, 0, '2017-03-14 10:32:12', 1, NULL, NULL),
(2516, 653, 3, 3, 6, 1, NULL, 1, 0, '2017-03-14 10:32:12', 1, NULL, NULL),
(2517, 68, 5, 3, 6, 1, NULL, 1, 0, '2017-03-14 10:32:12', 1, NULL, NULL),
(2518, 104, 5, 3, 6, 1, NULL, 1, 0, '2017-03-14 10:32:12', 1, NULL, NULL),
(2519, 523, 5, 3, 6, 1, NULL, 1, 0, '2017-03-14 10:32:12', 1, NULL, NULL),
(2520, 596, 5, 3, 6, 1, NULL, 1, 0, '2017-03-14 10:32:12', 1, NULL, NULL),
(2521, 233, 5, 3, 6, 1, NULL, 1, 0, '2017-03-14 10:32:12', 1, NULL, NULL),
(2522, 155, 5, 3, 6, 1, NULL, 1, 0, '2017-03-14 10:32:12', 1, NULL, NULL),
(2523, 145, 5, 3, 6, 1, NULL, 1, 0, '2017-03-14 10:32:12', 1, NULL, NULL),
(2524, 103, 5, 3, 6, 1, NULL, 1, 0, '2017-03-14 10:32:12', 1, NULL, NULL),
(2525, 614, 5, 3, 6, 1, NULL, 1, 0, '2017-03-14 10:32:12', 1, NULL, NULL),
(2526, 12, 5, 3, 6, 1, NULL, 1, 0, '2017-03-14 10:32:12', 1, NULL, NULL),
(2527, 572, 5, 3, 6, 1, NULL, 1, 0, '2017-03-14 10:32:12', 1, NULL, NULL),
(2528, 372, 6, -1, 6, 1, NULL, 1, 0, '2017-03-14 10:32:12', 1, NULL, NULL),
(2529, 304, 6, -1, 6, 1, NULL, 1, 0, '2017-03-14 10:32:12', 1, NULL, NULL),
(2530, 270, 6, -1, 6, 1, NULL, 1, 0, '2017-03-14 10:32:12', 1, NULL, NULL),
(2531, 559, 6, -1, 6, 1, NULL, 1, 0, '2017-03-14 10:32:12', 1, NULL, NULL),
(2532, 34, 6, -1, 6, 1, NULL, 1, 0, '2017-03-14 10:32:12', 1, NULL, NULL),
(2533, 624, 6, -1, 6, 1, NULL, 1, 0, '2017-03-14 10:32:12', 1, NULL, NULL),
(2534, 430, 6, -1, 6, 1, NULL, 1, 0, '2017-03-14 10:32:12', 1, NULL, NULL),
(2535, 436, 6, -1, 6, 1, NULL, 1, 0, '2017-03-14 10:32:12', 1, NULL, NULL),
(2536, 572, 6, -1, 6, 1, NULL, 1, 0, '2017-03-14 10:32:12', 1, NULL, NULL),
(2537, 263, 6, -1, 6, 1, NULL, 1, 0, '2017-03-14 10:32:12', 1, NULL, NULL),
(2538, 356, 6, -1, 6, 1, NULL, 1, 0, '2017-03-14 10:32:12', 1, NULL, NULL),
(2539, 155, 6, -1, 6, 1, NULL, 1, 0, '2017-03-14 10:32:12', 1, NULL, NULL),
(2540, 62, 6, -1, 6, 1, NULL, 1, 0, '2017-03-14 10:32:12', 1, NULL, NULL),
(2541, 117, 6, -1, 6, 1, NULL, 1, 0, '2017-03-14 10:32:12', 1, NULL, NULL),
(2542, 514, 6, -1, 6, 1, NULL, 1, 0, '2017-03-14 10:32:12', 1, NULL, NULL),
(2543, 392, 6, -1, 6, 1, NULL, 1, 0, '2017-03-14 10:32:12', 1, NULL, NULL),
(2544, 515, 6, -1, 6, 1, NULL, 1, 0, '2017-03-14 10:32:12', 1, NULL, NULL),
(2545, 392, 6, -1, 6, 1, NULL, 1, 0, '2017-03-14 10:32:12', 1, NULL, NULL),
(2546, 11, 6, -1, 6, 1, NULL, 1, 0, '2017-03-14 10:32:12', 1, NULL, NULL),
(2547, 505, 6, -1, 6, 1, NULL, 1, 0, '2017-03-14 10:32:12', 1, NULL, NULL),
(2548, 506, 6, -1, 6, 1, NULL, 1, 0, '2017-03-14 10:32:12', 1, NULL, NULL),
(2549, 8, 6, -1, 6, 1, NULL, 1, 0, '2017-03-14 10:32:12', 1, NULL, NULL),
(2550, 393, 6, -1, 6, 1, NULL, 1, 0, '2017-03-14 10:32:12', 1, NULL, NULL),
(2551, 358, 6, -1, 6, 1, NULL, 1, 0, '2017-03-14 10:32:12', 1, NULL, NULL),
(2552, 410, 6, -1, 6, 1, NULL, 1, 0, '2017-03-14 10:32:12', 1, NULL, NULL),
(2553, 245, 6, -1, 6, 1, NULL, 1, 0, '2017-03-14 10:32:12', 1, NULL, NULL),
(2554, 20, 6, -1, 6, 1, NULL, 1, 0, '2017-03-14 10:32:12', 1, NULL, NULL),
(2555, 57, 6, -1, 6, 1, NULL, 1, 0, '2017-03-14 10:32:12', 1, NULL, NULL),
(2556, 335, 6, -1, 6, 1, NULL, 1, 0, '2017-03-14 10:32:12', 1, NULL, NULL),
(2557, 57, 6, -1, 6, 1, NULL, 1, 0, '2017-03-14 10:32:12', 1, NULL, NULL),
(2558, 325, 6, -1, 6, 1, NULL, 1, 0, '2017-03-14 10:32:12', 1, NULL, NULL),
(2559, 613, 6, -1, 6, 1, NULL, 1, 0, '2017-03-14 10:32:12', 1, NULL, NULL),
(2560, 381, 6, -1, 6, 1, NULL, 1, 0, '2017-03-14 10:32:12', 1, NULL, NULL),
(2561, 565, 6, -1, 6, 1, NULL, 1, 0, '2017-03-14 10:32:12', 1, NULL, NULL),
(2562, 563, 6, -1, 6, 1, NULL, 1, 0, '2017-03-14 10:32:12', 1, NULL, NULL),
(2563, 454, 6, -1, 6, 1, NULL, 1, 0, '2017-03-14 10:32:12', 1, NULL, NULL),
(2564, 40, 6, -1, 6, 1, NULL, 1, 0, '2017-03-14 10:32:12', 1, NULL, NULL),
(2565, 552, 6, -1, 6, 1, NULL, 1, 0, '2017-03-14 10:32:12', 1, NULL, NULL),
(2566, 4, 6, -1, 6, 1, NULL, 1, 0, '2017-03-14 10:32:12', 1, NULL, NULL),
(2567, 416, 6, -1, 6, 1, NULL, 1, 0, '2017-03-14 10:32:12', 1, NULL, NULL),
(2568, 582, 6, -1, 6, 1, NULL, 1, 0, '2017-03-14 10:32:12', 1, NULL, NULL),
(2569, 598, 6, -1, 6, 1, NULL, 1, 0, '2017-03-14 10:32:12', 1, NULL, NULL),
(2570, 621, 6, -1, 6, 1, NULL, 1, 0, '2017-03-14 10:32:12', 1, NULL, NULL),
(2571, 540, 6, -1, 6, 1, NULL, 1, 0, '2017-03-14 10:32:12', 1, NULL, NULL),
(2572, 166, 6, -1, 6, 1, NULL, 1, 0, '2017-03-14 10:32:12', 1, NULL, NULL),
(2573, 103, 6, -1, 6, 1, NULL, 1, 0, '2017-03-14 10:32:12', 1, NULL, NULL),
(2574, 77, 6, -1, 6, 1, NULL, 1, 0, '2017-03-14 10:32:12', 1, NULL, NULL),
(2575, 603, 7, -3, 6, 1, NULL, 1, 0, '2017-03-14 10:32:12', 1, NULL, NULL),
(2576, 532, 7, -3, 6, 1, NULL, 1, 0, '2017-03-14 10:32:12', 1, NULL, NULL),
(2577, 176, 7, -3, 6, 1, NULL, 1, 0, '2017-03-14 10:32:12', 1, NULL, NULL),
(2578, 12, 17, 4, 6, 1, NULL, 1, 0, '2017-03-14 10:32:12', 1, NULL, NULL),
(2579, 48, 17, 4, 6, 1, NULL, 1, 0, '2017-03-14 10:32:12', 1, NULL, NULL),
(2580, 124, 14, 6, 6, 1, NULL, 1, 0, '2017-03-14 10:32:12', 1, NULL, NULL),
(2581, 132, 17, 8, 6, 2, NULL, 1, 0, '2017-03-14 10:32:12', 1, NULL, NULL),
(2582, 142, 17, 4, 6, 1, NULL, 1, 0, '2017-03-14 10:32:12', 1, NULL, NULL),
(2583, 217, 15, 4, 6, 1, NULL, 1, 0, '2017-03-14 10:32:12', 1, NULL, NULL),
(2584, 222, 17, 4, 6, 1, NULL, 1, 0, '2017-03-14 10:32:12', 1, NULL, NULL),
(2585, 233, 15, 4, 6, 1, NULL, 1, 0, '2017-03-14 10:32:12', 1, NULL, NULL),
(2586, 270, 15, 4, 6, 1, NULL, 1, 0, '2017-03-14 10:32:12', 1, NULL, NULL),
(2587, 285, 17, 4, 6, 1, NULL, 1, 0, '2017-03-14 10:32:12', 1, NULL, NULL),
(2588, 298, 15, 4, 6, 1, NULL, 1, 0, '2017-03-14 10:32:12', 1, NULL, NULL),
(2589, 309, 14, 6, 6, 1, NULL, 1, 0, '2017-03-14 10:32:12', 1, NULL, NULL),
(2590, 433, 17, 4, 6, 1, NULL, 1, 0, '2017-03-14 10:32:12', 1, NULL, NULL),
(2591, 500, 15, 4, 6, 1, NULL, 1, 0, '2017-03-14 10:32:12', 1, NULL, NULL),
(2592, 502, 15, 4, 6, 1, NULL, 1, 0, '2017-03-14 10:32:12', 1, NULL, NULL),
(2593, 532, 17, 4, 6, 1, NULL, 1, 0, '2017-03-14 10:32:12', 1, NULL, NULL),
(2594, 541, 17, 4, 6, 1, NULL, 1, 0, '2017-03-14 10:32:12', 1, NULL, NULL),
(2595, 547, 14, 12, 6, 2, NULL, 1, 0, '2017-03-14 10:32:12', 1, NULL, NULL),
(2596, 560, 17, 4, 6, 1, NULL, 1, 0, '2017-03-14 10:32:12', 1, NULL, NULL),
(2597, 572, 17, 8, 6, 2, NULL, 1, 0, '2017-03-14 10:32:12', 1, NULL, NULL),
(2598, 575, 14, 6, 6, 1, NULL, 1, 0, '2017-03-14 10:32:12', 1, NULL, NULL),
(2599, 598, 17, 4, 6, 1, NULL, 1, 0, '2017-03-14 10:32:12', 1, NULL, NULL),
(2600, 614, 15, 4, 6, 1, NULL, 1, 0, '2017-03-14 10:32:12', 1, NULL, NULL),
(2601, 617, 17, 8, 6, 2, NULL, 1, 0, '2017-03-14 10:32:12', 1, NULL, NULL),
(2602, 628, 14, 6, 6, 1, NULL, 1, 0, '2017-03-14 10:32:12', 1, NULL, NULL),
(2603, 543, 18, 3, 6, 1, NULL, 1, 0, '2017-03-14 10:32:12', 1, NULL, NULL),
(2604, 132, 18, 3, 6, 1, NULL, 1, 0, '2017-03-14 10:32:12', 1, NULL, NULL),
(2605, 189, 18, 3, 6, 1, NULL, 1, 0, '2017-03-14 10:32:12', 1, NULL, NULL),
(2606, 79, 18, 3, 6, 1, NULL, 1, 0, '2017-03-14 10:32:12', 1, NULL, NULL),
(2607, 12, 18, 3, 6, 1, NULL, 1, 0, '2017-03-14 10:32:12', 1, NULL, NULL),
(2608, 335, 18, 3, 6, 1, NULL, 1, 0, '2017-03-14 10:32:12', 1, NULL, NULL),
(2609, 217, 18, 3, 6, 1, NULL, 1, 0, '2017-03-14 10:32:12', 1, NULL, NULL),
(2610, 598, 18, 3, 6, 1, NULL, 1, 0, '2017-03-14 10:32:12', 1, NULL, NULL),
(2611, 617, 18, 3, 6, 1, NULL, 1, 0, '2017-03-14 10:32:12', 1, NULL, NULL),
(2612, 560, 4, -2, 6, 1, NULL, 1, 0, '2017-03-14 10:32:12', 1, NULL, NULL),
(2613, 1, 11, 1, 6, 1, NULL, 1, 0, '2017-03-14 10:32:12', 1, NULL, NULL),
(2614, 5, 11, 1, 6, 1, NULL, 1, 0, '2017-03-14 10:32:12', 1, NULL, NULL),
(2615, 46, 11, 2, 6, 2, NULL, 1, 0, '2017-03-14 10:32:12', 1, NULL, NULL),
(2616, 86, 11, 1, 6, 1, NULL, 1, 0, '2017-03-14 10:32:12', 1, NULL, NULL),
(2617, 528, 11, 1, 6, 1, NULL, 1, 0, '2017-03-14 10:32:12', 1, NULL, NULL),
(2618, 174, 11, 1, 6, 1, NULL, 1, 0, '2017-03-14 10:32:12', 1, NULL, NULL),
(2619, 163, 11, 1, 6, 1, NULL, 1, 0, '2017-03-14 10:32:12', 1, NULL, NULL),
(2620, 50, 12, 5, 6, 1, NULL, 1, 0, '2017-03-14 10:32:12', 1, NULL, NULL),
(2621, 624, 13, -1, 6, 1, NULL, 1, 0, '2017-03-14 10:32:12', 1, NULL, NULL),
(2622, 175, 13, -1, 6, 1, NULL, 1, 0, '2017-03-14 10:32:12', 1, NULL, NULL),
(2623, 276, 13, -1, 6, 1, NULL, 1, 0, '2017-03-14 10:32:12', 1, NULL, NULL),
(2624, 277, 13, -1, 6, 1, NULL, 1, 0, '2017-03-14 10:32:12', 1, NULL, NULL),
(2625, 220, 13, -1, 6, 1, NULL, 1, 0, '2017-03-14 10:32:12', 1, NULL, NULL),
(2626, 430, 13, -1, 6, 1, NULL, 1, 0, '2017-03-14 10:32:12', 1, NULL, NULL),
(2627, 446, 13, -1, 6, 1, NULL, 1, 0, '2017-03-14 10:32:12', 1, NULL, NULL),
(2628, 575, 13, -1, 6, 1, NULL, 1, 0, '2017-03-14 10:32:12', 1, NULL, NULL),
(2629, 158, 13, -1, 6, 1, NULL, 1, 0, '2017-03-14 10:32:12', 1, NULL, NULL),
(2630, 216, 13, -1, 6, 1, NULL, 1, 0, '2017-03-14 10:32:12', 1, NULL, NULL),
(2631, 603, 13, -1, 6, 1, NULL, 1, 0, '2017-03-14 10:32:12', 1, NULL, NULL),
(2632, 56, 13, -1, 6, 1, NULL, 1, 0, '2017-03-14 10:32:12', 1, NULL, NULL),
(2633, 263, 13, -1, 6, 1, NULL, 1, 0, '2017-03-14 10:32:12', 1, NULL, NULL),
(2634, 101, 13, -1, 6, 1, NULL, 1, 0, '2017-03-14 10:32:12', 1, NULL, NULL),
(2635, 46, 13, -1, 6, 1, NULL, 1, 0, '2017-03-14 10:32:12', 1, NULL, NULL),
(2636, 249, 13, -1, 6, 1, NULL, 1, 0, '2017-03-14 10:32:12', 1, NULL, NULL),
(2637, 91, 13, -1, 6, 1, NULL, 1, 0, '2017-03-14 10:32:12', 1, NULL, NULL),
(2638, 505, 13, -1, 6, 1, NULL, 1, 0, '2017-03-14 10:32:12', 1, NULL, NULL),
(2639, 86, 13, -1, 6, 1, NULL, 1, 0, '2017-03-14 10:32:12', 1, NULL, NULL),
(2640, 124, 13, -1, 6, 1, NULL, 1, 0, '2017-03-14 10:32:12', 1, NULL, NULL),
(2641, 602, 13, -1, 6, 1, NULL, 1, 0, '2017-03-14 10:32:12', 1, NULL, NULL),
(2642, 636, 13, -1, 6, 1, NULL, 1, 0, '2017-03-14 10:32:12', 1, NULL, NULL),
(2643, 393, 13, -1, 6, 1, NULL, 1, 0, '2017-03-14 10:32:12', 1, NULL, NULL),
(2644, 567, 13, -1, 6, 1, NULL, 1, 0, '2017-03-14 10:32:12', 1, NULL, NULL),
(2645, 137, 13, -1, 6, 1, NULL, 1, 0, '2017-03-14 10:32:12', 1, NULL, NULL),
(2646, 163, 13, -1, 6, 1, NULL, 1, 0, '2017-03-14 10:32:12', 1, NULL, NULL),
(2647, 108, 13, -1, 6, 1, NULL, 1, 0, '2017-03-14 10:32:12', 1, NULL, NULL),
(2648, 188, 13, -1, 6, 1, NULL, 1, 0, '2017-03-14 10:32:12', 1, NULL, NULL),
(2649, 327, 13, -1, 6, 1, NULL, 1, 0, '2017-03-14 10:32:12', 1, NULL, NULL),
(2650, 454, 13, -1, 6, 1, NULL, 1, 0, '2017-03-14 10:32:12', 1, NULL, NULL),
(2651, 243, 13, -1, 6, 1, NULL, 1, 0, '2017-03-14 10:32:12', 1, NULL, NULL),
(2652, 299, 13, -1, 6, 1, NULL, 1, 0, '2017-03-14 10:32:12', 1, NULL, NULL),
(2653, 563, 13, -1, 6, 1, NULL, 1, 0, '2017-03-14 10:32:12', 1, NULL, NULL),
(2654, 153, 13, -1, 6, 1, NULL, 1, 0, '2017-03-14 10:32:12', 1, NULL, NULL),
(2655, 348, 13, -1, 6, 1, NULL, 1, 0, '2017-03-14 10:32:12', 1, NULL, NULL),
(2656, 547, 13, -1, 6, 1, NULL, 1, 0, '2017-03-14 10:32:12', 1, NULL, NULL),
(2657, 4, 13, -1, 6, 1, NULL, 1, 0, '2017-03-14 10:32:12', 1, NULL, NULL),
(2658, 50, 13, -1, 6, 1, NULL, 1, 0, '2017-03-14 10:32:12', 1, NULL, NULL),
(2659, 14, 13, -1, 6, 1, NULL, 1, 0, '2017-03-14 10:32:12', 1, NULL, NULL),
(2660, 416, 13, -1, 6, 1, NULL, 1, 0, '2017-03-14 10:32:12', 1, NULL, NULL),
(2661, 642, 13, -1, 6, 1, NULL, 1, 0, '2017-03-14 10:32:12', 1, NULL, NULL),
(2662, 5, 13, -1, 6, 1, NULL, 1, 0, '2017-03-14 10:32:12', 1, NULL, NULL),
(2663, 607, 13, -1, 6, 1, NULL, 1, 0, '2017-03-14 10:32:12', 1, NULL, NULL),
(2664, 528, 13, -1, 6, 1, NULL, 1, 0, '2017-03-14 10:32:12', 1, NULL, NULL),
(2665, 166, 13, -1, 6, 1, NULL, 1, 0, '2017-03-14 10:32:12', 1, NULL, NULL),
(2666, 200, 13, -1, 6, 1, NULL, 1, 0, '2017-03-14 10:32:12', 1, NULL, NULL),
(2667, 540, 13, -1, 6, 1, NULL, 1, 0, '2017-03-14 10:32:12', 1, NULL, NULL),
(2668, 77, 2, 2, 7, 1, NULL, 1, 0, '2017-04-05 11:57:48', 1, NULL, NULL),
(2669, 77, 10, 4, 7, 1, NULL, 1, 0, '2017-04-05 11:57:48', 1, NULL, NULL),
(2670, 179, 2, 2, 7, 1, NULL, 1, 0, '2017-04-05 11:57:48', 1, NULL, NULL),
(2671, 179, 10, 4, 7, 1, NULL, 1, 0, '2017-04-05 11:57:48', 1, NULL, NULL),
(2672, 522, 2, 2, 7, 1, NULL, 1, 0, '2017-04-05 11:57:48', 1, NULL, NULL),
(2673, 522, 16, 3, 7, 1, NULL, 1, 0, '2017-04-05 11:57:48', 1, NULL, NULL),
(2674, 54, 2, 2, 7, 1, NULL, 1, 0, '2017-04-05 11:57:48', 1, NULL, NULL),
(2675, 617, 2, 2, 7, 1, NULL, 1, 0, '2017-04-05 11:57:48', 1, NULL, NULL),
(2676, 523, 2, 2, 7, 1, NULL, 1, 0, '2017-04-05 11:57:48', 1, NULL, NULL),
(2677, 523, 10, 4, 7, 1, NULL, 1, 0, '2017-04-05 11:57:48', 1, NULL, NULL),
(2678, 183, 2, 2, 7, 1, NULL, 1, 0, '2017-04-05 11:57:48', 1, NULL, NULL),
(2679, 183, 16, 3, 7, 1, NULL, 1, 0, '2017-04-05 11:57:48', 1, NULL, NULL),
(2680, 41, 2, 2, 7, 1, NULL, 1, 0, '2017-04-05 11:57:48', 1, NULL, NULL),
(2681, 41, 10, 4, 7, 1, NULL, 1, 0, '2017-04-05 11:57:48', 1, NULL, NULL),
(2682, 618, 2, 2, 7, 1, NULL, 1, 0, '2017-04-05 11:57:48', 1, NULL, NULL),
(2683, 618, 10, 4, 7, 1, NULL, 1, 0, '2017-04-05 11:57:48', 1, NULL, NULL),
(2684, 103, 2, 2, 7, 1, NULL, 1, 0, '2017-04-05 11:57:48', 1, NULL, NULL),
(2685, 174, 2, 2, 7, 1, NULL, 1, 0, '2017-04-05 11:57:48', 1, NULL, NULL),
(2686, 174, 10, 4, 7, 1, NULL, 1, 0, '2017-04-05 11:57:48', 1, NULL, NULL),
(2687, 23, 1, 1, 7, 1, NULL, 1, 0, '2017-04-05 11:57:48', 1, NULL, NULL),
(2688, 462, 1, 1, 7, 1, NULL, 1, 0, '2017-04-05 11:57:48', 1, NULL, NULL),
(2689, 346, 1, 1, 7, 1, NULL, 1, 0, '2017-04-05 11:57:48', 1, NULL, NULL),
(2690, 127, 2, 2, 7, 1, NULL, 1, 0, '2017-04-05 11:57:48', 1, NULL, NULL),
(2691, 500, 2, 2, 7, 1, NULL, 1, 0, '2017-04-05 11:57:48', 1, NULL, NULL),
(2692, 496, 2, 2, 7, 1, NULL, 1, 0, '2017-04-05 11:57:48', 1, NULL, NULL),
(2693, 104, 2, 2, 7, 1, NULL, 1, 0, '2017-04-05 11:57:48', 1, NULL, NULL),
(2694, 498, 2, 2, 7, 1, NULL, 1, 0, '2017-04-05 11:57:48', 1, NULL, NULL),
(2695, 57, 2, 2, 7, 1, NULL, 1, 0, '2017-04-05 11:57:48', 1, NULL, NULL),
(2696, 653, 2, 2, 7, 1, NULL, 1, 0, '2017-04-05 11:57:48', 1, NULL, NULL),
(2697, 266, 2, 2, 7, 1, NULL, 1, 0, '2017-04-05 11:57:48', 1, NULL, NULL),
(2698, 105, 2, 2, 7, 1, NULL, 1, 0, '2017-04-05 11:57:48', 1, NULL, NULL),
(2699, 335, 2, 2, 7, 1, NULL, 1, 0, '2017-04-05 11:57:48', 1, NULL, NULL),
(2700, 499, 2, 2, 7, 1, NULL, 1, 0, '2017-04-05 11:57:48', 1, NULL, NULL),
(2701, 332, 1, 1, 7, 1, NULL, 1, 0, '2017-04-05 11:57:48', 1, NULL, NULL),
(2702, 497, 1, 1, 7, 1, NULL, 1, 0, '2017-04-05 11:57:48', 1, NULL, NULL),
(2703, 199, 1, 1, 7, 1, NULL, 1, 0, '2017-04-05 11:57:48', 1, NULL, NULL),
(2704, 492, 2, 2, 7, 1, NULL, 1, 0, '2017-04-05 11:57:48', 1, NULL, NULL),
(2705, 492, 10, 4, 7, 1, NULL, 1, 0, '2017-04-05 11:57:48', 1, NULL, NULL),
(2706, 493, 2, 2, 7, 1, NULL, 1, 0, '2017-04-05 11:57:48', 1, NULL, NULL),
(2707, 493, 16, 3, 7, 1, NULL, 1, 0, '2017-04-05 11:57:48', 1, NULL, NULL),
(2708, 218, 2, 2, 7, 1, NULL, 1, 0, '2017-04-05 11:57:48', 1, NULL, NULL),
(2709, 218, 16, 3, 7, 1, NULL, 1, 0, '2017-04-05 11:57:48', 1, NULL, NULL),
(2710, 155, 2, 2, 7, 1, NULL, 1, 0, '2017-04-05 11:57:48', 1, NULL, NULL),
(2711, 155, 16, 3, 7, 1, NULL, 1, 0, '2017-04-05 11:57:48', 1, NULL, NULL),
(2712, 117, 2, 2, 7, 1, NULL, 1, 0, '2017-04-05 11:57:48', 1, NULL, NULL),
(2713, 117, 16, 3, 7, 1, NULL, 1, 0, '2017-04-05 11:57:48', 1, NULL, NULL),
(2714, 355, 2, 2, 7, 1, NULL, 1, 0, '2017-04-05 11:57:48', 1, NULL, NULL),
(2715, 355, 16, 3, 7, 1, NULL, 1, 0, '2017-04-05 11:57:48', 1, NULL, NULL),
(2716, 280, 2, 2, 7, 1, NULL, 1, 0, '2017-04-05 11:57:48', 1, NULL, NULL),
(2717, 280, 10, 4, 7, 1, NULL, 1, 0, '2017-04-05 11:57:48', 1, NULL, NULL),
(2718, 356, 2, 2, 7, 1, NULL, 1, 0, '2017-04-05 11:57:48', 1, NULL, NULL),
(2719, 356, 10, 4, 7, 1, NULL, 1, 0, '2017-04-05 11:57:48', 1, NULL, NULL),
(2720, 637, 2, 2, 7, 1, NULL, 1, 0, '2017-04-05 11:57:48', 1, NULL, NULL),
(2721, 134, 2, 2, 7, 1, NULL, 1, 0, '2017-04-05 11:57:48', 1, NULL, NULL),
(2722, 134, 16, 3, 7, 1, NULL, 1, 0, '2017-04-05 11:57:48', 1, NULL, NULL),
(2723, 88, 2, 2, 7, 1, NULL, 1, 0, '2017-04-05 11:57:48', 1, NULL, NULL),
(2724, 88, 10, 4, 7, 1, NULL, 1, 0, '2017-04-05 11:57:48', 1, NULL, NULL),
(2725, 45, 1, 1, 7, 1, NULL, 1, 0, '2017-04-05 11:57:48', 1, NULL, NULL),
(2726, 304, 2, 2, 7, 1, NULL, 1, 0, '2017-04-05 11:57:48', 1, NULL, NULL),
(2727, 365, 2, 2, 7, 1, NULL, 1, 0, '2017-04-05 11:57:48', 1, NULL, NULL),
(2728, 305, 2, 2, 7, 1, NULL, 1, 0, '2017-04-05 11:57:48', 1, NULL, NULL),
(2729, 309, 2, 2, 7, 1, NULL, 1, 0, '2017-04-05 11:57:48', 1, NULL, NULL),
(2730, 541, 2, 2, 7, 1, NULL, 1, 0, '2017-04-05 11:57:48', 1, NULL, NULL),
(2731, 368, 2, 2, 7, 1, NULL, 1, 0, '2017-04-05 11:57:48', 1, NULL, NULL),
(2732, 307, 2, 2, 7, 1, NULL, 1, 0, '2017-04-05 11:57:48', 1, NULL, NULL);
INSERT INTO `player_point` (`id`, `player_id`, `point_type_id`, `total_point`, `week_id`, `count`, `description`, `status`, `deleted`, `created_date`, `created_by`, `modified_date`, `modified_by`) VALUES
(2733, 543, 2, 2, 7, 1, NULL, 1, 0, '2017-04-05 11:57:48', 1, NULL, NULL),
(2734, 614, 2, 2, 7, 1, NULL, 1, 0, '2017-04-05 11:57:48', 1, NULL, NULL),
(2735, 372, 2, 2, 7, 1, NULL, 1, 0, '2017-04-05 11:57:48', 1, NULL, NULL),
(2736, 306, 2, 2, 7, 1, NULL, 1, 0, '2017-04-05 11:57:48', 1, NULL, NULL),
(2737, 68, 2, 2, 7, 1, NULL, 1, 0, '2017-04-05 11:57:48', 1, NULL, NULL),
(2738, 68, 10, 4, 7, 1, NULL, 1, 0, '2017-04-05 11:57:48', 1, NULL, NULL),
(2739, 518, 2, 2, 7, 1, NULL, 1, 0, '2017-04-05 11:57:48', 1, NULL, NULL),
(2740, 518, 10, 4, 7, 1, NULL, 1, 0, '2017-04-05 11:57:48', 1, NULL, NULL),
(2741, 513, 2, 2, 7, 1, NULL, 1, 0, '2017-04-05 11:57:48', 1, NULL, NULL),
(2742, 513, 16, 3, 7, 1, NULL, 1, 0, '2017-04-05 11:57:48', 1, NULL, NULL),
(2743, 514, 2, 2, 7, 1, NULL, 1, 0, '2017-04-05 11:57:48', 1, NULL, NULL),
(2744, 514, 16, 3, 7, 1, NULL, 1, 0, '2017-04-05 11:57:48', 1, NULL, NULL),
(2745, 11, 2, 2, 7, 1, NULL, 1, 0, '2017-04-05 11:57:48', 1, NULL, NULL),
(2746, 11, 16, 3, 7, 1, NULL, 1, 0, '2017-04-05 11:57:48', 1, NULL, NULL),
(2747, 395, 2, 2, 7, 1, NULL, 1, 0, '2017-04-05 11:57:48', 1, NULL, NULL),
(2748, 395, 10, 4, 7, 1, NULL, 1, 0, '2017-04-05 11:57:48', 1, NULL, NULL),
(2749, 36, 2, 2, 7, 1, NULL, 1, 0, '2017-04-05 11:57:48', 1, NULL, NULL),
(2750, 36, 10, 4, 7, 1, NULL, 1, 0, '2017-04-05 11:57:48', 1, NULL, NULL),
(2751, 515, 2, 2, 7, 1, NULL, 1, 0, '2017-04-05 11:57:48', 1, NULL, NULL),
(2752, 515, 10, 4, 7, 1, NULL, 1, 0, '2017-04-05 11:57:48', 1, NULL, NULL),
(2753, 392, 2, 2, 7, 1, NULL, 1, 0, '2017-04-05 11:57:48', 1, NULL, NULL),
(2754, 516, 2, 2, 7, 1, NULL, 1, 0, '2017-04-05 11:57:48', 1, NULL, NULL),
(2755, 440, 2, 2, 7, 1, NULL, 1, 0, '2017-04-05 11:57:48', 1, NULL, NULL),
(2756, 440, 16, 3, 7, 1, NULL, 1, 0, '2017-04-05 11:57:48', 1, NULL, NULL),
(2757, 426, 1, 1, 7, 1, NULL, 1, 0, '2017-04-05 11:57:48', 1, NULL, NULL),
(2758, 215, 1, 1, 7, 1, NULL, 1, 0, '2017-04-05 11:57:48', 1, NULL, NULL),
(2759, 22, 2, 2, 7, 1, NULL, 1, 0, '2017-04-05 11:57:48', 1, NULL, NULL),
(2760, 313, 1, 1, 7, 1, NULL, 1, 0, '2017-04-05 11:57:48', 1, NULL, NULL),
(2761, 413, 2, 2, 7, 1, NULL, 1, 0, '2017-04-05 11:57:48', 1, NULL, NULL),
(2762, 244, 2, 2, 7, 1, NULL, 1, 0, '2017-04-05 11:57:48', 1, NULL, NULL),
(2763, 491, 2, 2, 7, 1, NULL, 1, 0, '2017-04-05 11:57:48', 1, NULL, NULL),
(2764, 12, 2, 2, 7, 1, NULL, 1, 0, '2017-04-05 11:57:48', 1, NULL, NULL),
(2765, 510, 2, 2, 7, 1, NULL, 1, 0, '2017-04-05 11:57:48', 1, NULL, NULL),
(2766, 235, 2, 2, 7, 1, NULL, 1, 0, '2017-04-05 11:57:48', 1, NULL, NULL),
(2767, 98, 2, 2, 7, 1, NULL, 1, 0, '2017-04-05 11:57:48', 1, NULL, NULL),
(2768, 512, 2, 2, 7, 1, NULL, 1, 0, '2017-04-05 11:57:48', 1, NULL, NULL),
(2769, 316, 2, 2, 7, 1, NULL, 1, 0, '2017-04-05 11:57:48', 1, NULL, NULL),
(2770, 259, 1, 1, 7, 1, NULL, 1, 0, '2017-04-05 11:57:48', 1, NULL, NULL),
(2771, 152, 1, 1, 7, 1, NULL, 1, 0, '2017-04-05 11:57:48', 1, NULL, NULL),
(2772, 567, 2, 2, 7, 1, NULL, 1, 0, '2017-04-05 11:57:48', 1, NULL, NULL),
(2773, 567, 10, 4, 7, 1, NULL, 1, 0, '2017-04-05 11:57:48', 1, NULL, NULL),
(2774, 208, 2, 2, 7, 1, NULL, 1, 0, '2017-04-05 11:57:48', 1, NULL, NULL),
(2775, 364, 2, 2, 7, 1, NULL, 1, 0, '2017-04-05 11:57:48', 1, NULL, NULL),
(2776, 137, 2, 2, 7, 1, NULL, 1, 0, '2017-04-05 11:57:48', 1, NULL, NULL),
(2777, 137, 10, 4, 7, 1, NULL, 1, 0, '2017-04-05 11:57:48', 1, NULL, NULL),
(2778, 163, 2, 2, 7, 1, NULL, 1, 0, '2017-04-05 11:57:48', 1, NULL, NULL),
(2779, 163, 10, 4, 7, 1, NULL, 1, 0, '2017-04-05 11:57:48', 1, NULL, NULL),
(2780, 295, 2, 2, 7, 1, NULL, 1, 0, '2017-04-05 11:57:48', 1, NULL, NULL),
(2781, 295, 16, 3, 7, 1, NULL, 1, 0, '2017-04-05 11:57:48', 1, NULL, NULL),
(2782, 108, 2, 2, 7, 1, NULL, 1, 0, '2017-04-05 11:57:48', 1, NULL, NULL),
(2783, 108, 10, 4, 7, 1, NULL, 1, 0, '2017-04-05 11:57:48', 1, NULL, NULL),
(2784, 114, 2, 2, 7, 1, NULL, 1, 0, '2017-04-05 11:57:48', 1, NULL, NULL),
(2785, 114, 16, 3, 7, 1, NULL, 1, 0, '2017-04-05 11:57:48', 1, NULL, NULL),
(2786, 568, 2, 2, 7, 1, NULL, 1, 0, '2017-04-05 11:57:48', 1, NULL, NULL),
(2787, 188, 2, 2, 7, 1, NULL, 1, 0, '2017-04-05 11:57:48', 1, NULL, NULL),
(2788, 188, 10, 4, 7, 1, NULL, 1, 0, '2017-04-05 11:57:48', 1, NULL, NULL),
(2789, 327, 2, 2, 7, 1, NULL, 1, 0, '2017-04-05 11:57:48', 1, NULL, NULL),
(2790, 327, 10, 4, 7, 1, NULL, 1, 0, '2017-04-05 11:57:48', 1, NULL, NULL),
(2791, 241, 1, 1, 7, 1, NULL, 1, 0, '2017-04-05 11:57:48', 1, NULL, NULL),
(2792, 20, 1, 1, 7, 1, NULL, 1, 0, '2017-04-05 11:57:48', 1, NULL, NULL),
(2793, 571, 1, 1, 7, 1, NULL, 1, 0, '2017-04-05 11:57:48', 1, NULL, NULL),
(2794, 579, 2, 2, 7, 1, NULL, 1, 0, '2017-04-05 11:57:48', 1, NULL, NULL),
(2795, 142, 2, 2, 7, 1, NULL, 1, 0, '2017-04-05 11:57:48', 1, NULL, NULL),
(2796, 580, 2, 2, 7, 1, NULL, 1, 0, '2017-04-05 11:57:48', 1, NULL, NULL),
(2797, 581, 2, 2, 7, 1, NULL, 1, 0, '2017-04-05 11:57:48', 1, NULL, NULL),
(2798, 642, 2, 2, 7, 1, NULL, 1, 0, '2017-04-05 11:57:48', 1, NULL, NULL),
(2799, 5, 2, 2, 7, 1, NULL, 1, 0, '2017-04-05 11:57:48', 1, NULL, NULL),
(2800, 43, 2, 2, 7, 1, NULL, 1, 0, '2017-04-05 11:57:48', 1, NULL, NULL),
(2801, 582, 2, 2, 7, 1, NULL, 1, 0, '2017-04-05 11:57:48', 1, NULL, NULL),
(2802, 607, 2, 2, 7, 1, NULL, 1, 0, '2017-04-05 11:57:48', 1, NULL, NULL),
(2803, 584, 2, 2, 7, 1, NULL, 1, 0, '2017-04-05 11:57:48', 1, NULL, NULL),
(2804, 586, 2, 2, 7, 1, NULL, 1, 0, '2017-04-05 11:57:48', 1, NULL, NULL),
(2805, 447, 1, 1, 7, 1, NULL, 1, 0, '2017-04-05 11:57:48', 1, NULL, NULL),
(2806, 608, 1, 1, 7, 1, NULL, 1, 0, '2017-04-05 11:57:48', 1, NULL, NULL),
(2807, 643, 1, 1, 7, 1, NULL, 1, 0, '2017-04-05 11:57:48', 1, NULL, NULL),
(2808, 595, 2, 2, 7, 1, NULL, 1, 0, '2017-04-05 11:57:48', 1, NULL, NULL),
(2809, 324, 2, 2, 7, 1, NULL, 1, 0, '2017-04-05 11:57:48', 1, NULL, NULL),
(2810, 596, 2, 2, 7, 1, NULL, 1, 0, '2017-04-05 11:57:48', 1, NULL, NULL),
(2811, 298, 2, 2, 7, 1, NULL, 1, 0, '2017-04-05 11:57:48', 1, NULL, NULL),
(2812, 330, 2, 2, 7, 1, NULL, 1, 0, '2017-04-05 11:57:48', 1, NULL, NULL),
(2813, 66, 2, 2, 7, 1, NULL, 1, 0, '2017-04-05 11:57:48', 1, NULL, NULL),
(2814, 597, 2, 2, 7, 1, NULL, 1, 0, '2017-04-05 11:57:48', 1, NULL, NULL),
(2815, 598, 2, 2, 7, 1, NULL, 1, 0, '2017-04-05 11:57:48', 1, NULL, NULL),
(2816, 599, 2, 2, 7, 1, NULL, 1, 0, '2017-04-05 11:57:48', 1, NULL, NULL),
(2817, 192, 2, 2, 7, 1, NULL, 1, 0, '2017-04-05 11:57:48', 1, NULL, NULL),
(2818, 65, 2, 2, 7, 1, NULL, 1, 0, '2017-04-05 11:57:48', 1, NULL, NULL),
(2819, 322, 1, 1, 7, 1, NULL, 1, 0, '2017-04-05 11:57:48', 1, NULL, NULL),
(2820, 121, 1, 1, 7, 1, NULL, 1, 0, '2017-04-05 11:57:48', 1, NULL, NULL),
(2821, 528, 2, 2, 7, 1, NULL, 1, 0, '2017-04-05 11:57:48', 1, NULL, NULL),
(2822, 529, 2, 2, 7, 1, NULL, 1, 0, '2017-04-05 11:57:48', 1, NULL, NULL),
(2823, 166, 2, 2, 7, 1, NULL, 1, 0, '2017-04-05 11:57:48', 1, NULL, NULL),
(2824, 289, 2, 2, 7, 1, NULL, 1, 0, '2017-04-05 11:57:48', 1, NULL, NULL),
(2825, 254, 2, 2, 7, 1, NULL, 1, 0, '2017-04-05 11:57:48', 1, NULL, NULL),
(2826, 196, 2, 2, 7, 1, NULL, 1, 0, '2017-04-05 11:57:48', 1, NULL, NULL),
(2827, 200, 2, 2, 7, 1, NULL, 1, 0, '2017-04-05 11:57:48', 1, NULL, NULL),
(2828, 165, 2, 2, 7, 1, NULL, 1, 0, '2017-04-05 11:57:48', 1, NULL, NULL),
(2829, 95, 2, 2, 7, 1, NULL, 1, 0, '2017-04-05 11:57:48', 1, NULL, NULL),
(2830, 621, 2, 2, 7, 1, NULL, 1, 0, '2017-04-05 11:57:48', 1, NULL, NULL),
(2831, 118, 2, 2, 7, 1, NULL, 1, 0, '2017-04-05 11:57:48', 1, NULL, NULL),
(2832, 151, 1, 1, 7, 1, NULL, 1, 0, '2017-04-05 11:57:48', 1, NULL, NULL),
(2833, 538, 1, 1, 7, 1, NULL, 1, 0, '2017-04-05 11:57:48', 1, NULL, NULL),
(2834, 534, 1, 1, 7, 1, NULL, 1, 0, '2017-04-05 11:57:48', 1, NULL, NULL),
(2835, 216, 2, 2, 7, 1, NULL, 1, 0, '2017-04-05 11:57:48', 1, NULL, NULL),
(2836, 262, 2, 2, 7, 1, NULL, 1, 0, '2017-04-05 11:57:48', 1, NULL, NULL),
(2837, 9, 2, 2, 7, 1, NULL, 1, 0, '2017-04-05 11:57:48', 1, NULL, NULL),
(2838, 604, 2, 2, 7, 1, NULL, 1, 0, '2017-04-05 11:57:48', 1, NULL, NULL),
(2839, 125, 1, 1, 7, 1, NULL, 1, 0, '2017-04-05 11:57:48', 1, NULL, NULL),
(2840, 56, 2, 2, 7, 1, NULL, 1, 0, '2017-04-05 11:57:48', 1, NULL, NULL),
(2841, 207, 2, 2, 7, 1, NULL, 1, 0, '2017-04-05 11:57:48', 1, NULL, NULL),
(2842, 132, 2, 2, 7, 1, NULL, 1, 0, '2017-04-05 11:57:48', 1, NULL, NULL),
(2843, 47, 2, 2, 7, 1, NULL, 1, 0, '2017-04-05 11:57:48', 1, NULL, NULL),
(2844, 154, 2, 2, 7, 1, NULL, 1, 0, '2017-04-05 11:57:48', 1, NULL, NULL),
(2845, 620, 2, 2, 7, 1, NULL, 1, 0, '2017-04-05 11:57:48', 1, NULL, NULL),
(2846, 181, 1, 1, 7, 1, NULL, 1, 0, '2017-04-05 11:57:48', 1, NULL, NULL),
(2847, 263, 1, 1, 7, 1, NULL, 1, 0, '2017-04-05 11:57:48', 1, NULL, NULL),
(2848, 58, 1, 1, 7, 1, NULL, 1, 0, '2017-04-05 11:57:48', 1, NULL, NULL),
(2849, 46, 2, 2, 7, 1, NULL, 1, 0, '2017-04-05 11:57:48', 1, NULL, NULL),
(2850, 249, 2, 2, 7, 1, NULL, 1, 0, '2017-04-05 11:57:48', 1, NULL, NULL),
(2851, 91, 2, 2, 7, 1, NULL, 1, 0, '2017-04-05 11:57:48', 1, NULL, NULL),
(2852, 279, 2, 2, 7, 1, NULL, 1, 0, '2017-04-05 11:57:48', 1, NULL, NULL),
(2853, 233, 2, 2, 7, 1, NULL, 1, 0, '2017-04-05 11:57:48', 1, NULL, NULL),
(2854, 505, 2, 2, 7, 1, NULL, 1, 0, '2017-04-05 11:57:48', 1, NULL, NULL),
(2855, 502, 2, 2, 7, 1, NULL, 1, 0, '2017-04-05 11:57:48', 1, NULL, NULL),
(2856, 506, 2, 2, 7, 1, NULL, 1, 0, '2017-04-05 11:57:48', 1, NULL, NULL),
(2857, 2, 2, 2, 7, 1, NULL, 1, 0, '2017-04-05 11:57:48', 1, NULL, NULL),
(2858, 252, 2, 2, 7, 1, NULL, 1, 0, '2017-04-05 11:57:48', 1, NULL, NULL),
(2859, 205, 2, 2, 7, 1, NULL, 1, 0, '2017-04-05 11:57:48', 1, NULL, NULL),
(2860, 3, 1, 1, 7, 1, NULL, 1, 0, '2017-04-05 11:57:48', 1, NULL, NULL),
(2861, 48, 1, 1, 7, 1, NULL, 1, 0, '2017-04-05 11:57:48', 1, NULL, NULL),
(2862, 340, 1, 1, 7, 1, NULL, 1, 0, '2017-04-05 11:57:48', 1, NULL, NULL),
(2863, 448, 2, 2, 7, 1, NULL, 1, 0, '2017-04-05 11:57:48', 1, NULL, NULL),
(2864, 325, 2, 2, 7, 1, NULL, 1, 0, '2017-04-05 11:57:48', 1, NULL, NULL),
(2865, 203, 2, 2, 7, 1, NULL, 1, 0, '2017-04-05 11:57:48', 1, NULL, NULL),
(2866, 10, 2, 2, 7, 1, NULL, 1, 0, '2017-04-05 11:57:48', 1, NULL, NULL),
(2867, 374, 2, 2, 7, 1, NULL, 1, 0, '2017-04-05 11:57:48', 1, NULL, NULL),
(2868, 589, 2, 2, 7, 1, NULL, 1, 0, '2017-04-05 11:57:48', 1, NULL, NULL),
(2869, 590, 2, 2, 7, 1, NULL, 1, 0, '2017-04-05 11:57:48', 1, NULL, NULL),
(2870, 21, 2, 2, 7, 1, NULL, 1, 0, '2017-04-05 11:57:48', 1, NULL, NULL),
(2871, 407, 2, 2, 7, 1, NULL, 1, 0, '2017-04-05 11:57:48', 1, NULL, NULL),
(2872, 26, 2, 2, 7, 1, NULL, 1, 0, '2017-04-05 11:57:48', 1, NULL, NULL),
(2873, 658, 2, 2, 7, 1, NULL, 1, 0, '2017-04-05 11:57:48', 1, NULL, NULL),
(2874, 612, 1, 1, 7, 1, NULL, 1, 0, '2017-04-05 11:57:48', 1, NULL, NULL),
(2875, 97, 1, 1, 7, 1, NULL, 1, 0, '2017-04-05 11:57:48', 1, NULL, NULL),
(2876, 594, 1, 1, 7, 1, NULL, 1, 0, '2017-04-05 11:57:48', 1, NULL, NULL),
(2877, 547, 1, 1, 7, 1, NULL, 1, 0, '2017-04-05 11:57:48', 1, NULL, NULL),
(2878, 40, 1, 1, 7, 1, NULL, 1, 0, '2017-04-05 11:57:48', 1, NULL, NULL),
(2879, 548, 2, 2, 7, 1, NULL, 1, 0, '2017-04-05 11:57:48', 1, NULL, NULL),
(2880, 4, 2, 2, 7, 1, NULL, 1, 0, '2017-04-05 11:57:48', 1, NULL, NULL),
(2881, 145, 2, 2, 7, 1, NULL, 1, 0, '2017-04-05 11:57:48', 1, NULL, NULL),
(2882, 285, 2, 2, 7, 1, NULL, 1, 0, '2017-04-05 11:57:48', 1, NULL, NULL),
(2883, 550, 2, 2, 7, 1, NULL, 1, 0, '2017-04-05 11:57:48', 1, NULL, NULL),
(2884, 50, 2, 2, 7, 1, NULL, 1, 0, '2017-04-05 11:57:48', 1, NULL, NULL),
(2885, 394, 2, 2, 7, 1, NULL, 1, 0, '2017-04-05 11:57:48', 1, NULL, NULL),
(2886, 552, 2, 2, 7, 1, NULL, 1, 0, '2017-04-05 11:57:48', 1, NULL, NULL),
(2887, 31, 2, 2, 7, 1, NULL, 1, 0, '2017-04-05 11:57:48', 1, NULL, NULL),
(2888, 351, 1, 1, 7, 1, NULL, 1, 0, '2017-04-05 11:57:48', 1, NULL, NULL),
(2889, 14, 1, 1, 7, 1, NULL, 1, 0, '2017-04-05 11:57:48', 1, NULL, NULL),
(2890, 201, 1, 1, 7, 1, NULL, 1, 0, '2017-04-05 11:57:48', 1, NULL, NULL),
(2891, 124, 2, 2, 7, 1, NULL, 1, 0, '2017-04-05 11:57:48', 1, NULL, NULL),
(2892, 139, 2, 2, 7, 1, NULL, 1, 0, '2017-04-05 11:57:48', 1, NULL, NULL),
(2893, 150, 2, 2, 7, 1, NULL, 1, 0, '2017-04-05 11:57:48', 1, NULL, NULL),
(2894, 410, 2, 2, 7, 1, NULL, 1, 0, '2017-04-05 11:57:48', 1, NULL, NULL),
(2895, 358, 2, 2, 7, 1, NULL, 1, 0, '2017-04-05 11:57:48', 1, NULL, NULL),
(2896, 359, 2, 2, 7, 1, NULL, 1, 0, '2017-04-05 11:57:48', 1, NULL, NULL),
(2897, 85, 2, 2, 7, 1, NULL, 1, 0, '2017-04-05 11:57:48', 1, NULL, NULL),
(2898, 222, 2, 2, 7, 1, NULL, 1, 0, '2017-04-05 11:57:48', 1, NULL, NULL),
(2899, 79, 2, 2, 7, 1, NULL, 1, 0, '2017-04-05 11:57:48', 1, NULL, NULL),
(2900, 636, 2, 2, 7, 1, NULL, 1, 0, '2017-04-05 11:57:48', 1, NULL, NULL),
(2901, 120, 2, 2, 7, 1, NULL, 1, 0, '2017-04-05 11:57:48', 1, NULL, NULL),
(2902, 37, 1, 1, 7, 1, NULL, 1, 0, '2017-04-05 11:57:48', 1, NULL, NULL),
(2903, 32, 1, 1, 7, 1, NULL, 1, 0, '2017-04-05 11:57:48', 1, NULL, NULL),
(2904, 243, 2, 2, 7, 1, NULL, 1, 0, '2017-04-05 11:57:48', 1, NULL, NULL),
(2905, 423, 2, 2, 7, 1, NULL, 1, 0, '2017-04-05 11:57:48', 1, NULL, NULL),
(2906, 560, 1, 1, 7, 1, NULL, 1, 0, '2017-04-05 11:57:48', 1, NULL, NULL),
(2907, 217, 2, 2, 7, 1, NULL, 1, 0, '2017-04-05 11:57:48', 1, NULL, NULL),
(2908, 195, 2, 2, 7, 1, NULL, 1, 0, '2017-04-05 11:57:48', 1, NULL, NULL),
(2909, 564, 2, 2, 7, 1, NULL, 1, 0, '2017-04-05 11:57:48', 1, NULL, NULL),
(2910, 300, 2, 2, 7, 1, NULL, 1, 0, '2017-04-05 11:57:48', 1, NULL, NULL),
(2911, 565, 1, 1, 7, 1, NULL, 1, 0, '2017-04-05 11:57:48', 1, NULL, NULL),
(2912, 153, 2, 2, 7, 1, NULL, 1, 0, '2017-04-05 11:57:48', 1, NULL, NULL),
(2913, 219, 2, 2, 7, 1, NULL, 1, 0, '2017-04-05 11:57:48', 1, NULL, NULL),
(2914, 144, 2, 2, 7, 1, NULL, 1, 0, '2017-04-05 11:57:48', 1, NULL, NULL),
(2915, 376, 1, 1, 7, 1, NULL, 1, 0, '2017-04-05 11:57:48', 1, NULL, NULL),
(2916, 561, 1, 1, 7, 1, NULL, 1, 0, '2017-04-05 11:57:48', 1, NULL, NULL),
(2917, 292, 1, 1, 7, 1, NULL, 1, 0, '2017-04-05 11:57:48', 1, NULL, NULL),
(2918, 223, 2, 2, 7, 1, NULL, 1, 0, '2017-04-05 11:57:48', 1, NULL, NULL),
(2919, 624, 2, 2, 7, 1, NULL, 1, 0, '2017-04-05 11:57:48', 1, NULL, NULL),
(2920, 417, 2, 2, 7, 1, NULL, 1, 0, '2017-04-05 11:57:48', 1, NULL, NULL),
(2921, 34, 2, 2, 7, 1, NULL, 1, 0, '2017-04-05 11:57:48', 1, NULL, NULL),
(2922, 270, 2, 2, 7, 1, NULL, 1, 0, '2017-04-05 11:57:48', 1, NULL, NULL),
(2923, 175, 2, 2, 7, 1, NULL, 1, 0, '2017-04-05 11:57:48', 1, NULL, NULL),
(2924, 228, 1, 1, 7, 1, NULL, 1, 0, '2017-04-05 11:57:48', 1, NULL, NULL),
(2925, 273, 1, 1, 7, 1, NULL, 1, 0, '2017-04-05 11:57:48', 1, NULL, NULL),
(2926, 557, 1, 1, 7, 1, NULL, 1, 0, '2017-04-05 11:57:48', 1, NULL, NULL),
(2927, 276, 2, 2, 7, 1, NULL, 1, 0, '2017-04-05 11:57:48', 1, NULL, NULL),
(2928, 277, 2, 2, 7, 1, NULL, 1, 0, '2017-04-05 11:57:48', 1, NULL, NULL),
(2929, 229, 1, 1, 7, 1, NULL, 1, 0, '2017-04-05 11:57:48', 1, NULL, NULL),
(2930, 51, 1, 1, 7, 1, NULL, 1, 0, '2017-04-05 11:57:48', 1, NULL, NULL),
(2931, 559, 1, 1, 7, 1, NULL, 1, 0, '2017-04-05 11:57:48', 1, NULL, NULL),
(2932, 78, 2, 2, 7, 1, NULL, 1, 0, '2017-04-05 11:57:48', 1, NULL, NULL),
(2933, 78, 10, 4, 7, 1, NULL, 1, 0, '2017-04-05 11:57:48', 1, NULL, NULL),
(2934, 220, 2, 2, 7, 1, NULL, 1, 0, '2017-04-05 11:57:48', 1, NULL, NULL),
(2935, 220, 10, 4, 7, 1, NULL, 1, 0, '2017-04-05 11:57:48', 1, NULL, NULL),
(2936, 430, 2, 2, 7, 1, NULL, 1, 0, '2017-04-05 11:57:48', 1, NULL, NULL),
(2937, 430, 10, 4, 7, 1, NULL, 1, 0, '2017-04-05 11:57:48', 1, NULL, NULL),
(2938, 436, 2, 2, 7, 1, NULL, 1, 0, '2017-04-05 11:57:48', 1, NULL, NULL),
(2939, 436, 16, 3, 7, 1, NULL, 1, 0, '2017-04-05 11:57:48', 1, NULL, NULL),
(2940, 572, 2, 2, 7, 1, NULL, 1, 0, '2017-04-05 11:57:48', 1, NULL, NULL),
(2941, 573, 2, 2, 7, 1, NULL, 1, 0, '2017-04-05 11:57:48', 1, NULL, NULL),
(2942, 573, 16, 3, 7, 1, NULL, 1, 0, '2017-04-05 11:57:48', 1, NULL, NULL),
(2943, 574, 2, 2, 7, 1, NULL, 1, 0, '2017-04-05 11:57:48', 1, NULL, NULL),
(2944, 312, 2, 2, 7, 1, NULL, 1, 0, '2017-04-05 11:57:48', 1, NULL, NULL),
(2945, 312, 16, 3, 7, 1, NULL, 1, 0, '2017-04-05 11:57:48', 1, NULL, NULL),
(2946, 446, 2, 2, 7, 1, NULL, 1, 0, '2017-04-05 11:57:48', 1, NULL, NULL),
(2947, 446, 10, 4, 7, 1, NULL, 1, 0, '2017-04-05 11:57:48', 1, NULL, NULL),
(2948, 157, 2, 2, 7, 1, NULL, 1, 0, '2017-04-05 11:57:48', 1, NULL, NULL),
(2949, 157, 16, 3, 7, 1, NULL, 1, 0, '2017-04-05 11:57:48', 1, NULL, NULL),
(2950, 575, 2, 2, 7, 1, NULL, 1, 0, '2017-04-05 11:57:48', 1, NULL, NULL),
(2951, 575, 10, 4, 7, 1, NULL, 1, 0, '2017-04-05 11:57:48', 1, NULL, NULL),
(2952, 130, 1, 1, 7, 1, NULL, 1, 0, '2017-04-05 11:57:48', 1, NULL, NULL),
(2953, 232, 1, 1, 7, 1, NULL, 1, 0, '2017-04-05 11:57:48', 1, NULL, NULL),
(2954, 578, 1, 1, 7, 1, NULL, 1, 0, '2017-04-05 11:57:48', 1, NULL, NULL),
(2955, 21, 3, 3, 7, 1, NULL, 1, 0, '2017-04-05 11:57:48', 1, NULL, NULL),
(2956, 114, 3, 3, 7, 1, NULL, 1, 0, '2017-04-05 11:57:48', 1, NULL, NULL),
(2957, 124, 3, 6, 7, 2, NULL, 1, 0, '2017-04-05 11:57:48', 1, NULL, NULL),
(2958, 134, 3, 3, 7, 1, NULL, 1, 0, '2017-04-05 11:57:48', 1, NULL, NULL),
(2959, 157, 3, 3, 7, 1, NULL, 1, 0, '2017-04-05 11:57:48', 1, NULL, NULL),
(2960, 200, 3, 3, 7, 1, NULL, 1, 0, '2017-04-05 11:57:48', 1, NULL, NULL),
(2961, 219, 3, 3, 7, 1, NULL, 1, 0, '2017-04-05 11:57:48', 1, NULL, NULL),
(2962, 243, 3, 3, 7, 1, NULL, 1, 0, '2017-04-05 11:57:48', 1, NULL, NULL),
(2963, 279, 3, 3, 7, 1, NULL, 1, 0, '2017-04-05 11:57:48', 1, NULL, NULL),
(2964, 285, 3, 3, 7, 1, NULL, 1, 0, '2017-04-05 11:57:48', 1, NULL, NULL),
(2965, 358, 3, 3, 7, 1, NULL, 1, 0, '2017-04-05 11:57:48', 1, NULL, NULL),
(2966, 364, 3, 3, 7, 1, NULL, 1, 0, '2017-04-05 11:57:48', 1, NULL, NULL),
(2967, 392, 3, 3, 7, 1, NULL, 1, 0, '2017-04-05 11:57:48', 1, NULL, NULL),
(2968, 395, 3, 3, 7, 1, NULL, 1, 0, '2017-04-05 11:57:48', 1, NULL, NULL),
(2969, 448, 3, 3, 7, 1, NULL, 1, 0, '2017-04-05 11:57:48', 1, NULL, NULL),
(2970, 573, 3, 3, 7, 1, NULL, 1, 0, '2017-04-05 11:57:48', 1, NULL, NULL),
(2971, 596, 3, 3, 7, 1, NULL, 1, 0, '2017-04-05 11:57:48', 1, NULL, NULL),
(2972, 598, 3, 3, 7, 1, NULL, 1, 0, '2017-04-05 11:57:48', 1, NULL, NULL),
(2973, 26, 5, 3, 7, 1, NULL, 1, 0, '2017-04-05 11:57:48', 1, NULL, NULL),
(2974, 280, 5, 3, 7, 1, NULL, 1, 0, '2017-04-05 11:57:48', 1, NULL, NULL),
(2975, 518, 5, 3, 7, 1, NULL, 1, 0, '2017-04-05 11:57:48', 1, NULL, NULL),
(2976, 124, 5, 3, 7, 1, NULL, 1, 0, '2017-04-05 11:57:48', 1, NULL, NULL),
(2977, 573, 5, 3, 7, 1, NULL, 1, 0, '2017-04-05 11:57:48', 1, NULL, NULL),
(2978, 114, 5, 3, 7, 1, NULL, 1, 0, '2017-04-05 11:57:48', 1, NULL, NULL),
(2979, 298, 5, 3, 7, 1, NULL, 1, 0, '2017-04-05 11:57:48', 1, NULL, NULL),
(2980, 11, 5, 3, 7, 1, NULL, 1, 0, '2017-04-05 11:57:48', 1, NULL, NULL),
(2981, 103, 5, 3, 7, 1, NULL, 1, 0, '2017-04-05 11:57:48', 1, NULL, NULL),
(2982, 222, 5, 3, 7, 1, NULL, 1, 0, '2017-04-05 11:57:48', 1, NULL, NULL),
(2983, 279, 5, 3, 7, 1, NULL, 1, 0, '2017-04-05 11:57:48', 1, NULL, NULL),
(2984, 500, 6, -1, 7, 1, NULL, 1, 0, '2017-04-05 11:57:48', 1, NULL, NULL),
(2985, 57, 6, -1, 7, 1, NULL, 1, 0, '2017-04-05 11:57:48', 1, NULL, NULL),
(2986, 218, 6, -1, 7, 1, NULL, 1, 0, '2017-04-05 11:57:48', 1, NULL, NULL),
(2987, 493, 6, -1, 7, 1, NULL, 1, 0, '2017-04-05 11:57:48', 1, NULL, NULL),
(2988, 45, 6, -1, 7, 1, NULL, 1, 0, '2017-04-05 11:57:48', 1, NULL, NULL),
(2989, 155, 6, -1, 7, 1, NULL, 1, 0, '2017-04-05 11:57:48', 1, NULL, NULL),
(2990, 88, 6, -1, 7, 1, NULL, 1, 0, '2017-04-05 11:57:48', 1, NULL, NULL),
(2991, 513, 6, -1, 7, 1, NULL, 1, 0, '2017-04-05 11:57:48', 1, NULL, NULL),
(2992, 395, 6, -1, 7, 1, NULL, 1, 0, '2017-04-05 11:57:48', 1, NULL, NULL),
(2993, 12, 6, -1, 7, 1, NULL, 1, 0, '2017-04-05 11:57:48', 1, NULL, NULL),
(2994, 512, 6, -1, 7, 1, NULL, 1, 0, '2017-04-05 11:57:48', 1, NULL, NULL),
(2995, 98, 6, -1, 7, 1, NULL, 1, 0, '2017-04-05 11:57:48', 1, NULL, NULL),
(2996, 244, 6, -1, 7, 1, NULL, 1, 0, '2017-04-05 11:57:48', 1, NULL, NULL),
(2997, 512, 6, -1, 7, 1, NULL, 1, 0, '2017-04-05 11:57:48', 1, NULL, NULL),
(2998, 241, 6, -1, 7, 1, NULL, 1, 0, '2017-04-05 11:57:48', 1, NULL, NULL),
(2999, 571, 6, -1, 7, 1, NULL, 1, 0, '2017-04-05 11:57:48', 1, NULL, NULL),
(3000, 579, 6, -1, 7, 1, NULL, 1, 0, '2017-04-05 11:57:48', 1, NULL, NULL),
(3001, 142, 6, -1, 7, 1, NULL, 1, 0, '2017-04-05 11:57:48', 1, NULL, NULL),
(3002, 607, 6, -1, 7, 1, NULL, 1, 0, '2017-04-05 11:57:48', 1, NULL, NULL),
(3003, 596, 6, -1, 7, 1, NULL, 1, 0, '2017-04-05 11:57:48', 1, NULL, NULL),
(3004, 598, 6, -1, 7, 1, NULL, 1, 0, '2017-04-05 11:57:48', 1, NULL, NULL),
(3005, 330, 6, -1, 7, 1, NULL, 1, 0, '2017-04-05 11:57:48', 1, NULL, NULL),
(3006, 166, 6, -1, 7, 1, NULL, 1, 0, '2017-04-05 11:57:48', 1, NULL, NULL),
(3007, 200, 6, -1, 7, 1, NULL, 1, 0, '2017-04-05 11:57:48', 1, NULL, NULL),
(3008, 262, 6, -1, 7, 1, NULL, 1, 0, '2017-04-05 11:57:48', 1, NULL, NULL),
(3009, 56, 6, -1, 7, 1, NULL, 1, 0, '2017-04-05 11:57:48', 1, NULL, NULL),
(3010, 46, 6, -1, 7, 1, NULL, 1, 0, '2017-04-05 11:57:48', 1, NULL, NULL),
(3011, 505, 6, -1, 7, 1, NULL, 1, 0, '2017-04-05 11:57:48', 1, NULL, NULL),
(3012, 91, 6, -1, 7, 1, NULL, 1, 0, '2017-04-05 11:57:48', 1, NULL, NULL),
(3013, 233, 6, -1, 7, 1, NULL, 1, 0, '2017-04-05 11:57:48', 1, NULL, NULL),
(3014, 505, 6, -1, 7, 1, NULL, 1, 0, '2017-04-05 11:57:48', 1, NULL, NULL),
(3015, 658, 6, -1, 7, 1, NULL, 1, 0, '2017-04-05 11:57:48', 1, NULL, NULL),
(3016, 658, 6, -1, 7, 1, NULL, 1, 0, '2017-04-05 11:57:48', 1, NULL, NULL),
(3017, 590, 6, -1, 7, 1, NULL, 1, 0, '2017-04-05 11:57:48', 1, NULL, NULL),
(3018, 203, 6, -1, 7, 1, NULL, 1, 0, '2017-04-05 11:57:48', 1, NULL, NULL),
(3019, 10, 6, -1, 7, 1, NULL, 1, 0, '2017-04-05 11:57:48', 1, NULL, NULL),
(3020, 97, 6, -1, 7, 1, NULL, 1, 0, '2017-04-05 11:57:48', 1, NULL, NULL),
(3021, 547, 6, -1, 7, 1, NULL, 1, 0, '2017-04-05 11:57:48', 1, NULL, NULL),
(3022, 285, 6, -1, 7, 1, NULL, 1, 0, '2017-04-05 11:57:48', 1, NULL, NULL),
(3023, 31, 6, -1, 7, 1, NULL, 1, 0, '2017-04-05 11:57:48', 1, NULL, NULL),
(3024, 14, 6, -1, 7, 1, NULL, 1, 0, '2017-04-05 11:57:48', 1, NULL, NULL),
(3025, 552, 6, -1, 7, 1, NULL, 1, 0, '2017-04-05 11:57:48', 1, NULL, NULL),
(3026, 636, 6, -1, 7, 1, NULL, 1, 0, '2017-04-05 11:57:48', 1, NULL, NULL),
(3027, 300, 6, -1, 7, 1, NULL, 1, 0, '2017-04-05 11:57:48', 1, NULL, NULL),
(3028, 376, 6, -1, 7, 1, NULL, 1, 0, '2017-04-05 11:57:48', 1, NULL, NULL),
(3029, 564, 6, -1, 7, 1, NULL, 1, 0, '2017-04-05 11:57:48', 1, NULL, NULL),
(3030, 423, 6, -1, 7, 1, NULL, 1, 0, '2017-04-05 11:57:48', 1, NULL, NULL),
(3031, 228, 6, -1, 7, 1, NULL, 1, 0, '2017-04-05 11:57:48', 1, NULL, NULL),
(3032, 223, 6, -1, 7, 1, NULL, 1, 0, '2017-04-05 11:57:48', 1, NULL, NULL),
(3033, 175, 6, -1, 7, 1, NULL, 1, 0, '2017-04-05 11:57:48', 1, NULL, NULL),
(3034, 220, 6, -1, 7, 1, NULL, 1, 0, '2017-04-05 11:57:48', 1, NULL, NULL),
(3035, 436, 6, -1, 7, 1, NULL, 1, 0, '2017-04-05 11:57:48', 1, NULL, NULL),
(3036, 620, 7, -3, 7, 1, NULL, 1, 0, '2017-04-05 11:57:48', 1, NULL, NULL),
(3037, 4, 14, 6, 7, 1, NULL, 1, 0, '2017-04-05 11:57:48', 1, NULL, NULL),
(3038, 10, 15, 4, 7, 1, NULL, 1, 0, '2017-04-05 11:57:48', 1, NULL, NULL),
(3039, 20, 17, 4, 7, 1, NULL, 1, 0, '2017-04-05 11:57:48', 1, NULL, NULL),
(3040, 114, 15, 8, 7, 2, NULL, 1, 0, '2017-04-05 11:57:48', 1, NULL, NULL),
(3041, 118, 17, 4, 7, 1, NULL, 1, 0, '2017-04-05 11:57:48', 1, NULL, NULL),
(3042, 150, 15, 4, 7, 1, NULL, 1, 0, '2017-04-05 11:57:48', 1, NULL, NULL),
(3043, 154, 17, 4, 7, 1, NULL, 1, 0, '2017-04-05 11:57:48', 1, NULL, NULL),
(3044, 207, 17, 4, 7, 1, NULL, 1, 0, '2017-04-05 11:57:48', 1, NULL, NULL),
(3045, 222, 17, 8, 7, 2, NULL, 1, 0, '2017-04-05 11:57:48', 1, NULL, NULL),
(3046, 233, 15, 4, 7, 1, NULL, 1, 0, '2017-04-05 11:57:48', 1, NULL, NULL),
(3047, 279, 17, 4, 7, 1, NULL, 1, 0, '2017-04-05 11:57:48', 1, NULL, NULL),
(3048, 298, 15, 4, 7, 1, NULL, 1, 0, '2017-04-05 11:57:48', 1, NULL, NULL),
(3049, 300, 17, 8, 7, 2, NULL, 1, 0, '2017-04-05 11:57:48', 1, NULL, NULL),
(3050, 374, 17, 4, 7, 1, NULL, 1, 0, '2017-04-05 11:57:48', 1, NULL, NULL),
(3051, 410, 17, 4, 7, 1, NULL, 1, 0, '2017-04-05 11:57:48', 1, NULL, NULL),
(3052, 506, 15, 4, 7, 1, NULL, 1, 0, '2017-04-05 11:57:48', 1, NULL, NULL),
(3053, 514, 15, 4, 7, 1, NULL, 1, 0, '2017-04-05 11:57:48', 1, NULL, NULL),
(3054, 516, 17, 4, 7, 1, NULL, 1, 0, '2017-04-05 11:57:48', 1, NULL, NULL),
(3055, 552, 17, 4, 7, 1, NULL, 1, 0, '2017-04-05 11:57:48', 1, NULL, NULL),
(3056, 567, 14, 6, 7, 1, NULL, 1, 0, '2017-04-05 11:57:48', 1, NULL, NULL),
(3057, 572, 17, 4, 7, 1, NULL, 1, 0, '2017-04-05 11:57:48', 1, NULL, NULL),
(3058, 573, 15, 4, 7, 1, NULL, 1, 0, '2017-04-05 11:57:48', 1, NULL, NULL),
(3059, 574, 17, 4, 7, 1, NULL, 1, 0, '2017-04-05 11:57:48', 1, NULL, NULL),
(3060, 598, 17, 4, 7, 1, NULL, 1, 0, '2017-04-05 11:57:48', 1, NULL, NULL),
(3061, 617, 17, 8, 7, 2, NULL, 1, 0, '2017-04-05 11:57:48', 1, NULL, NULL),
(3062, 637, 17, 4, 7, 1, NULL, 1, 0, '2017-04-05 11:57:48', 1, NULL, NULL),
(3063, 218, 18, 3, 7, 1, NULL, 1, 0, '2017-04-05 11:57:48', 1, NULL, NULL),
(3064, 154, 18, 3, 7, 1, NULL, 1, 0, '2017-04-05 11:57:48', 1, NULL, NULL),
(3065, 572, 18, 3, 7, 1, NULL, 1, 0, '2017-04-05 11:57:48', 1, NULL, NULL),
(3066, 222, 18, 3, 7, 1, NULL, 1, 0, '2017-04-05 11:57:48', 1, NULL, NULL),
(3067, 516, 18, 3, 7, 1, NULL, 1, 0, '2017-04-05 11:57:48', 1, NULL, NULL),
(3068, 103, 18, 3, 7, 1, NULL, 1, 0, '2017-04-05 11:57:48', 1, NULL, NULL),
(3069, 298, 18, 3, 7, 1, NULL, 1, 0, '2017-04-05 11:57:48', 1, NULL, NULL),
(3070, 114, 18, 3, 7, 1, NULL, 1, 0, '2017-04-05 11:57:48', 1, NULL, NULL),
(3071, 374, 18, 3, 7, 1, NULL, 1, 0, '2017-04-05 11:57:48', 1, NULL, NULL),
(3072, 374, 4, -2, 7, 1, NULL, 1, 0, '2017-04-05 11:57:48', 1, NULL, NULL),
(3073, 88, 11, 1, 7, 1, NULL, 1, 0, '2017-04-05 11:57:48', 1, NULL, NULL),
(3074, 304, 11, 1, 7, 1, NULL, 1, 0, '2017-04-05 11:57:48', 1, NULL, NULL),
(3075, 68, 11, 1, 7, 1, NULL, 1, 0, '2017-04-05 11:57:48', 1, NULL, NULL),
(3076, 163, 11, 1, 7, 1, NULL, 1, 0, '2017-04-05 11:57:48', 1, NULL, NULL),
(3077, 5, 11, 1, 7, 1, NULL, 1, 0, '2017-04-05 11:57:48', 1, NULL, NULL),
(3078, 528, 11, 2, 7, 2, NULL, 1, 0, '2017-04-05 11:57:48', 1, NULL, NULL),
(3079, 46, 11, 1, 7, 1, NULL, 1, 0, '2017-04-05 11:57:48', 1, NULL, NULL),
(3080, 26, 11, 4, 7, 4, NULL, 1, 0, '2017-04-05 11:57:48', 1, NULL, NULL),
(3081, 120, 11, 1, 7, 1, NULL, 1, 0, '2017-04-05 11:57:48', 1, NULL, NULL),
(3082, 144, 11, 2, 7, 2, NULL, 1, 0, '2017-04-05 11:57:48', 1, NULL, NULL),
(3083, 277, 11, 2, 7, 2, NULL, 1, 0, '2017-04-05 11:57:48', 1, NULL, NULL),
(3084, 446, 11, 1, 7, 1, NULL, 1, 0, '2017-04-05 11:57:48', 1, NULL, NULL),
(3085, 50, 12, 5, 7, 1, NULL, 1, 0, '2017-04-05 11:57:48', 1, NULL, NULL),
(3086, 104, 13, -1, 7, 1, NULL, 1, 0, '2017-04-05 11:57:48', 1, NULL, NULL),
(3087, 57, 13, -1, 7, 1, NULL, 1, 0, '2017-04-05 11:57:48', 1, NULL, NULL),
(3088, 653, 13, -1, 7, 1, NULL, 1, 0, '2017-04-05 11:57:48', 1, NULL, NULL),
(3089, 105, 13, -1, 7, 1, NULL, 1, 0, '2017-04-05 11:57:48', 1, NULL, NULL),
(3090, 22, 13, -1, 7, 1, NULL, 1, 0, '2017-04-05 11:57:48', 1, NULL, NULL),
(3091, 413, 13, -1, 7, 1, NULL, 1, 0, '2017-04-05 11:57:48', 1, NULL, NULL),
(3092, 244, 13, -1, 7, 1, NULL, 1, 0, '2017-04-05 11:57:48', 1, NULL, NULL),
(3093, 98, 13, -1, 7, 1, NULL, 1, 0, '2017-04-05 11:57:48', 1, NULL, NULL),
(3094, 512, 13, -1, 7, 1, NULL, 1, 0, '2017-04-05 11:57:48', 1, NULL, NULL),
(3095, 579, 13, -2, 7, 2, NULL, 1, 0, '2017-04-05 11:57:48', 1, NULL, NULL),
(3096, 581, 13, -2, 7, 2, NULL, 1, 0, '2017-04-05 11:57:48', 1, NULL, NULL),
(3097, 642, 13, -2, 7, 2, NULL, 1, 0, '2017-04-05 11:57:48', 1, NULL, NULL),
(3098, 5, 13, -2, 7, 2, NULL, 1, 0, '2017-04-05 11:57:48', 1, NULL, NULL),
(3099, 607, 13, -2, 7, 2, NULL, 1, 0, '2017-04-05 11:57:48', 1, NULL, NULL),
(3100, 528, 13, -1, 7, 1, NULL, 1, 0, '2017-04-05 11:57:48', 1, NULL, NULL),
(3101, 529, 13, -1, 7, 1, NULL, 1, 0, '2017-04-05 11:57:48', 1, NULL, NULL),
(3102, 166, 13, -1, 7, 1, NULL, 1, 0, '2017-04-05 11:57:48', 1, NULL, NULL),
(3103, 196, 13, -1, 7, 1, NULL, 1, 0, '2017-04-05 11:57:48', 1, NULL, NULL),
(3104, 200, 13, -1, 7, 1, NULL, 1, 0, '2017-04-05 11:57:48', 1, NULL, NULL),
(3105, 216, 13, -1, 7, 1, NULL, 1, 0, '2017-04-05 11:57:48', 1, NULL, NULL),
(3106, 9, 13, -1, 7, 1, NULL, 1, 0, '2017-04-05 11:57:48', 1, NULL, NULL),
(3107, 56, 13, -1, 7, 1, NULL, 1, 0, '2017-04-05 11:57:48', 1, NULL, NULL),
(3108, 47, 13, -1, 7, 1, NULL, 1, 0, '2017-04-05 11:57:48', 1, NULL, NULL),
(3109, 58, 13, -1, 7, 1, NULL, 1, 0, '2017-04-05 11:57:48', 1, NULL, NULL),
(3110, 46, 13, -1, 7, 1, NULL, 1, 0, '2017-04-05 11:57:48', 1, NULL, NULL),
(3111, 249, 13, -1, 7, 1, NULL, 1, 0, '2017-04-05 11:57:48', 1, NULL, NULL),
(3112, 91, 13, -1, 7, 1, NULL, 1, 0, '2017-04-05 11:57:48', 1, NULL, NULL),
(3113, 505, 13, -1, 7, 1, NULL, 1, 0, '2017-04-05 11:57:48', 1, NULL, NULL),
(3114, 325, 13, -1, 7, 1, NULL, 1, 0, '2017-04-05 11:57:48', 1, NULL, NULL),
(3115, 203, 13, -1, 7, 1, NULL, 1, 0, '2017-04-05 11:57:48', 1, NULL, NULL),
(3116, 590, 13, -1, 7, 1, NULL, 1, 0, '2017-04-05 11:57:48', 1, NULL, NULL),
(3117, 26, 13, -1, 7, 1, NULL, 1, 0, '2017-04-05 11:57:48', 1, NULL, NULL),
(3118, 658, 13, -1, 7, 1, NULL, 1, 0, '2017-04-05 11:57:48', 1, NULL, NULL),
(3119, 547, 13, -1, 7, 1, NULL, 1, 0, '2017-04-05 11:57:48', 1, NULL, NULL),
(3120, 40, 13, -1, 7, 1, NULL, 1, 0, '2017-04-05 11:57:48', 1, NULL, NULL),
(3121, 4, 13, -1, 7, 1, NULL, 1, 0, '2017-04-05 11:57:48', 1, NULL, NULL),
(3122, 50, 13, -1, 7, 1, NULL, 1, 0, '2017-04-05 11:57:48', 1, NULL, NULL),
(3123, 31, 13, -1, 7, 1, NULL, 1, 0, '2017-04-05 11:57:48', 1, NULL, NULL),
(3124, 124, 13, -1, 7, 1, NULL, 1, 0, '2017-04-05 11:57:48', 1, NULL, NULL),
(3125, 359, 13, -1, 7, 1, NULL, 1, 0, '2017-04-05 11:57:48', 1, NULL, NULL),
(3126, 85, 13, -1, 7, 1, NULL, 1, 0, '2017-04-05 11:57:48', 1, NULL, NULL),
(3127, 636, 13, -1, 7, 1, NULL, 1, 0, '2017-04-05 11:57:48', 1, NULL, NULL),
(3128, 120, 13, -1, 7, 1, NULL, 1, 0, '2017-04-05 11:57:48', 1, NULL, NULL),
(3129, 243, 13, -2, 7, 2, NULL, 1, 0, '2017-04-05 11:57:48', 1, NULL, NULL),
(3130, 423, 13, -2, 7, 2, NULL, 1, 0, '2017-04-05 11:57:48', 1, NULL, NULL),
(3131, 153, 13, -2, 7, 2, NULL, 1, 0, '2017-04-05 11:57:48', 1, NULL, NULL),
(3132, 144, 13, -2, 7, 2, NULL, 1, 0, '2017-04-05 11:57:48', 1, NULL, NULL),
(3133, 624, 13, -1, 7, 1, NULL, 1, 0, '2017-04-05 11:57:48', 1, NULL, NULL),
(3134, 175, 13, -1, 7, 1, NULL, 1, 0, '2017-04-05 11:57:48', 1, NULL, NULL),
(3135, 276, 13, -1, 7, 1, NULL, 1, 0, '2017-04-05 11:57:48', 1, NULL, NULL),
(3136, 277, 13, -1, 7, 1, NULL, 1, 0, '2017-04-05 11:57:48', 1, NULL, NULL);

-- --------------------------------------------------------

--
-- Table structure for table `player_point_type`
--

CREATE TABLE `player_point_type` (
  `id` int(10) UNSIGNED NOT NULL,
  `name_th` varchar(100) COLLATE utf8_unicode_ci NOT NULL,
  `name_en` varchar(100) COLLATE utf8_unicode_ci DEFAULT NULL,
  `short_name_th` varchar(100) COLLATE utf8_unicode_ci DEFAULT NULL,
  `short_name_en` varchar(100) COLLATE utf8_unicode_ci DEFAULT NULL,
  `point_per_unit` int(11) NOT NULL DEFAULT '0',
  `can_count` int(1) UNSIGNED NOT NULL DEFAULT '0',
  `description` text COLLATE utf8_unicode_ci,
  `status` int(1) UNSIGNED NOT NULL DEFAULT '1',
  `deleted` int(1) UNSIGNED NOT NULL DEFAULT '0',
  `created_date` datetime NOT NULL DEFAULT CURRENT_TIMESTAMP,
  `created_by` int(10) UNSIGNED NOT NULL DEFAULT '1',
  `modified_date` datetime DEFAULT NULL,
  `modified_by` int(11) DEFAULT NULL
) ENGINE=MyISAM DEFAULT CHARSET=utf8 COLLATE=utf8_unicode_ci;

--
-- Dumping data for table `player_point_type`
--

INSERT INTO `player_point_type` (`id`, `name_th`, `name_en`, `short_name_th`, `short_name_en`, `point_per_unit`, `can_count`, `description`, `status`, `deleted`, `created_date`, `created_by`, `modified_date`, `modified_by`) VALUES
(1, 'ลงไม่ถึง 60 นาที', NULL, 'ลงไม่ถึง 60 นาที', NULL, 1, 0, NULL, 1, 0, '2017-01-16 15:36:08', 1, NULL, NULL),
(2, 'ลงเกิน 60 นาที', NULL, 'ลงเกิน 60 นาที', NULL, 2, 0, NULL, 1, 0, '2017-01-16 15:36:08', 1, NULL, NULL),
(3, 'Assist', NULL, 'Assist', NULL, 3, 1, NULL, 1, 0, '2017-01-16 15:36:08', 1, NULL, NULL),
(4, 'ยิงจุดโทษไม่เข้า', NULL, 'ยิงจุดโทษไม่เข้า', NULL, -2, 1, NULL, 1, 0, '2017-01-16 15:36:08', 1, NULL, NULL),
(5, 'โบนัส', NULL, 'โบนัส', NULL, 3, 0, NULL, 1, 0, '2017-01-16 15:36:08', 1, NULL, NULL),
(6, 'ใบเหลือง', NULL, 'ใบเหลือง', NULL, -1, 1, NULL, 1, 0, '2017-01-16 15:36:08', 1, NULL, NULL),
(7, 'ใบแดง', NULL, 'ใบแดง', NULL, -3, 0, NULL, 1, 0, '2017-01-16 15:36:08', 1, NULL, NULL),
(8, 'ทำเข้าประตูตัวเอง', NULL, 'ทำเข้าประตูตัวเอง', NULL, -2, 1, NULL, 1, 0, '2017-01-16 15:36:08', 1, NULL, NULL),
(9, 'ผู้รักษาประตูทำประตู', NULL, 'ทำประตู', NULL, 8, 1, NULL, 1, 0, '2017-01-16 15:36:08', 1, NULL, NULL),
(10, 'เล่นเกิน 60 นาทีและไม่เสียประตู (GK, DF)', NULL, 'เล่นเกิน 60 นาทีและไม่เสียประตู', NULL, 4, 0, NULL, 1, 0, '2017-01-16 15:36:08', 1, NULL, NULL),
(11, 'เซฟประตู 2 ครั้ง', NULL, 'เซฟประตู 2 ครั้ง', NULL, 1, 1, NULL, 1, 0, '2017-01-16 15:36:08', 1, NULL, NULL),
(12, 'เซฟจุดโทษ', NULL, 'เซฟจุดโทษ', NULL, 5, 1, NULL, 1, 0, '2017-01-16 15:36:08', 1, NULL, NULL),
(13, 'เสีย 2 ประตู', NULL, 'เสีย 2 ประตู', NULL, -1, 1, NULL, 1, 0, '2017-01-16 15:36:08', 1, NULL, NULL),
(14, 'กองหลังทำประตู', NULL, 'ทำประตู', NULL, 6, 1, NULL, 1, 0, '2017-01-16 15:36:08', 1, NULL, NULL),
(15, 'กองกลางทำประตู', NULL, 'ทำประตู', NULL, 4, 1, NULL, 1, 0, '2017-01-16 15:36:08', 1, NULL, NULL),
(16, 'เล่นเกิน 60 นาทีและไม่เสียประตู (MD)', NULL, 'เล่นเกิน 60 นาทีและไม่เสียประตู', NULL, 3, 0, NULL, 1, 0, '2017-01-16 15:36:08', 1, NULL, NULL),
(17, 'กองหน้าทำประตู', NULL, 'ทำประตู', NULL, 4, 1, NULL, 1, 0, '2017-01-16 15:36:08', 1, NULL, NULL),
(18, 'ผู้เล่นยอดเยี่ยม', 'Man of the Match', 'Man of the Match', 'Man of the Match', 3, 0, NULL, 1, 0, '2017-02-19 12:15:32', 1, NULL, NULL);

-- --------------------------------------------------------

--
-- Table structure for table `player_position`
--

CREATE TABLE `player_position` (
  `id` int(10) UNSIGNED NOT NULL,
  `name_th` varchar(50) COLLATE utf8_unicode_ci NOT NULL,
  `name_en` varchar(50) COLLATE utf8_unicode_ci NOT NULL,
  `short_name` varchar(5) COLLATE utf8_unicode_ci NOT NULL,
  `description` text COLLATE utf8_unicode_ci,
  `status` int(1) UNSIGNED NOT NULL DEFAULT '1',
  `deleted` int(1) UNSIGNED NOT NULL DEFAULT '0',
  `created_date` datetime NOT NULL DEFAULT CURRENT_TIMESTAMP,
  `created_by` int(10) UNSIGNED NOT NULL DEFAULT '1',
  `modified_date` datetime DEFAULT NULL,
  `modified_by` int(11) DEFAULT NULL
) ENGINE=MyISAM DEFAULT CHARSET=utf8 COLLATE=utf8_unicode_ci;

--
-- Dumping data for table `player_position`
--

INSERT INTO `player_position` (`id`, `name_th`, `name_en`, `short_name`, `description`, `status`, `deleted`, `created_date`, `created_by`, `modified_date`, `modified_by`) VALUES
(1, 'ผู้รักษาประตู', 'Goalkeeper', 'GK', NULL, 1, 0, '2017-01-16 15:38:44', 1, NULL, NULL),
(2, 'กองหลัง', 'Defender', 'DF', NULL, 1, 0, '2017-01-16 15:39:10', 1, NULL, NULL),
(3, 'กองกลาง', 'Midfielder', 'MD', NULL, 1, 0, '2017-01-16 15:39:29', 1, NULL, NULL),
(4, 'กองหน้า', 'Forward', 'FW', NULL, 1, 0, '2017-01-16 15:40:29', 1, NULL, NULL);

-- --------------------------------------------------------

--
-- Table structure for table `player_total_point`
--

CREATE TABLE `player_total_point` (
  `id` int(10) UNSIGNED NOT NULL,
  `player_id` int(10) UNSIGNED NOT NULL,
  `total_point` int(11) NOT NULL DEFAULT '0',
  `last_5_weeks_point` int(11) NOT NULL DEFAULT '0',
  `description` text COLLATE utf8_unicode_ci,
  `status` int(1) UNSIGNED NOT NULL DEFAULT '1',
  `deleted` int(1) UNSIGNED NOT NULL DEFAULT '0',
  `created_date` datetime NOT NULL DEFAULT CURRENT_TIMESTAMP,
  `created_by` int(10) UNSIGNED NOT NULL DEFAULT '1',
  `modified_date` datetime DEFAULT NULL,
  `modified_by` int(11) DEFAULT NULL
) ENGINE=MyISAM DEFAULT CHARSET=utf8 COLLATE=utf8_unicode_ci;

--
-- Dumping data for table `player_total_point`
--

INSERT INTO `player_total_point` (`id`, `player_id`, `total_point`, `last_5_weeks_point`, `description`, `status`, `deleted`, `created_date`, `created_by`, `modified_date`, `modified_by`) VALUES
(1, 1, 3, 3, NULL, 1, 0, '2017-03-14 10:29:40', 1, '2017-04-05 11:58:11', 1),
(2, 2, 23, 16, NULL, 1, 0, '2017-03-14 10:29:40', 1, '2017-04-05 11:58:11', 1),
(3, 3, 1, 1, NULL, 1, 0, '2017-03-14 10:29:40', 1, '2017-04-05 11:58:11', 1),
(4, 4, 17, 15, NULL, 1, 0, '2017-03-14 10:29:40', 1, '2017-04-05 11:58:11', 1),
(5, 5, 6, 6, NULL, 1, 0, '2017-03-14 10:29:40', 1, '2017-04-05 11:58:11', 1),
(6, 6, 0, 0, NULL, 1, 0, '2017-03-14 10:29:40', 1, NULL, NULL),
(7, 7, 0, 0, NULL, 1, 0, '2017-03-14 10:29:40', 1, NULL, NULL),
(8, 8, 1, 1, NULL, 1, 0, '2017-03-14 10:29:40', 1, '2017-04-05 11:58:11', 1),
(9, 9, 19, 16, NULL, 1, 0, '2017-03-14 10:29:40', 1, '2017-04-05 11:58:11', 1),
(10, 10, 31, 21, NULL, 1, 0, '2017-03-14 10:29:40', 1, '2017-04-05 11:58:11', 1),
(11, 11, 43, 33, NULL, 1, 0, '2017-03-14 10:29:40', 1, '2017-04-05 11:58:11', 1),
(12, 12, 30, 26, NULL, 1, 0, '2017-03-14 10:29:40', 1, '2017-04-05 11:58:11', 1),
(13, 13, 29, 28, NULL, 1, 0, '2017-03-14 10:29:40', 1, '2017-04-05 11:58:11', 1),
(14, 14, 3, 0, NULL, 1, 0, '2017-03-14 10:29:40', 1, '2017-04-05 11:58:11', 1),
(15, 16, 0, 0, NULL, 1, 0, '2017-03-14 10:29:40', 1, NULL, NULL),
(16, 17, 0, 0, NULL, 1, 0, '2017-03-14 10:29:40', 1, NULL, NULL),
(17, 18, 11, 8, NULL, 1, 0, '2017-03-14 10:29:40', 1, '2017-04-05 11:58:11', 1),
(18, 19, 0, 0, NULL, 1, 0, '2017-03-14 10:29:40', 1, NULL, NULL),
(19, 20, 15, 11, NULL, 1, 0, '2017-03-14 10:29:40', 1, '2017-04-05 11:58:11', 1),
(20, 21, 16, 15, NULL, 1, 0, '2017-03-14 10:29:40', 1, '2017-04-05 11:58:11', 1),
(21, 22, 49, 32, NULL, 1, 0, '2017-03-14 10:29:40', 1, '2017-04-05 11:58:11', 1),
(22, 23, 3, 1, NULL, 1, 0, '2017-03-14 10:29:40', 1, '2017-04-05 11:58:11', 1),
(23, 24, 8, 8, NULL, 1, 0, '2017-03-14 10:29:40', 1, '2017-04-05 11:58:11', 1),
(24, 25, 19, 14, NULL, 1, 0, '2017-03-14 10:29:40', 1, '2017-04-05 11:58:11', 1),
(25, 26, 31, 21, NULL, 1, 0, '2017-03-14 10:29:40', 1, '2017-04-05 11:58:11', 1),
(26, 27, 0, 0, NULL, 1, 0, '2017-03-14 10:29:40', 1, NULL, NULL),
(27, 28, 13, 6, NULL, 1, 0, '2017-03-14 10:29:40', 1, '2017-04-05 11:58:11', 1),
(28, 29, 0, 0, NULL, 1, 0, '2017-03-14 10:29:40', 1, NULL, NULL),
(29, 30, 0, 0, NULL, 1, 0, '2017-03-14 10:29:40', 1, NULL, NULL),
(30, 31, 0, 0, NULL, 1, 0, '2017-03-14 10:29:40', 1, '2017-04-05 11:58:11', 1),
(31, 32, 17, 12, NULL, 1, 0, '2017-03-14 10:29:40', 1, '2017-04-05 11:58:11', 1),
(32, 33, 9, 2, NULL, 1, 0, '2017-03-14 10:29:40', 1, '2017-04-05 11:58:11', 1),
(33, 34, 33, 29, NULL, 1, 0, '2017-03-14 10:29:40', 1, '2017-04-05 11:58:11', 1),
(34, 35, 0, 0, NULL, 1, 0, '2017-03-14 10:29:40', 1, NULL, NULL),
(35, 36, 29, 26, NULL, 1, 0, '2017-03-14 10:29:40', 1, '2017-04-05 11:58:11', 1),
(36, 37, 6, 5, NULL, 1, 0, '2017-03-14 10:29:40', 1, '2017-04-05 11:58:11', 1),
(37, 38, 0, 0, NULL, 1, 0, '2017-03-14 10:29:40', 1, NULL, NULL),
(38, 39, 10, 2, NULL, 1, 0, '2017-03-14 10:29:40', 1, '2017-04-05 11:58:11', 1),
(39, 40, 2, 2, NULL, 1, 0, '2017-03-14 10:29:40', 1, '2017-04-05 11:58:11', 1),
(40, 41, 20, 19, NULL, 1, 0, '2017-03-14 10:29:40', 1, '2017-04-05 11:58:11', 1),
(41, 42, 1, 1, NULL, 1, 0, '2017-03-14 10:29:40', 1, '2017-04-05 11:58:11', 1),
(42, 43, 10, 5, NULL, 1, 0, '2017-03-14 10:29:40', 1, '2017-04-05 11:58:11', 1),
(43, 44, 0, 0, NULL, 1, 0, '2017-03-14 10:29:40', 1, NULL, NULL),
(44, 45, 18, 12, NULL, 1, 0, '2017-03-14 10:29:40', 1, '2017-04-05 11:58:11', 1),
(45, 46, 24, 15, NULL, 1, 0, '2017-03-14 10:29:40', 1, '2017-04-05 11:58:11', 1),
(46, 47, 12, 9, NULL, 1, 0, '2017-03-14 10:29:40', 1, '2017-04-05 11:58:11', 1),
(47, 48, 12, 11, NULL, 1, 0, '2017-03-14 10:29:40', 1, '2017-04-05 11:58:11', 1),
(48, 49, 3, 3, NULL, 1, 0, '2017-03-14 10:29:40', 1, '2017-04-05 11:58:11', 1),
(49, 50, 20, 17, NULL, 1, 0, '2017-03-14 10:29:40', 1, '2017-04-05 11:58:11', 1),
(50, 51, 13, 11, NULL, 1, 0, '2017-03-14 10:29:40', 1, '2017-04-05 11:58:11', 1),
(51, 52, 0, 0, NULL, 1, 0, '2017-03-14 10:29:40', 1, NULL, NULL),
(52, 53, 0, 0, NULL, 1, 0, '2017-03-14 10:29:40', 1, NULL, NULL),
(53, 54, 12, 6, NULL, 1, 0, '2017-03-14 10:29:40', 1, '2017-04-05 11:58:11', 1),
(54, 55, 5, 5, NULL, 1, 0, '2017-03-14 10:29:40', 1, '2017-04-05 11:58:11', 1),
(55, 56, 2, 2, NULL, 1, 0, '2017-03-14 10:29:40', 1, '2017-04-05 11:58:11', 1),
(56, 57, 11, 11, NULL, 1, 0, '2017-03-14 10:29:40', 1, '2017-04-05 11:58:11', 1),
(57, 58, 11, 8, NULL, 1, 0, '2017-03-14 10:29:40', 1, '2017-04-05 11:58:11', 1),
(58, 59, 4, 3, NULL, 1, 0, '2017-03-14 10:29:40', 1, '2017-04-05 11:58:11', 1),
(59, 60, 0, 0, NULL, 1, 0, '2017-03-14 10:29:40', 1, NULL, NULL),
(60, 61, 0, 0, NULL, 1, 0, '2017-03-14 10:29:40', 1, NULL, NULL),
(61, 62, 5, 5, NULL, 1, 0, '2017-03-14 10:29:40', 1, '2017-04-05 11:58:11', 1),
(62, 63, 8, 5, NULL, 1, 0, '2017-03-14 10:29:40', 1, '2017-04-05 11:58:11', 1),
(63, 64, 0, 0, NULL, 1, 0, '2017-03-14 10:29:40', 1, NULL, NULL),
(64, 65, 5, 4, NULL, 1, 0, '2017-03-14 10:29:40', 1, '2017-04-05 11:58:11', 1),
(65, 66, 14, 12, NULL, 1, 0, '2017-03-14 10:29:40', 1, '2017-04-05 11:58:11', 1),
(66, 67, 0, 0, NULL, 1, 0, '2017-03-14 10:29:40', 1, NULL, NULL),
(67, 68, 42, 38, NULL, 1, 0, '2017-03-14 10:29:40', 1, '2017-04-05 11:58:11', 1),
(68, 69, 0, 0, NULL, 1, 0, '2017-03-14 10:29:40', 1, NULL, NULL),
(69, 70, 0, 0, NULL, 1, 0, '2017-03-14 10:29:40', 1, NULL, NULL),
(70, 72, 14, 8, NULL, 1, 0, '2017-03-14 10:29:40', 1, '2017-04-05 11:58:11', 1),
(71, 73, 0, 0, NULL, 1, 0, '2017-03-14 10:29:40', 1, NULL, NULL),
(72, 74, 0, 0, NULL, 1, 0, '2017-03-14 10:29:40', 1, NULL, NULL),
(73, 75, 0, 0, NULL, 1, 0, '2017-03-14 10:29:40', 1, NULL, NULL),
(74, 76, 1, 1, NULL, 1, 0, '2017-03-14 10:29:40', 1, '2017-04-05 11:58:11', 1),
(75, 77, 17, 16, NULL, 1, 0, '2017-03-14 10:29:40', 1, '2017-04-05 11:58:11', 1),
(76, 78, 7, 6, NULL, 1, 0, '2017-03-14 10:29:40', 1, '2017-04-05 11:58:11', 1),
(77, 79, 30, 24, NULL, 1, 0, '2017-03-14 10:29:40', 1, '2017-04-05 11:58:11', 1),
(78, 81, 0, 0, NULL, 1, 0, '2017-03-14 10:29:40', 1, NULL, NULL),
(79, 82, 0, 0, NULL, 1, 0, '2017-03-14 10:29:40', 1, NULL, NULL),
(80, 83, 1, 1, NULL, 1, 0, '2017-03-14 10:29:40', 1, '2017-04-05 11:58:11', 1),
(81, 84, 0, -1, NULL, 1, 0, '2017-03-14 10:29:40', 1, '2017-04-05 11:58:11', 1),
(82, 85, 11, 3, NULL, 1, 0, '2017-03-14 10:29:40', 1, '2017-04-05 11:58:11', 1),
(83, 86, 13, 5, NULL, 1, 0, '2017-03-14 10:29:40', 1, '2017-04-05 11:58:11', 1),
(84, 87, 0, 0, NULL, 1, 0, '2017-03-14 10:29:40', 1, NULL, NULL),
(85, 88, 6, 6, NULL, 1, 0, '2017-03-14 10:29:40', 1, '2017-04-05 11:58:11', 1),
(86, 89, 5, 1, NULL, 1, 0, '2017-03-14 10:29:40', 1, '2017-04-05 11:58:11', 1),
(87, 90, 0, 0, NULL, 1, 0, '2017-03-14 10:29:40', 1, NULL, NULL),
(88, 91, 12, 12, NULL, 1, 0, '2017-03-14 10:29:40', 1, '2017-04-05 11:58:11', 1),
(89, 92, 14, 10, NULL, 1, 0, '2017-03-14 10:29:40', 1, '2017-04-05 11:58:11', 1),
(90, 93, 0, 0, NULL, 1, 0, '2017-03-14 10:29:40', 1, NULL, NULL),
(91, 94, 10, 1, NULL, 1, 0, '2017-03-14 10:29:40', 1, '2017-04-05 11:58:11', 1),
(92, 95, 9, 8, NULL, 1, 0, '2017-03-14 10:29:40', 1, '2017-04-05 11:58:11', 1),
(93, 97, 10, 5, NULL, 1, 0, '2017-03-14 10:29:40', 1, '2017-04-05 11:58:11', 1),
(94, 98, 24, 12, NULL, 1, 0, '2017-03-14 10:29:40', 1, '2017-04-05 11:58:11', 1),
(95, 99, -1, -1, NULL, 1, 0, '2017-03-14 10:29:40', 1, '2017-04-05 11:58:11', 1),
(96, 100, 0, 0, NULL, 1, 0, '2017-03-14 10:29:40', 1, NULL, NULL),
(97, 101, 12, 10, NULL, 1, 0, '2017-03-14 10:29:40', 1, '2017-04-05 11:58:11', 1),
(98, 102, 7, 4, NULL, 1, 0, '2017-03-14 10:29:40', 1, '2017-04-05 11:58:11', 1),
(99, 103, 37, 22, NULL, 1, 0, '2017-03-14 10:29:40', 1, '2017-04-05 11:58:11', 1),
(100, 104, 21, 19, NULL, 1, 0, '2017-03-14 10:29:40', 1, '2017-04-05 11:58:11', 1),
(101, 105, 18, 16, NULL, 1, 0, '2017-03-14 10:29:40', 1, '2017-04-05 11:58:11', 1),
(102, 106, 0, 0, NULL, 1, 0, '2017-03-14 10:29:40', 1, NULL, NULL),
(103, 107, 12, 4, NULL, 1, 0, '2017-03-14 10:29:40', 1, '2017-04-05 11:58:11', 1),
(104, 108, 14, 13, NULL, 1, 0, '2017-03-14 10:29:40', 1, '2017-04-05 11:58:11', 1),
(105, 109, 0, 0, NULL, 1, 0, '2017-03-14 10:29:40', 1, NULL, NULL),
(106, 111, 0, 0, NULL, 1, 0, '2017-03-14 10:29:40', 1, NULL, NULL),
(107, 112, 0, 0, NULL, 1, 0, '2017-03-14 10:29:40', 1, NULL, NULL),
(108, 113, 0, 0, NULL, 1, 0, '2017-03-14 10:29:40', 1, NULL, NULL),
(109, 114, 38, 31, NULL, 1, 0, '2017-03-14 10:29:40', 1, '2017-04-05 11:58:11', 1),
(110, 115, 0, 0, NULL, 1, 0, '2017-03-14 10:29:40', 1, NULL, NULL),
(111, 117, 31, 25, NULL, 1, 0, '2017-03-14 10:29:40', 1, '2017-04-05 11:58:11', 1),
(112, 118, 21, 17, NULL, 1, 0, '2017-03-14 10:29:40', 1, '2017-04-05 11:58:11', 1),
(113, 119, 2, 1, NULL, 1, 0, '2017-03-14 10:29:40', 1, '2017-04-05 11:58:11', 1),
(114, 120, 3, 3, NULL, 1, 0, '2017-03-14 10:29:40', 1, '2017-04-05 11:58:11', 1),
(115, 121, 7, 6, NULL, 1, 0, '2017-03-14 10:29:40', 1, '2017-04-05 11:58:11', 1),
(116, 122, 0, 0, NULL, 1, 0, '2017-03-14 10:29:40', 1, NULL, NULL),
(117, 123, 2, 2, NULL, 1, 0, '2017-03-14 10:29:40', 1, '2017-04-05 11:58:11', 1),
(118, 124, 32, 21, NULL, 1, 0, '2017-03-14 10:29:40', 1, '2017-04-05 11:58:11', 1),
(119, 125, 21, 16, NULL, 1, 0, '2017-03-14 10:29:40', 1, '2017-04-05 11:58:11', 1),
(120, 126, 0, 0, NULL, 1, 0, '2017-03-14 10:29:40', 1, NULL, NULL),
(121, 127, 8, 7, NULL, 1, 0, '2017-03-14 10:29:40', 1, '2017-04-05 11:58:11', 1),
(122, 128, 5, 4, NULL, 1, 0, '2017-03-14 10:29:40', 1, '2017-04-05 11:58:11', 1),
(123, 129, 3, 2, NULL, 1, 0, '2017-03-14 10:29:40', 1, '2017-04-05 11:58:11', 1),
(124, 130, 4, 3, NULL, 1, 0, '2017-03-14 10:29:40', 1, '2017-04-05 11:58:11', 1),
(125, 131, 0, 0, NULL, 1, 0, '2017-03-14 10:29:40', 1, NULL, NULL),
(126, 132, 34, 31, NULL, 1, 0, '2017-03-14 10:29:40', 1, '2017-04-05 11:58:11', 1),
(127, 133, 0, 0, NULL, 1, 0, '2017-03-14 10:29:40', 1, NULL, NULL),
(128, 134, 39, 31, NULL, 1, 0, '2017-03-14 10:29:40', 1, '2017-04-05 11:58:11', 1),
(129, 135, 0, 0, NULL, 1, 0, '2017-03-14 10:29:40', 1, NULL, NULL),
(130, 136, 0, 0, NULL, 1, 0, '2017-03-14 10:29:40', 1, NULL, NULL),
(131, 137, 25, 14, NULL, 1, 0, '2017-03-14 10:29:40', 1, '2017-04-05 11:58:11', 1),
(132, 138, 0, 0, NULL, 1, 0, '2017-03-14 10:29:40', 1, NULL, NULL),
(133, 139, 11, 2, NULL, 1, 0, '2017-03-14 10:29:40', 1, '2017-04-05 11:58:11', 1),
(134, 140, 22, 14, NULL, 1, 0, '2017-03-14 10:29:40', 1, '2017-04-05 11:58:11', 1),
(135, 141, 0, 0, NULL, 1, 0, '2017-03-14 10:29:40', 1, NULL, NULL),
(136, 142, 25, 21, NULL, 1, 0, '2017-03-14 10:29:40', 1, '2017-04-05 11:58:11', 1),
(137, 143, 0, 0, NULL, 1, 0, '2017-03-14 10:29:40', 1, NULL, NULL),
(138, 144, 17, 9, NULL, 1, 0, '2017-03-14 10:29:40', 1, '2017-04-05 11:58:11', 1),
(139, 145, 28, 18, NULL, 1, 0, '2017-03-14 10:29:40', 1, '2017-04-05 11:58:11', 1),
(140, 147, 0, 0, NULL, 1, 0, '2017-03-14 10:29:40', 1, NULL, NULL),
(141, 148, 0, 0, NULL, 1, 0, '2017-03-14 10:29:40', 1, NULL, NULL),
(142, 149, 7, 3, NULL, 1, 0, '2017-03-14 10:29:40', 1, '2017-04-05 11:58:11', 1),
(143, 150, 33, 26, NULL, 1, 0, '2017-03-14 10:29:40', 1, '2017-04-05 11:58:11', 1),
(144, 151, 1, 1, NULL, 1, 0, '2017-03-14 10:29:40', 1, '2017-04-05 11:58:11', 1),
(145, 152, 16, 16, NULL, 1, 0, '2017-03-14 10:29:40', 1, '2017-04-05 11:58:11', 1),
(146, 153, 6, 4, NULL, 1, 0, '2017-03-14 10:29:40', 1, '2017-04-05 11:58:11', 1),
(147, 154, 30, 27, NULL, 1, 0, '2017-03-14 10:29:40', 1, '2017-04-05 11:58:11', 1),
(148, 155, 19, 13, NULL, 1, 0, '2017-03-14 10:29:40', 1, '2017-04-05 11:58:11', 1),
(149, 156, 0, 0, NULL, 1, 0, '2017-03-14 10:29:40', 1, NULL, NULL),
(150, 157, 34, 24, NULL, 1, 0, '2017-03-14 10:29:40', 1, '2017-04-05 11:58:11', 1),
(151, 158, 22, 14, NULL, 1, 0, '2017-03-14 10:29:40', 1, '2017-04-05 11:58:11', 1),
(152, 159, 0, 0, NULL, 1, 0, '2017-03-14 10:29:40', 1, NULL, NULL),
(153, 160, 0, 0, NULL, 1, 0, '2017-03-14 10:29:40', 1, NULL, NULL),
(154, 161, 0, 0, NULL, 1, 0, '2017-03-14 10:29:40', 1, NULL, NULL),
(155, 162, 0, 0, NULL, 1, 0, '2017-03-14 10:29:40', 1, NULL, NULL),
(156, 163, 31, 23, NULL, 1, 0, '2017-03-14 10:29:40', 1, '2017-04-05 11:58:11', 1),
(157, 164, 0, 0, NULL, 1, 0, '2017-03-14 10:29:40', 1, NULL, NULL),
(158, 165, 3, 3, NULL, 1, 0, '2017-03-14 10:29:40', 1, '2017-04-05 11:58:11', 1),
(159, 166, 4, 4, NULL, 1, 0, '2017-03-14 10:29:40', 1, '2017-04-05 11:58:11', 1),
(160, 167, 13, 3, NULL, 1, 0, '2017-03-14 10:29:40', 1, '2017-04-05 11:58:11', 1),
(161, 168, 0, 0, NULL, 1, 0, '2017-03-14 10:29:40', 1, NULL, NULL),
(162, 169, 0, 0, NULL, 1, 0, '2017-03-14 10:29:40', 1, NULL, NULL),
(163, 170, 0, 0, NULL, 1, 0, '2017-03-14 10:29:40', 1, NULL, NULL),
(164, 171, 0, 0, NULL, 1, 0, '2017-03-14 10:29:40', 1, NULL, NULL),
(165, 172, 10, 5, NULL, 1, 0, '2017-03-14 10:29:40', 1, '2017-04-05 11:58:11', 1),
(166, 174, 21, 19, NULL, 1, 0, '2017-03-14 10:29:40', 1, '2017-04-05 11:58:11', 1),
(167, 175, 3, 3, NULL, 1, 0, '2017-03-14 10:29:40', 1, '2017-04-05 11:58:11', 1),
(168, 176, 17, 4, NULL, 1, 0, '2017-03-14 10:29:40', 1, '2017-04-05 11:58:11', 1),
(169, 177, 0, 0, NULL, 1, 0, '2017-03-14 10:29:40', 1, NULL, NULL),
(170, 178, 1, 1, NULL, 1, 0, '2017-03-14 10:29:40', 1, '2017-04-05 11:58:11', 1),
(171, 179, 18, 17, NULL, 1, 0, '2017-03-14 10:29:40', 1, '2017-04-05 11:58:11', 1),
(172, 181, 1, 1, NULL, 1, 0, '2017-03-14 10:29:40', 1, '2017-04-05 11:58:11', 1),
(173, 182, 0, 0, NULL, 1, 0, '2017-03-14 10:29:40', 1, NULL, NULL),
(174, 183, 13, 12, NULL, 1, 0, '2017-03-14 10:29:40', 1, '2017-04-05 11:58:11', 1),
(175, 184, 0, 0, NULL, 1, 0, '2017-03-14 10:29:40', 1, NULL, NULL),
(176, 185, 14, 9, NULL, 1, 0, '2017-03-14 10:29:40', 1, '2017-04-05 11:58:11', 1),
(177, 187, 1, 1, NULL, 1, 0, '2017-03-14 10:29:40', 1, '2017-04-05 11:58:11', 1),
(178, 188, 10, 9, NULL, 1, 0, '2017-03-14 10:29:40', 1, '2017-04-05 11:58:11', 1),
(179, 189, 19, 15, NULL, 1, 0, '2017-03-14 10:29:40', 1, '2017-04-05 11:58:11', 1),
(180, 190, 0, 0, NULL, 1, 0, '2017-03-14 10:29:40', 1, NULL, NULL),
(181, 191, 1, 1, NULL, 1, 0, '2017-03-14 10:29:40', 1, '2017-04-05 11:58:11', 1),
(182, 192, 13, 10, NULL, 1, 0, '2017-03-14 10:29:40', 1, '2017-04-05 11:58:11', 1),
(183, 193, 0, 0, NULL, 1, 0, '2017-03-14 10:29:40', 1, NULL, NULL),
(184, 194, 0, 0, NULL, 1, 0, '2017-03-14 10:29:40', 1, '2017-04-05 11:58:11', 1),
(185, 195, 7, 7, NULL, 1, 0, '2017-03-14 10:29:40', 1, '2017-04-05 11:58:11', 1),
(186, 196, 9, 9, NULL, 1, 0, '2017-03-14 10:29:40', 1, '2017-04-05 11:58:11', 1),
(187, 197, 0, 0, NULL, 1, 0, '2017-03-14 10:29:40', 1, NULL, NULL),
(188, 198, 0, 0, NULL, 1, 0, '2017-03-14 10:29:40', 1, NULL, NULL),
(189, 199, 12, 8, NULL, 1, 0, '2017-03-14 10:29:40', 1, '2017-04-05 11:58:11', 1),
(190, 200, 8, 6, NULL, 1, 0, '2017-03-14 10:29:40', 1, '2017-04-05 11:58:11', 1),
(191, 201, 11, 8, NULL, 1, 0, '2017-03-14 10:29:40', 1, '2017-04-05 11:58:11', 1),
(192, 202, 0, 0, NULL, 1, 0, '2017-03-14 10:29:40', 1, NULL, NULL),
(193, 203, 27, 20, NULL, 1, 0, '2017-03-14 10:29:40', 1, '2017-04-05 11:58:11', 1),
(194, 204, 0, 0, NULL, 1, 0, '2017-03-14 10:29:40', 1, NULL, NULL),
(195, 205, 26, 19, NULL, 1, 0, '2017-03-14 10:29:40', 1, '2017-04-05 11:58:11', 1),
(196, 206, 0, 0, NULL, 1, 0, '2017-03-14 10:29:40', 1, NULL, NULL),
(197, 207, 13, 10, NULL, 1, 0, '2017-03-14 10:29:40', 1, '2017-04-05 11:58:11', 1),
(198, 208, 19, 8, NULL, 1, 0, '2017-03-14 10:29:40', 1, '2017-04-05 11:58:11', 1),
(199, 209, 3, 2, NULL, 1, 0, '2017-03-14 10:29:40', 1, '2017-04-05 11:58:11', 1),
(200, 210, 5, 5, NULL, 1, 0, '2017-03-14 10:29:40', 1, '2017-04-05 11:58:11', 1),
(201, 211, 0, 0, NULL, 1, 0, '2017-03-14 10:29:40', 1, NULL, NULL),
(202, 212, 0, 0, NULL, 1, 0, '2017-03-14 10:29:40', 1, NULL, NULL),
(203, 213, 0, 0, NULL, 1, 0, '2017-03-14 10:29:40', 1, NULL, NULL),
(204, 214, 0, 0, NULL, 1, 0, '2017-03-14 10:29:40', 1, NULL, NULL),
(205, 215, 2, 1, NULL, 1, 0, '2017-03-14 10:29:40', 1, '2017-04-05 11:58:11', 1),
(206, 216, 4, 4, NULL, 1, 0, '2017-03-14 10:29:40', 1, '2017-04-05 11:58:11', 1),
(207, 217, 43, 41, NULL, 1, 0, '2017-03-14 10:29:40', 1, '2017-04-05 11:58:11', 1),
(208, 218, 33, 26, NULL, 1, 0, '2017-03-14 10:29:40', 1, '2017-04-05 11:58:11', 1),
(209, 219, 12, 9, NULL, 1, 0, '2017-03-14 10:29:40', 1, '2017-04-05 11:58:11', 1),
(210, 220, 31, 20, NULL, 1, 0, '2017-03-14 10:29:40', 1, '2017-04-05 11:58:11', 1),
(211, 221, 0, 0, NULL, 1, 0, '2017-03-14 10:29:40', 1, NULL, NULL),
(212, 222, 34, 23, NULL, 1, 0, '2017-03-14 10:29:40', 1, '2017-04-05 11:58:11', 1),
(213, 223, 15, 8, NULL, 1, 0, '2017-03-14 10:29:40', 1, '2017-04-05 11:58:11', 1),
(214, 225, 4, 3, NULL, 1, 0, '2017-03-14 10:29:40', 1, '2017-04-05 11:58:11', 1),
(215, 226, 0, 0, NULL, 1, 0, '2017-03-14 10:29:40', 1, NULL, NULL),
(216, 227, 0, 0, NULL, 1, 0, '2017-03-14 10:29:40', 1, NULL, NULL),
(217, 228, 19, 12, NULL, 1, 0, '2017-03-14 10:29:40', 1, '2017-04-05 11:58:11', 1),
(218, 229, 17, 10, NULL, 1, 0, '2017-03-14 10:29:40', 1, '2017-04-05 11:58:11', 1),
(219, 230, 0, 0, NULL, 1, 0, '2017-03-14 10:29:40', 1, NULL, NULL),
(220, 231, 37, 36, NULL, 1, 0, '2017-03-14 10:29:40', 1, '2017-04-05 11:58:11', 1),
(221, 232, 1, 1, NULL, 1, 0, '2017-03-14 10:29:40', 1, '2017-04-05 11:58:11', 1),
(222, 233, 43, 37, NULL, 1, 0, '2017-03-14 10:29:40', 1, '2017-04-05 11:58:11', 1),
(223, 234, 0, 0, NULL, 1, 0, '2017-03-14 10:29:40', 1, NULL, NULL),
(224, 235, 43, 27, NULL, 1, 0, '2017-03-14 10:29:40', 1, '2017-04-05 11:58:11', 1),
(225, 236, 0, 0, NULL, 1, 0, '2017-03-14 10:29:40', 1, NULL, NULL),
(226, 237, 0, 0, NULL, 1, 0, '2017-03-14 10:29:40', 1, NULL, NULL),
(227, 238, 7, 7, NULL, 1, 0, '2017-03-14 10:29:40', 1, '2017-04-05 11:58:11', 1),
(228, 240, 0, 0, NULL, 1, 0, '2017-03-14 10:29:40', 1, NULL, NULL),
(229, 241, 2, 1, NULL, 1, 0, '2017-03-14 10:29:40', 1, '2017-04-05 11:58:11', 1),
(230, 242, 2, 2, NULL, 1, 0, '2017-03-14 10:29:40', 1, '2017-04-05 11:58:11', 1),
(231, 243, 5, 5, NULL, 1, 0, '2017-03-14 10:29:40', 1, '2017-04-05 11:58:11', 1),
(232, 244, 37, 16, NULL, 1, 0, '2017-03-14 10:29:40', 1, '2017-04-05 11:58:11', 1),
(233, 245, 0, 0, NULL, 1, 0, '2017-03-14 10:29:40', 1, '2017-04-05 11:58:11', 1),
(234, 246, 0, 0, NULL, 1, 0, '2017-03-14 10:29:40', 1, NULL, NULL),
(235, 247, 0, 0, NULL, 1, 0, '2017-03-14 10:29:40', 1, NULL, NULL),
(236, 248, 0, 0, NULL, 1, 0, '2017-03-14 10:29:40', 1, NULL, NULL),
(237, 249, 20, 11, NULL, 1, 0, '2017-03-14 10:29:40', 1, '2017-04-05 11:58:11', 1),
(238, 250, 0, 0, NULL, 1, 0, '2017-03-14 10:29:40', 1, NULL, NULL),
(239, 251, 0, 0, NULL, 1, 0, '2017-03-14 10:29:40', 1, NULL, NULL),
(240, 252, 21, 14, NULL, 1, 0, '2017-03-14 10:29:40', 1, '2017-04-05 11:58:11', 1),
(241, 253, 7, 7, NULL, 1, 0, '2017-03-14 10:29:40', 1, '2017-04-05 11:58:11', 1),
(242, 254, 8, 6, NULL, 1, 0, '2017-03-14 10:29:40', 1, '2017-04-05 11:58:11', 1),
(243, 255, 0, 0, NULL, 1, 0, '2017-03-14 10:29:40', 1, NULL, NULL),
(244, 256, 0, 0, NULL, 1, 0, '2017-03-14 10:29:40', 1, NULL, NULL),
(245, 257, 0, 0, NULL, 1, 0, '2017-03-14 10:29:40', 1, '2017-04-05 11:58:11', 1),
(246, 258, 2, 1, NULL, 1, 0, '2017-03-14 10:29:40', 1, '2017-04-05 11:58:11', 1),
(247, 259, 27, 27, NULL, 1, 0, '2017-03-14 10:29:40', 1, '2017-04-05 11:58:11', 1),
(248, 260, 0, 0, NULL, 1, 0, '2017-03-14 10:29:40', 1, NULL, NULL),
(249, 261, 0, 0, NULL, 1, 0, '2017-03-14 10:29:40', 1, NULL, NULL),
(250, 262, 9, 9, NULL, 1, 0, '2017-03-14 10:29:40', 1, '2017-04-05 11:58:11', 1),
(251, 263, 1, 1, NULL, 1, 0, '2017-03-14 10:29:40', 1, '2017-04-05 11:58:11', 1),
(252, 265, 3, 3, NULL, 1, 0, '2017-03-14 10:29:40', 1, '2017-04-05 11:58:11', 1),
(253, 266, 18, 17, NULL, 1, 0, '2017-03-14 10:29:40', 1, '2017-04-05 11:58:11', 1),
(254, 267, 0, 0, NULL, 1, 0, '2017-03-14 10:29:40', 1, NULL, NULL),
(255, 268, 1, 0, NULL, 1, 0, '2017-03-14 10:29:40', 1, '2017-04-05 11:58:11', 1),
(256, 269, 0, 0, NULL, 1, 0, '2017-03-14 10:29:40', 1, NULL, NULL),
(257, 270, 23, 13, NULL, 1, 0, '2017-03-14 10:29:40', 1, '2017-04-05 11:58:11', 1),
(258, 271, 0, 0, NULL, 1, 0, '2017-03-14 10:29:40', 1, NULL, NULL),
(259, 272, 0, 0, NULL, 1, 0, '2017-03-14 10:29:40', 1, NULL, NULL),
(260, 273, 18, 5, NULL, 1, 0, '2017-03-14 10:29:40', 1, '2017-04-05 11:58:11', 1),
(261, 274, 0, 0, NULL, 1, 0, '2017-03-14 10:29:40', 1, NULL, NULL),
(262, 275, 13, 3, NULL, 1, 0, '2017-03-14 10:29:40', 1, '2017-04-05 11:58:11', 1),
(263, 276, 11, 5, NULL, 1, 0, '2017-03-14 10:29:40', 1, '2017-04-05 11:58:11', 1),
(264, 277, 7, 7, NULL, 1, 0, '2017-03-14 10:29:40', 1, '2017-04-05 11:58:11', 1),
(265, 278, 0, 0, NULL, 1, 0, '2017-03-14 10:29:40', 1, NULL, NULL),
(266, 279, 46, 42, NULL, 1, 0, '2017-03-14 10:29:40', 1, '2017-04-05 11:58:11', 1),
(267, 280, 26, 21, NULL, 1, 0, '2017-03-14 10:29:40', 1, '2017-04-05 11:58:11', 1),
(268, 281, 4, 2, NULL, 1, 0, '2017-03-14 10:29:40', 1, '2017-04-05 11:58:11', 1),
(269, 282, 0, 0, NULL, 1, 0, '2017-03-14 10:29:40', 1, NULL, NULL),
(270, 283, 0, 0, NULL, 1, 0, '2017-03-14 10:29:40', 1, NULL, NULL),
(271, 284, 0, 0, NULL, 1, 0, '2017-03-14 10:29:40', 1, NULL, NULL),
(272, 285, 43, 22, NULL, 1, 0, '2017-03-14 10:29:40', 1, '2017-04-05 11:58:11', 1),
(273, 286, 0, 0, NULL, 1, 0, '2017-03-14 10:29:40', 1, NULL, NULL),
(274, 287, 0, 0, NULL, 1, 0, '2017-03-14 10:29:40', 1, NULL, NULL),
(275, 288, 5, 0, NULL, 1, 0, '2017-03-14 10:29:40', 1, '2017-04-05 11:58:11', 1),
(276, 289, 17, 16, NULL, 1, 0, '2017-03-14 10:29:40', 1, '2017-04-05 11:58:11', 1),
(277, 290, 0, 0, NULL, 1, 0, '2017-03-14 10:29:40', 1, NULL, NULL),
(278, 291, 26, 15, NULL, 1, 0, '2017-03-14 10:29:40', 1, '2017-04-05 11:58:11', 1),
(279, 292, 23, 21, NULL, 1, 0, '2017-03-14 10:29:40', 1, '2017-04-05 11:58:11', 1),
(280, 293, 0, 0, NULL, 1, 0, '2017-03-14 10:29:40', 1, NULL, NULL),
(281, 294, 0, 0, NULL, 1, 0, '2017-03-14 10:29:40', 1, NULL, NULL),
(282, 295, 12, 10, NULL, 1, 0, '2017-03-14 10:29:40', 1, '2017-04-05 11:58:11', 1),
(283, 296, 0, 0, NULL, 1, 0, '2017-03-14 10:29:40', 1, NULL, NULL),
(284, 297, 0, 0, NULL, 1, 0, '2017-03-14 10:29:40', 1, NULL, NULL),
(285, 298, 28, 24, NULL, 1, 0, '2017-03-14 10:29:40', 1, '2017-04-05 11:58:11', 1),
(286, 299, 9, 5, NULL, 1, 0, '2017-03-14 10:29:40', 1, '2017-04-05 11:58:11', 1),
(287, 300, 33, 29, NULL, 1, 0, '2017-03-14 10:29:40', 1, '2017-04-05 11:58:11', 1),
(288, 301, 6, 4, NULL, 1, 0, '2017-03-14 10:29:40', 1, '2017-04-05 11:58:11', 1),
(289, 302, 0, 0, NULL, 1, 0, '2017-03-14 10:29:40', 1, NULL, NULL),
(290, 304, 12, 5, NULL, 1, 0, '2017-03-14 10:29:40', 1, '2017-04-05 11:58:11', 1),
(291, 305, 4, 4, NULL, 1, 0, '2017-03-14 10:29:40', 1, '2017-04-05 11:58:11', 1),
(292, 306, 27, 21, NULL, 1, 0, '2017-03-14 10:29:40', 1, '2017-04-05 11:58:11', 1),
(293, 307, 27, 14, NULL, 1, 0, '2017-03-14 10:29:40', 1, '2017-04-05 11:58:11', 1),
(294, 308, 0, 0, NULL, 1, 0, '2017-03-14 10:29:40', 1, NULL, NULL),
(295, 309, 52, 29, NULL, 1, 0, '2017-03-14 10:29:40', 1, '2017-04-05 11:58:11', 1),
(296, 310, 0, 0, NULL, 1, 0, '2017-03-14 10:29:40', 1, NULL, NULL),
(297, 311, 2, 0, NULL, 1, 0, '2017-03-14 10:29:40', 1, '2017-04-05 11:58:11', 1),
(298, 312, 33, 26, NULL, 1, 0, '2017-03-14 10:29:40', 1, '2017-04-05 11:58:11', 1),
(299, 313, 22, 9, NULL, 1, 0, '2017-03-14 10:29:40', 1, '2017-04-05 11:58:11', 1),
(300, 314, 0, 0, NULL, 1, 0, '2017-03-14 10:29:40', 1, NULL, NULL),
(301, 315, 0, 0, NULL, 1, 0, '2017-03-14 10:29:40', 1, NULL, NULL),
(302, 316, 18, 9, NULL, 1, 0, '2017-03-14 10:29:40', 1, '2017-04-05 11:58:11', 1),
(303, 317, 0, 0, NULL, 1, 0, '2017-03-14 10:29:40', 1, NULL, NULL),
(304, 318, 12, 5, NULL, 1, 0, '2017-03-14 10:29:40', 1, '2017-04-05 11:58:11', 1),
(305, 319, 1, 3, NULL, 1, 0, '2017-03-14 10:29:40', 1, '2017-04-05 11:58:11', 1),
(306, 320, 0, 0, NULL, 1, 0, '2017-03-14 10:29:40', 1, NULL, NULL),
(307, 321, 0, 0, NULL, 1, 0, '2017-03-14 10:29:40', 1, NULL, NULL),
(308, 322, 9, 5, NULL, 1, 0, '2017-03-14 10:29:40', 1, '2017-04-05 11:58:11', 1),
(309, 323, 1, 1, NULL, 1, 0, '2017-03-14 10:29:40', 1, '2017-04-05 11:58:11', 1),
(310, 324, 10, 5, NULL, 1, 0, '2017-03-14 10:29:40', 1, '2017-04-05 11:58:11', 1),
(311, 325, 19, 11, NULL, 1, 0, '2017-03-14 10:29:40', 1, '2017-04-05 11:58:11', 1),
(312, 326, 0, 0, NULL, 1, 0, '2017-03-14 10:29:40', 1, NULL, NULL),
(313, 327, 8, 7, NULL, 1, 0, '2017-03-14 10:29:40', 1, '2017-04-05 11:58:11', 1),
(314, 328, 0, 0, NULL, 1, 0, '2017-03-14 10:29:40', 1, NULL, NULL),
(315, 329, 0, 0, NULL, 1, 0, '2017-03-14 10:29:40', 1, NULL, NULL),
(316, 330, 16, 13, NULL, 1, 0, '2017-03-14 10:29:40', 1, '2017-04-05 11:58:11', 1),
(317, 331, 1, 1, NULL, 1, 0, '2017-03-14 10:29:40', 1, '2017-04-05 11:58:11', 1),
(318, 332, 12, 9, NULL, 1, 0, '2017-03-14 10:29:40', 1, '2017-04-05 11:58:11', 1),
(319, 333, 0, 0, NULL, 1, 0, '2017-03-14 10:29:40', 1, NULL, NULL),
(320, 334, 0, 0, NULL, 1, 0, '2017-03-14 10:29:40', 1, NULL, NULL),
(321, 335, 19, 18, NULL, 1, 0, '2017-03-14 10:29:40', 1, '2017-04-05 11:58:11', 1),
(322, 336, 0, 0, NULL, 1, 0, '2017-03-14 10:29:40', 1, NULL, NULL),
(323, 337, 0, 0, NULL, 1, 0, '2017-03-14 10:29:40', 1, NULL, NULL),
(324, 338, 0, 0, NULL, 1, 0, '2017-03-14 10:29:40', 1, NULL, NULL),
(325, 339, 0, 0, NULL, 1, 0, '2017-03-14 10:29:40', 1, NULL, NULL),
(326, 340, 1, 1, NULL, 1, 0, '2017-03-14 10:29:40', 1, '2017-04-05 11:58:11', 1),
(327, 341, 0, 0, NULL, 1, 0, '2017-03-14 10:29:40', 1, NULL, NULL),
(328, 342, 0, 0, NULL, 1, 0, '2017-03-14 10:29:40', 1, NULL, NULL),
(329, 343, 0, 0, NULL, 1, 0, '2017-03-14 10:29:40', 1, NULL, NULL),
(330, 344, 0, 0, NULL, 1, 0, '2017-03-14 10:29:40', 1, NULL, NULL),
(331, 345, 0, 0, NULL, 1, 0, '2017-03-14 10:29:40', 1, NULL, NULL),
(332, 346, 20, 14, NULL, 1, 0, '2017-03-14 10:29:40', 1, '2017-04-05 11:58:11', 1),
(333, 347, 0, 0, NULL, 1, 0, '2017-03-14 10:29:40', 1, NULL, NULL),
(334, 348, 6, 3, NULL, 1, 0, '2017-03-14 10:29:40', 1, '2017-04-05 11:58:11', 1),
(335, 349, 0, 0, NULL, 1, 0, '2017-03-14 10:29:40', 1, NULL, NULL),
(336, 350, 1, 1, NULL, 1, 0, '2017-03-14 10:29:40', 1, '2017-04-05 11:58:11', 1),
(337, 351, 3, 2, NULL, 1, 0, '2017-03-14 10:29:40', 1, '2017-04-05 11:58:11', 1),
(338, 352, 0, 0, NULL, 1, 0, '2017-03-14 10:29:40', 1, NULL, NULL),
(339, 353, 0, 0, NULL, 1, 0, '2017-03-14 10:29:40', 1, NULL, NULL),
(340, 354, 0, 0, NULL, 1, 0, '2017-03-14 10:29:40', 1, NULL, NULL),
(341, 355, 24, 13, NULL, 1, 0, '2017-03-14 10:29:40', 1, '2017-04-05 11:58:11', 1),
(342, 356, 18, 15, NULL, 1, 0, '2017-03-14 10:29:40', 1, '2017-04-05 11:58:11', 1),
(343, 357, 0, 0, NULL, 1, 0, '2017-03-14 10:29:40', 1, NULL, NULL),
(344, 358, 8, 7, NULL, 1, 0, '2017-03-14 10:29:40', 1, '2017-04-05 11:58:11', 1),
(345, 359, 1, 1, NULL, 1, 0, '2017-03-14 10:29:40', 1, '2017-04-05 11:58:11', 1),
(346, 360, 4, 4, NULL, 1, 0, '2017-03-14 10:29:40', 1, '2017-04-05 11:58:11', 1),
(347, 361, 0, 0, NULL, 1, 0, '2017-03-14 10:29:40', 1, NULL, NULL),
(348, 362, 3, 2, NULL, 1, 0, '2017-03-14 10:29:40', 1, '2017-04-05 11:58:11', 1),
(349, 363, 0, 0, NULL, 1, 0, '2017-03-14 10:29:40', 1, NULL, NULL),
(350, 364, 12, 8, NULL, 1, 0, '2017-03-14 10:29:40', 1, '2017-04-05 11:58:11', 1),
(351, 365, 13, 11, NULL, 1, 0, '2017-03-14 10:29:40', 1, '2017-04-05 11:58:11', 1),
(352, 366, 6, 1, NULL, 1, 0, '2017-03-14 10:29:40', 1, '2017-04-05 11:58:11', 1),
(353, 367, 0, 0, NULL, 1, 0, '2017-03-14 10:29:40', 1, NULL, NULL),
(354, 368, 14, 6, NULL, 1, 0, '2017-03-14 10:29:40', 1, '2017-04-05 11:58:11', 1),
(355, 369, 0, 0, NULL, 1, 0, '2017-03-14 10:29:40', 1, NULL, NULL),
(356, 371, 0, 0, NULL, 1, 0, '2017-03-14 10:29:40', 1, NULL, NULL),
(357, 372, 12, 3, NULL, 1, 0, '2017-03-14 10:29:40', 1, '2017-04-05 11:58:11', 1),
(358, 373, 0, 0, NULL, 1, 0, '2017-03-14 10:29:40', 1, NULL, NULL),
(359, 374, 35, 17, NULL, 1, 0, '2017-03-14 10:29:40', 1, '2017-04-05 11:58:11', 1),
(360, 375, 3, 2, NULL, 1, 0, '2017-03-14 10:29:40', 1, '2017-04-05 11:58:11', 1),
(361, 376, 4, 2, NULL, 1, 0, '2017-03-14 10:29:40', 1, '2017-04-05 11:58:11', 1),
(362, 377, 0, 0, NULL, 1, 0, '2017-03-14 10:29:40', 1, NULL, NULL),
(363, 378, 0, 0, NULL, 1, 0, '2017-03-14 10:29:40', 1, NULL, NULL),
(364, 379, 22, 18, NULL, 1, 0, '2017-03-14 10:29:40', 1, '2017-04-05 11:58:11', 1),
(365, 380, 0, 0, NULL, 1, 0, '2017-03-14 10:29:40', 1, NULL, NULL),
(366, 381, 3, 2, NULL, 1, 0, '2017-03-14 10:29:40', 1, '2017-04-05 11:58:11', 1),
(367, 382, 0, 0, NULL, 1, 0, '2017-03-14 10:29:40', 1, NULL, NULL),
(368, 383, 0, 0, NULL, 1, 0, '2017-03-14 10:29:40', 1, NULL, NULL),
(369, 384, 0, 0, NULL, 1, 0, '2017-03-14 10:29:40', 1, NULL, NULL),
(370, 385, 0, 0, NULL, 1, 0, '2017-03-14 10:29:40', 1, NULL, NULL),
(371, 386, 0, 0, NULL, 1, 0, '2017-03-14 10:29:40', 1, NULL, NULL),
(372, 387, 0, 0, NULL, 1, 0, '2017-03-14 10:29:40', 1, NULL, NULL),
(373, 388, 0, 0, NULL, 1, 0, '2017-03-14 10:29:40', 1, NULL, NULL),
(374, 389, 0, 0, NULL, 1, 0, '2017-03-14 10:29:40', 1, NULL, NULL),
(375, 390, 0, 0, NULL, 1, 0, '2017-03-14 10:29:40', 1, NULL, NULL),
(376, 391, 2, 2, NULL, 1, 0, '2017-03-14 10:29:40', 1, '2017-04-05 11:58:11', 1),
(377, 392, 33, 31, NULL, 1, 0, '2017-03-14 10:29:40', 1, '2017-04-05 11:58:11', 1),
(378, 393, 0, -1, NULL, 1, 0, '2017-03-14 10:29:40', 1, '2017-04-05 11:58:11', 1),
(379, 394, 15, 13, NULL, 1, 0, '2017-03-14 10:29:40', 1, '2017-04-05 11:58:11', 1),
(380, 395, 18, 13, NULL, 1, 0, '2017-03-14 10:29:40', 1, '2017-04-05 11:58:11', 1),
(381, 396, 0, 0, NULL, 1, 0, '2017-03-14 10:29:40', 1, NULL, NULL),
(382, 397, 1, 1, NULL, 1, 0, '2017-03-14 10:29:40', 1, '2017-04-05 11:58:11', 1),
(383, 398, 3, 3, NULL, 1, 0, '2017-03-14 10:29:40', 1, '2017-04-05 11:58:11', 1),
(384, 399, 19, 17, NULL, 1, 0, '2017-03-14 10:29:40', 1, '2017-04-05 11:58:11', 1),
(385, 400, 0, 0, NULL, 1, 0, '2017-03-14 10:29:40', 1, NULL, NULL),
(386, 401, 0, 0, NULL, 1, 0, '2017-03-14 10:29:40', 1, NULL, NULL),
(387, 402, 0, 0, NULL, 1, 0, '2017-03-14 10:29:40', 1, NULL, NULL),
(388, 403, 0, 0, NULL, 1, 0, '2017-03-14 10:29:40', 1, NULL, NULL),
(389, 404, 0, 0, NULL, 1, 0, '2017-03-14 10:29:40', 1, NULL, NULL),
(390, 405, 0, 0, NULL, 1, 0, '2017-03-14 10:29:40', 1, NULL, NULL),
(391, 406, 22, 16, NULL, 1, 0, '2017-03-14 10:29:40', 1, '2017-04-05 11:58:11', 1),
(392, 407, 8, 10, NULL, 1, 0, '2017-03-14 10:29:40', 1, '2017-04-05 11:58:11', 1),
(393, 408, 0, 0, NULL, 1, 0, '2017-03-14 10:29:40', 1, NULL, NULL),
(394, 410, 22, 18, NULL, 1, 0, '2017-03-14 10:29:40', 1, '2017-04-05 11:58:11', 1),
(395, 411, 0, 0, NULL, 1, 0, '2017-03-14 10:29:40', 1, NULL, NULL),
(396, 412, 21, 6, NULL, 1, 0, '2017-03-14 10:29:40', 1, '2017-04-05 11:58:11', 1),
(397, 413, 70, 49, NULL, 1, 0, '2017-03-14 10:29:40', 1, '2017-04-05 11:58:11', 1),
(398, 414, 0, 0, NULL, 1, 0, '2017-03-14 10:29:40', 1, NULL, NULL),
(399, 415, 7, 1, NULL, 1, 0, '2017-03-14 10:29:40', 1, '2017-04-05 11:58:11', 1),
(400, 416, 6, 1, NULL, 1, 0, '2017-03-14 10:29:40', 1, '2017-04-05 11:58:11', 1),
(401, 417, 15, 13, NULL, 1, 0, '2017-03-14 10:29:40', 1, '2017-04-05 11:58:11', 1),
(402, 418, 2, 2, NULL, 1, 0, '2017-03-14 10:29:40', 1, '2017-04-05 11:58:11', 1),
(403, 419, 0, 0, NULL, 1, 0, '2017-03-14 10:29:40', 1, NULL, NULL),
(404, 420, 0, 0, NULL, 1, 0, '2017-03-14 10:29:40', 1, NULL, NULL),
(405, 421, 2, 2, NULL, 1, 0, '2017-03-14 10:29:40', 1, '2017-04-05 11:58:11', 1),
(406, 422, 0, 0, NULL, 1, 0, '2017-03-14 10:29:40', 1, NULL, NULL),
(407, 423, 2, 0, NULL, 1, 0, '2017-03-14 10:29:40', 1, '2017-04-05 11:58:11', 1),
(408, 424, 0, 0, NULL, 1, 0, '2017-03-14 10:29:40', 1, NULL, NULL),
(409, 425, 0, 0, NULL, 1, 0, '2017-03-14 10:29:40', 1, NULL, NULL),
(410, 426, 17, 7, NULL, 1, 0, '2017-03-14 10:29:40', 1, '2017-04-05 11:58:11', 1),
(411, 427, 2, 1, NULL, 1, 0, '2017-03-14 10:29:40', 1, '2017-04-05 11:58:11', 1),
(412, 428, 0, 0, NULL, 1, 0, '2017-03-14 10:29:40', 1, NULL, NULL),
(413, 429, 0, 0, NULL, 1, 0, '2017-03-14 10:29:40', 1, NULL, NULL),
(414, 430, 31, 23, NULL, 1, 0, '2017-03-14 10:29:40', 1, '2017-04-05 11:58:11', 1),
(415, 431, 0, 0, NULL, 1, 0, '2017-03-14 10:29:40', 1, NULL, NULL),
(416, 432, 1, 1, NULL, 1, 0, '2017-03-14 10:29:40', 1, '2017-04-05 11:58:11', 1),
(417, 433, 14, 13, NULL, 1, 0, '2017-03-14 10:29:40', 1, '2017-04-05 11:58:11', 1),
(418, 434, 0, 0, NULL, 1, 0, '2017-03-14 10:29:40', 1, NULL, NULL),
(419, 435, 0, 0, NULL, 1, 0, '2017-03-14 10:29:40', 1, NULL, NULL),
(420, 436, 44, 19, NULL, 1, 0, '2017-03-14 10:29:40', 1, '2017-04-05 11:58:11', 1),
(421, 437, 0, 0, NULL, 1, 0, '2017-03-14 10:29:40', 1, NULL, NULL),
(422, 438, 0, 0, NULL, 1, 0, '2017-03-14 10:29:40', 1, NULL, NULL),
(423, 439, 0, 0, NULL, 1, 0, '2017-03-14 10:29:40', 1, NULL, NULL),
(424, 440, 5, 5, NULL, 1, 0, '2017-03-14 10:29:40', 1, '2017-04-05 11:58:11', 1),
(425, 441, 0, 0, NULL, 1, 0, '2017-03-14 10:29:40', 1, NULL, NULL),
(426, 442, 0, 0, NULL, 1, 0, '2017-03-14 10:29:40', 1, NULL, NULL),
(427, 443, 11, 7, NULL, 1, 0, '2017-03-14 10:29:40', 1, '2017-04-05 11:58:11', 1),
(428, 444, 0, 0, NULL, 1, 0, '2017-03-14 10:29:40', 1, NULL, NULL),
(429, 445, 0, 0, NULL, 1, 0, '2017-03-14 10:29:40', 1, NULL, NULL),
(430, 446, 38, 23, NULL, 1, 0, '2017-03-14 10:29:40', 1, '2017-04-05 11:58:11', 1),
(431, 447, 7, 5, NULL, 1, 0, '2017-03-14 10:29:40', 1, '2017-04-05 11:58:11', 1),
(432, 448, 6, 6, NULL, 1, 0, '2017-03-14 10:29:40', 1, '2017-04-05 11:58:11', 1),
(433, 449, 0, 0, NULL, 1, 0, '2017-03-14 10:29:40', 1, NULL, NULL),
(434, 450, 0, 0, NULL, 1, 0, '2017-03-14 10:29:40', 1, NULL, NULL),
(435, 451, 0, 0, NULL, 1, 0, '2017-03-14 10:29:40', 1, NULL, NULL),
(436, 452, 0, 0, NULL, 1, 0, '2017-03-14 10:29:40', 1, NULL, NULL),
(437, 453, 0, 0, NULL, 1, 0, '2017-03-14 10:29:40', 1, NULL, NULL),
(438, 454, 1, 1, NULL, 1, 0, '2017-03-14 10:29:40', 1, '2017-04-05 11:58:11', 1),
(439, 455, 1, 1, NULL, 1, 0, '2017-03-14 10:29:40', 1, '2017-04-05 11:58:11', 1),
(440, 458, 0, 0, NULL, 1, 0, '2017-03-14 10:29:40', 1, NULL, NULL),
(441, 460, 0, 0, NULL, 1, 0, '2017-03-14 10:29:40', 1, NULL, NULL),
(442, 461, 0, 0, NULL, 1, 0, '2017-03-14 10:29:40', 1, NULL, NULL),
(443, 462, 17, 10, NULL, 1, 0, '2017-03-14 10:29:40', 1, '2017-04-05 11:58:11', 1),
(444, 463, 0, 0, NULL, 1, 0, '2017-03-14 10:29:40', 1, NULL, NULL),
(445, 464, 0, 0, NULL, 1, 0, '2017-03-14 10:29:40', 1, NULL, NULL),
(446, 465, 4, 3, NULL, 1, 0, '2017-03-14 10:29:40', 1, '2017-04-05 11:58:11', 1),
(447, 466, 0, 0, NULL, 1, 0, '2017-03-14 10:29:40', 1, NULL, NULL),
(448, 467, 0, 0, NULL, 1, 0, '2017-03-14 10:29:40', 1, NULL, NULL),
(449, 468, 0, 0, NULL, 1, 0, '2017-03-14 10:29:40', 1, NULL, NULL),
(450, 469, 0, 0, NULL, 1, 0, '2017-03-14 10:29:40', 1, NULL, NULL),
(451, 470, 0, 0, NULL, 1, 0, '2017-03-14 10:29:40', 1, NULL, NULL),
(452, 471, 0, 0, NULL, 1, 0, '2017-03-14 10:29:40', 1, NULL, NULL),
(453, 473, 0, 0, NULL, 1, 0, '2017-03-14 10:29:40', 1, NULL, NULL),
(454, 474, 0, 0, NULL, 1, 0, '2017-03-14 10:29:40', 1, NULL, NULL),
(455, 476, 0, 0, NULL, 1, 0, '2017-03-14 10:29:40', 1, NULL, NULL),
(456, 477, 0, 0, NULL, 1, 0, '2017-03-14 10:29:40', 1, NULL, NULL),
(457, 478, 0, 0, NULL, 1, 0, '2017-03-14 10:29:40', 1, NULL, NULL),
(458, 481, 0, 0, NULL, 1, 0, '2017-03-14 10:29:40', 1, NULL, NULL),
(459, 482, 0, 0, NULL, 1, 0, '2017-03-14 10:29:40', 1, NULL, NULL),
(460, 485, 0, 0, NULL, 1, 0, '2017-03-14 10:29:40', 1, NULL, NULL),
(461, 487, 0, 0, NULL, 1, 0, '2017-03-14 10:29:40', 1, NULL, NULL),
(462, 488, 0, 0, NULL, 1, 0, '2017-03-14 10:29:40', 1, NULL, NULL),
(463, 489, 0, 0, NULL, 1, 0, '2017-03-14 10:29:40', 1, NULL, NULL),
(464, 490, 0, 0, NULL, 1, 0, '2017-03-14 10:29:40', 1, NULL, NULL),
(465, 491, 23, 5, NULL, 1, 0, '2017-03-14 10:29:40', 1, '2017-04-05 11:58:11', 1),
(466, 492, 13, 10, NULL, 1, 0, '2017-03-14 10:29:40', 1, '2017-04-05 11:58:11', 1),
(467, 493, 20, 13, NULL, 1, 0, '2017-03-14 10:29:40', 1, '2017-04-05 11:58:11', 1),
(468, 494, 11, 3, NULL, 1, 0, '2017-03-14 10:29:40', 1, '2017-04-05 11:58:11', 1),
(469, 495, 1, 0, NULL, 1, 0, '2017-03-14 10:29:40', 1, '2017-04-05 11:58:11', 1),
(470, 496, 22, 15, NULL, 1, 0, '2017-03-14 10:29:40', 1, '2017-04-05 11:58:11', 1),
(471, 497, 22, 17, NULL, 1, 0, '2017-03-14 10:29:40', 1, '2017-04-05 11:58:11', 1),
(472, 498, 19, 11, NULL, 1, 0, '2017-03-14 10:29:40', 1, '2017-04-05 11:58:11', 1),
(473, 499, 27, 23, NULL, 1, 0, '2017-03-14 10:29:40', 1, '2017-04-05 11:58:11', 1),
(474, 500, 8, 8, NULL, 1, 0, '2017-03-14 10:29:40', 1, '2017-04-05 11:58:11', 1),
(475, 501, 1, 0, NULL, 1, 0, '2017-03-14 10:29:40', 1, '2017-04-05 11:58:11', 1),
(476, 502, 39, 33, NULL, 1, 0, '2017-03-14 10:29:40', 1, '2017-04-05 11:58:11', 1),
(477, 503, 4, 2, NULL, 1, 0, '2017-03-14 10:29:40', 1, '2017-04-05 11:58:11', 1),
(478, 504, 4, 4, NULL, 1, 0, '2017-03-14 10:29:40', 1, '2017-04-05 11:58:11', 1),
(479, 505, 11, 5, NULL, 1, 0, '2017-03-14 10:29:40', 1, '2017-04-05 11:58:11', 1),
(480, 506, 10, 9, NULL, 1, 0, '2017-03-14 10:29:40', 1, '2017-04-05 11:58:11', 1),
(481, 507, 2, 2, NULL, 1, 0, '2017-03-14 10:29:40', 1, '2017-04-05 11:58:11', 1),
(482, 508, 0, 0, NULL, 1, 0, '2017-03-14 10:29:40', 1, NULL, NULL),
(483, 509, 18, 18, NULL, 1, 0, '2017-03-14 10:29:40', 1, '2017-04-05 11:58:11', 1),
(484, 510, 14, 13, NULL, 1, 0, '2017-03-14 10:29:40', 1, '2017-04-05 11:58:11', 1),
(485, 511, 6, 5, NULL, 1, 0, '2017-03-14 10:29:40', 1, '2017-04-05 11:58:11', 1),
(486, 512, 27, 26, NULL, 1, 0, '2017-03-14 10:29:40', 1, '2017-04-05 11:58:11', 1),
(487, 513, 27, 23, NULL, 1, 0, '2017-03-14 10:29:40', 1, '2017-04-05 11:58:11', 1),
(488, 514, 35, 35, NULL, 1, 0, '2017-03-14 10:29:40', 1, '2017-04-05 11:58:11', 1),
(489, 515, 24, 18, NULL, 1, 0, '2017-03-14 10:29:40', 1, '2017-04-05 11:58:11', 1),
(490, 516, 63, 44, NULL, 1, 0, '2017-03-14 10:29:40', 1, '2017-04-05 11:58:11', 1),
(491, 517, 2, 1, NULL, 1, 0, '2017-03-14 10:29:40', 1, '2017-04-05 11:58:11', 1),
(492, 518, 23, 21, NULL, 1, 0, '2017-03-14 10:29:40', 1, '2017-04-05 11:58:11', 1),
(493, 519, 1, 1, NULL, 1, 0, '2017-03-14 10:29:40', 1, '2017-04-05 11:58:11', 1),
(494, 520, 0, 0, NULL, 1, 0, '2017-03-14 10:29:40', 1, NULL, NULL),
(495, 521, 0, 0, NULL, 1, 0, '2017-03-14 10:29:40', 1, NULL, NULL),
(496, 522, 9, 5, NULL, 1, 0, '2017-03-14 10:29:40', 1, '2017-04-05 11:58:11', 1),
(497, 523, 29, 20, NULL, 1, 0, '2017-03-14 10:29:40', 1, '2017-04-05 11:58:11', 1),
(498, 524, 0, 0, NULL, 1, 0, '2017-03-14 10:29:40', 1, NULL, NULL),
(499, 525, 0, 0, NULL, 1, 0, '2017-03-14 10:29:40', 1, NULL, NULL),
(500, 526, 2, 1, NULL, 1, 0, '2017-03-14 10:29:40', 1, '2017-04-05 11:58:11', 1),
(501, 527, 0, 0, NULL, 1, 0, '2017-03-14 10:29:40', 1, NULL, NULL),
(502, 528, 11, 9, NULL, 1, 0, '2017-03-14 10:29:40', 1, '2017-04-05 11:58:11', 1),
(503, 529, 8, 0, NULL, 1, 0, '2017-03-14 10:29:40', 1, '2017-04-05 11:58:11', 1),
(504, 530, -1, -1, NULL, 1, 0, '2017-03-14 10:29:40', 1, '2017-04-05 11:58:11', 1),
(505, 531, 3, 1, NULL, 1, 0, '2017-03-14 10:29:40', 1, '2017-04-05 11:58:11', 1),
(506, 532, 15, 13, NULL, 1, 0, '2017-03-14 10:29:40', 1, '2017-04-05 11:58:11', 1),
(507, 533, 4, 0, NULL, 1, 0, '2017-03-14 10:29:40', 1, '2017-04-05 11:58:11', 1),
(508, 534, 4, 1, NULL, 1, 0, '2017-03-14 10:29:40', 1, '2017-04-05 11:58:11', 1),
(509, 535, 4, 1, NULL, 1, 0, '2017-03-14 10:29:40', 1, '2017-04-05 11:58:11', 1),
(510, 536, 0, 0, NULL, 1, 0, '2017-03-14 10:29:40', 1, NULL, NULL),
(511, 537, 0, 0, NULL, 1, 0, '2017-03-14 10:29:40', 1, NULL, NULL),
(512, 538, 6, 4, NULL, 1, 0, '2017-03-14 10:29:40', 1, '2017-04-05 11:58:11', 1),
(513, 539, 0, 0, NULL, 1, 0, '2017-03-14 10:29:40', 1, NULL, NULL),
(514, 540, 4, 4, NULL, 1, 0, '2017-03-14 10:29:40', 1, '2017-04-05 11:58:11', 1),
(515, 541, 28, 13, NULL, 1, 0, '2017-03-14 10:29:40', 1, '2017-04-05 11:58:11', 1),
(516, 542, 45, 27, NULL, 1, 0, '2017-03-14 10:29:40', 1, '2017-04-05 11:58:11', 1),
(517, 543, 18, 11, NULL, 1, 0, '2017-03-14 10:29:40', 1, '2017-04-05 11:58:11', 1),
(518, 544, 1, 0, NULL, 1, 0, '2017-03-14 10:29:40', 1, '2017-04-05 11:58:11', 1),
(519, 545, 0, 0, NULL, 1, 0, '2017-03-14 10:29:40', 1, NULL, NULL),
(520, 546, 9, 7, NULL, 1, 0, '2017-03-14 10:29:40', 1, '2017-04-05 11:58:11', 1),
(521, 547, 16, 14, NULL, 1, 0, '2017-03-14 10:29:40', 1, '2017-04-05 11:58:11', 1),
(522, 548, 13, 9, NULL, 1, 0, '2017-03-14 10:29:40', 1, '2017-04-05 11:58:11', 1),
(523, 549, 11, 5, NULL, 1, 0, '2017-03-14 10:29:40', 1, '2017-04-05 11:58:11', 1),
(524, 550, 15, 9, NULL, 1, 0, '2017-03-14 10:29:40', 1, '2017-04-05 11:58:11', 1),
(525, 551, 1, 1, NULL, 1, 0, '2017-03-14 10:29:40', 1, '2017-04-05 11:58:11', 1),
(526, 552, 14, 12, NULL, 1, 0, '2017-03-14 10:29:40', 1, '2017-04-05 11:58:11', 1),
(527, 553, 0, 0, NULL, 1, 0, '2017-03-14 10:29:40', 1, NULL, NULL),
(528, 554, 16, 9, NULL, 1, 0, '2017-03-14 10:29:40', 1, '2017-04-05 11:58:11', 1),
(529, 555, 0, 0, NULL, 1, 0, '2017-03-14 10:29:40', 1, NULL, NULL),
(530, 556, 1, 1, NULL, 1, 0, '2017-03-14 10:29:40', 1, '2017-04-05 11:58:11', 1),
(531, 557, 13, 7, NULL, 1, 0, '2017-03-14 10:29:40', 1, '2017-04-05 11:58:11', 1),
(532, 558, 8, 3, NULL, 1, 0, '2017-03-14 10:29:40', 1, '2017-04-05 11:58:11', 1),
(533, 559, 15, 15, NULL, 1, 0, '2017-03-14 10:29:40', 1, '2017-04-05 11:58:11', 1),
(534, 560, 12, 8, NULL, 1, 0, '2017-03-14 10:29:40', 1, '2017-04-05 11:58:11', 1),
(535, 561, 5, 2, NULL, 1, 0, '2017-03-14 10:29:40', 1, '2017-04-05 11:58:11', 1),
(536, 562, 14, 12, NULL, 1, 0, '2017-03-14 10:29:40', 1, '2017-04-05 11:58:11', 1),
(537, 563, 0, 0, NULL, 1, 0, '2017-03-14 10:29:40', 1, '2017-04-05 11:58:11', 1),
(538, 564, 10, 8, NULL, 1, 0, '2017-03-14 10:29:40', 1, '2017-04-05 11:58:11', 1),
(539, 565, 9, 7, NULL, 1, 0, '2017-03-14 10:29:40', 1, '2017-04-05 11:58:11', 1),
(540, 566, 0, 0, NULL, 1, 0, '2017-03-14 10:29:40', 1, NULL, NULL),
(541, 567, 15, 14, NULL, 1, 0, '2017-03-14 10:29:40', 1, '2017-04-05 11:58:11', 1),
(542, 568, 28, 21, NULL, 1, 0, '2017-03-14 10:29:40', 1, '2017-04-05 11:58:11', 1),
(543, 569, 0, 0, NULL, 1, 0, '2017-03-14 10:29:40', 1, NULL, NULL),
(544, 570, 1, 1, NULL, 1, 0, '2017-03-14 10:29:40', 1, '2017-04-05 11:58:11', 1),
(545, 571, 1, 1, NULL, 1, 0, '2017-03-14 10:29:40', 1, '2017-04-05 11:58:11', 1),
(546, 572, 57, 33, NULL, 1, 0, '2017-03-14 10:29:40', 1, '2017-04-05 11:58:11', 1),
(547, 573, 39, 32, NULL, 1, 0, '2017-03-14 10:29:40', 1, '2017-04-05 11:58:11', 1),
(548, 574, 26, 6, NULL, 1, 0, '2017-03-14 10:29:40', 1, '2017-04-05 11:58:11', 1),
(549, 575, 37, 30, NULL, 1, 0, '2017-03-14 10:29:40', 1, '2017-04-05 11:58:11', 1),
(550, 576, 20, 11, NULL, 1, 0, '2017-03-14 10:29:40', 1, '2017-04-05 11:58:11', 1),
(551, 577, 0, 0, NULL, 1, 0, '2017-03-14 10:29:40', 1, NULL, NULL),
(552, 578, 28, 26, NULL, 1, 0, '2017-03-14 10:29:40', 1, '2017-04-05 11:58:11', 1),
(553, 579, 1, 0, NULL, 1, 0, '2017-03-14 10:29:40', 1, '2017-04-05 11:58:11', 1),
(554, 580, 10, 7, NULL, 1, 0, '2017-03-14 10:29:40', 1, '2017-04-05 11:58:11', 1),
(555, 581, 3, 3, NULL, 1, 0, '2017-03-14 10:29:40', 1, '2017-04-05 11:58:11', 1),
(556, 582, 14, 8, NULL, 1, 0, '2017-03-14 10:29:40', 1, '2017-04-05 11:58:11', 1),
(557, 583, 5, 5, NULL, 1, 0, '2017-03-14 10:29:40', 1, '2017-04-05 11:58:11', 1),
(558, 584, 9, 4, NULL, 1, 0, '2017-03-14 10:29:40', 1, '2017-04-05 11:58:11', 1),
(559, 585, 0, 0, NULL, 1, 0, '2017-03-14 10:29:40', 1, '2017-04-05 11:58:11', 1),
(560, 586, 12, 6, NULL, 1, 0, '2017-03-14 10:29:40', 1, '2017-04-05 11:58:11', 1),
(561, 587, 0, 0, NULL, 1, 0, '2017-03-14 10:29:40', 1, NULL, NULL),
(562, 588, 0, 0, NULL, 1, 0, '2017-03-14 10:29:40', 1, NULL, NULL),
(563, 589, 27, 13, NULL, 1, 0, '2017-03-14 10:29:40', 1, '2017-04-05 11:58:11', 1),
(564, 590, 17, 12, NULL, 1, 0, '2017-03-14 10:29:40', 1, '2017-04-05 11:58:11', 1),
(565, 591, 5, 4, NULL, 1, 0, '2017-03-14 10:29:40', 1, '2017-04-05 11:58:11', 1),
(566, 592, 0, 0, NULL, 1, 0, '2017-03-14 10:29:40', 1, NULL, NULL),
(567, 593, 9, 9, NULL, 1, 0, '2017-03-14 10:29:40', 1, '2017-04-05 11:58:11', 1),
(568, 594, 2, 2, NULL, 1, 0, '2017-03-14 10:29:40', 1, '2017-04-05 11:58:11', 1),
(569, 595, 7, 4, NULL, 1, 0, '2017-03-14 10:29:40', 1, '2017-04-05 11:58:11', 1),
(570, 596, 27, 18, NULL, 1, 0, '2017-03-14 10:29:40', 1, '2017-04-05 11:58:11', 1),
(571, 597, 14, 10, NULL, 1, 0, '2017-03-14 10:29:40', 1, '2017-04-05 11:58:11', 1),
(572, 598, 35, 28, NULL, 1, 0, '2017-03-14 10:29:40', 1, '2017-04-05 11:58:11', 1),
(573, 599, 12, 9, NULL, 1, 0, '2017-03-14 10:29:40', 1, '2017-04-05 11:58:11', 1),
(574, 600, 0, 0, NULL, 1, 0, '2017-03-14 10:29:40', 1, NULL, NULL),
(575, 601, 0, 0, NULL, 1, 0, '2017-03-14 10:29:40', 1, NULL, NULL),
(576, 602, 9, 1, NULL, 1, 0, '2017-03-14 10:29:40', 1, '2017-04-05 11:58:11', 1),
(577, 603, 10, 7, NULL, 1, 0, '2017-03-14 10:29:40', 1, '2017-04-05 11:58:11', 1),
(578, 604, 7, 5, NULL, 1, 0, '2017-03-14 10:29:40', 1, '2017-04-05 11:58:11', 1),
(579, 605, 0, 0, NULL, 1, 0, '2017-03-14 10:29:40', 1, NULL, NULL),
(580, 606, 0, 0, NULL, 1, 0, '2017-03-14 10:29:40', 1, NULL, NULL),
(581, 607, 6, 0, NULL, 1, 0, '2017-03-14 10:29:40', 1, '2017-04-05 11:58:11', 1),
(582, 608, 6, 5, NULL, 1, 0, '2017-03-14 10:29:40', 1, '2017-04-05 11:58:11', 1),
(583, 609, 0, 0, NULL, 1, 0, '2017-03-14 10:29:40', 1, NULL, NULL),
(584, 610, 4, 4, NULL, 1, 0, '2017-03-14 10:29:40', 1, '2017-04-05 11:58:11', 1),
(585, 611, 0, 0, NULL, 1, 0, '2017-03-14 10:29:40', 1, NULL, NULL),
(586, 612, 1, 1, NULL, 1, 0, '2017-03-14 10:29:40', 1, '2017-04-05 11:58:11', 1),
(587, 613, 11, 11, NULL, 1, 0, '2017-03-14 10:29:40', 1, '2017-04-05 11:58:11', 1),
(588, 614, 32, 31, NULL, 1, 0, '2017-03-14 10:29:40', 1, '2017-04-05 11:58:11', 1),
(589, 615, 0, 0, NULL, 1, 0, '2017-03-14 10:29:40', 1, NULL, NULL),
(590, 616, 0, 0, NULL, 1, 0, '2017-03-14 10:29:40', 1, NULL, NULL),
(591, 617, 36, 35, NULL, 1, 0, '2017-03-14 10:29:40', 1, '2017-04-05 11:58:11', 1),
(592, 618, 21, 20, NULL, 1, 0, '2017-03-14 10:29:40', 1, '2017-04-05 11:58:11', 1),
(593, 619, 0, 0, NULL, 1, 0, '2017-03-14 10:29:40', 1, NULL, NULL),
(594, 620, 6, 4, NULL, 1, 0, '2017-03-14 10:29:40', 1, '2017-04-05 11:58:11', 1),
(595, 621, 23, 21, NULL, 1, 0, '2017-03-14 10:29:40', 1, '2017-04-05 11:58:11', 1),
(596, 622, 11, 11, NULL, 1, 0, '2017-03-14 10:29:40', 1, '2017-04-05 11:58:11', 1),
(597, 623, 0, 0, NULL, 1, 0, '2017-03-14 10:29:40', 1, NULL, NULL),
(598, 624, 11, 5, NULL, 1, 0, '2017-03-14 10:29:40', 1, '2017-04-05 11:58:11', 1),
(599, 625, 0, 0, NULL, 1, 0, '2017-03-14 10:29:40', 1, NULL, NULL),
(600, 626, 0, 0, NULL, 1, 0, '2017-03-14 10:29:40', 1, NULL, NULL),
(601, 627, 1, 1, NULL, 1, 0, '2017-03-14 10:29:40', 1, '2017-04-05 11:58:11', 1),
(602, 628, 15, 15, NULL, 1, 0, '2017-03-14 10:29:40', 1, '2017-04-05 11:58:11', 1),
(603, 629, 0, 0, NULL, 1, 0, '2017-03-14 10:29:40', 1, NULL, NULL),
(604, 630, 0, 0, NULL, 1, 0, '2017-03-14 10:29:40', 1, NULL, NULL),
(605, 631, 0, 0, NULL, 1, 0, '2017-03-14 10:29:40', 1, NULL, NULL),
(606, 632, 0, 0, NULL, 1, 0, '2017-03-14 10:29:40', 1, NULL, NULL),
(607, 633, 0, 0, NULL, 1, 0, '2017-03-14 10:29:40', 1, NULL, NULL),
(608, 634, 0, 0, NULL, 1, 0, '2017-03-14 10:29:40', 1, NULL, NULL),
(609, 635, 0, 0, NULL, 1, 0, '2017-03-14 10:29:40', 1, NULL, NULL),
(610, 636, 1, 1, NULL, 1, 0, '2017-03-14 10:29:40', 1, '2017-04-05 11:58:11', 1),
(611, 637, 12, 12, NULL, 1, 0, '2017-03-14 10:29:40', 1, '2017-04-05 11:58:11', 1),
(612, 639, 0, 0, NULL, 1, 0, '2017-03-14 10:29:40', 1, NULL, NULL),
(613, 640, 0, 0, NULL, 1, 0, '2017-03-14 10:29:40', 1, NULL, NULL),
(614, 641, 1, 1, NULL, 1, 0, '2017-03-14 10:29:40', 1, '2017-04-05 11:58:11', 1),
(615, 642, 2, 2, NULL, 1, 0, '2017-03-14 10:29:40', 1, '2017-04-05 11:58:11', 1),
(616, 643, 2, 2, NULL, 1, 0, '2017-03-14 10:29:40', 1, '2017-04-05 11:58:11', 1),
(617, 644, 1, 1, NULL, 1, 0, '2017-03-14 10:29:40', 1, '2017-04-05 11:58:11', 1),
(618, 645, 0, 0, NULL, 1, 0, '2017-03-14 10:29:40', 1, NULL, NULL),
(619, 646, 0, 0, NULL, 1, 0, '2017-03-14 10:29:40', 1, NULL, NULL),
(620, 647, 0, 0, NULL, 1, 0, '2017-03-14 10:29:40', 1, NULL, NULL),
(621, 648, 0, 0, NULL, 1, 0, '2017-03-14 10:29:40', 1, NULL, NULL),
(622, 649, 0, 0, NULL, 1, 0, '2017-03-14 10:29:40', 1, NULL, NULL),
(623, 650, 0, 0, NULL, 1, 0, '2017-03-14 10:29:40', 1, NULL, NULL),
(624, 651, 0, 0, NULL, 1, 0, '2017-03-14 10:29:40', 1, NULL, NULL),
(625, 652, 0, 0, NULL, 1, 0, '2017-03-14 10:29:40', 1, NULL, NULL),
(626, 653, 10, 10, NULL, 1, 0, '2017-03-14 10:29:40', 1, '2017-04-05 11:58:11', 1),
(627, 654, 0, 0, NULL, 1, 0, '2017-03-14 10:29:40', 1, NULL, NULL),
(628, 655, 0, 0, NULL, 1, 0, '2017-04-05 11:57:44', 1, NULL, NULL),
(629, 656, 0, 0, NULL, 1, 0, '2017-04-05 11:57:44', 1, NULL, NULL),
(630, 657, 0, 0, NULL, 1, 0, '2017-04-05 11:57:44', 1, NULL, NULL),
(631, 658, -1, -1, NULL, 1, 0, '2017-04-05 11:57:44', 1, '2017-04-05 11:58:11', 1);

-- --------------------------------------------------------

--
-- Table structure for table `post`
--

CREATE TABLE `post` (
  `id` int(10) UNSIGNED NOT NULL,
  `title` varchar(255) COLLATE utf8_unicode_ci NOT NULL,
  `content` text COLLATE utf8_unicode_ci NOT NULL,
  `composer` varchar(255) COLLATE utf8_unicode_ci NOT NULL,
  `status` int(1) UNSIGNED NOT NULL DEFAULT '1',
  `deleted` int(1) UNSIGNED NOT NULL DEFAULT '0',
  `created_date` datetime NOT NULL DEFAULT CURRENT_TIMESTAMP
) ENGINE=MyISAM DEFAULT CHARSET=utf8 COLLATE=utf8_unicode_ci;

--
-- Dumping data for table `post`
--

INSERT INTO `post` (`id`, `title`, `content`, `composer`, `status`, `deleted`, `created_date`) VALUES
(1, 'Test', '<h1>header</h1>\n\n<p>Text</p>', 'Anonymous', 1, 0, '2017-04-02 18:42:16');

-- --------------------------------------------------------

--
-- Table structure for table `role`
--

CREATE TABLE `role` (
  `id` int(10) UNSIGNED NOT NULL,
  `name` varchar(100) COLLATE utf8_unicode_ci NOT NULL,
  `description` text COLLATE utf8_unicode_ci,
  `status` int(1) UNSIGNED NOT NULL DEFAULT '1',
  `deleted` int(1) UNSIGNED NOT NULL DEFAULT '0',
  `created_date` datetime NOT NULL DEFAULT CURRENT_TIMESTAMP,
  `created_by` int(10) UNSIGNED NOT NULL DEFAULT '1',
  `modified_date` datetime DEFAULT NULL,
  `modified_by` int(11) DEFAULT NULL
) ENGINE=MyISAM DEFAULT CHARSET=utf8 COLLATE=utf8_unicode_ci;

--
-- Dumping data for table `role`
--

INSERT INTO `role` (`id`, `name`, `description`, `status`, `deleted`, `created_date`, `created_by`, `modified_date`, `modified_by`) VALUES
(1, 'Member', NULL, 1, 0, '2017-01-16 15:56:54', 1, NULL, NULL),
(2, 'Super Administrator', NULL, 1, 0, '2017-01-16 15:57:09', 1, NULL, NULL);

-- --------------------------------------------------------

--
-- Table structure for table `score_table`
--

CREATE TABLE `score_table` (
  `id` int(10) UNSIGNED NOT NULL,
  `place` int(3) UNSIGNED NOT NULL,
  `club_id` int(10) UNSIGNED NOT NULL,
  `played` int(3) UNSIGNED NOT NULL,
  `win` int(3) UNSIGNED NOT NULL,
  `draw` int(3) UNSIGNED NOT NULL,
  `lose` int(3) UNSIGNED NOT NULL,
  `goal_for` int(3) UNSIGNED NOT NULL,
  `goal_against` int(3) UNSIGNED NOT NULL,
  `goal_difference` int(3) NOT NULL,
  `point` int(3) NOT NULL,
  `season_id` int(10) UNSIGNED NOT NULL,
  `tournament_id` int(10) UNSIGNED NOT NULL,
  `description` text COLLATE utf8_unicode_ci,
  `status` int(1) UNSIGNED NOT NULL DEFAULT '1',
  `deleted` int(1) UNSIGNED NOT NULL DEFAULT '0',
  `created_date` datetime NOT NULL DEFAULT CURRENT_TIMESTAMP,
  `created_by` int(10) UNSIGNED NOT NULL DEFAULT '1',
  `modified_date` datetime DEFAULT NULL,
  `modified_by` int(11) DEFAULT NULL
) ENGINE=MyISAM DEFAULT CHARSET=utf8 COLLATE=utf8_unicode_ci;

--
-- Dumping data for table `score_table`
--

INSERT INTO `score_table` (`id`, `place`, `club_id`, `played`, `win`, `draw`, `lose`, `goal_for`, `goal_against`, `goal_difference`, `point`, `season_id`, `tournament_id`, `description`, `status`, `deleted`, `created_date`, `created_by`, `modified_date`, `modified_by`) VALUES
(55, 1, 1, 6, 6, 0, 0, 14, 0, 14, 18, 1, 1, NULL, 1, 0, '2017-03-15 10:54:58', 1, NULL, NULL),
(56, 2, 7, 6, 5, 1, 0, 16, 4, 12, 16, 1, 1, NULL, 1, 0, '2017-03-15 10:54:58', 1, NULL, NULL),
(57, 3, 4, 6, 4, 2, 0, 15, 4, 11, 14, 1, 1, NULL, 1, 0, '2017-03-15 10:54:58', 1, NULL, NULL),
(58, 4, 17, 6, 4, 1, 1, 16, 9, 7, 13, 1, 1, NULL, 1, 0, '2017-03-15 10:54:58', 1, NULL, NULL),
(59, 5, 3, 6, 3, 2, 1, 13, 9, 4, 11, 1, 1, NULL, 1, 0, '2017-03-15 10:54:58', 1, NULL, NULL),
(60, 6, 9, 6, 3, 1, 2, 6, 4, 2, 10, 1, 1, NULL, 1, 0, '2017-03-15 10:54:58', 1, NULL, NULL),
(61, 7, 6, 6, 2, 2, 2, 9, 9, 0, 8, 1, 1, NULL, 1, 0, '2017-03-15 10:54:58', 1, NULL, NULL),
(62, 8, 5, 6, 2, 2, 2, 8, 9, -1, 8, 1, 1, NULL, 1, 0, '2017-03-15 10:54:58', 1, NULL, NULL),
(63, 9, 18, 6, 2, 2, 2, 8, 14, -6, 8, 1, 1, NULL, 1, 0, '2017-03-15 10:54:58', 1, NULL, NULL),
(64, 10, 2, 6, 2, 1, 3, 12, 12, 0, 7, 1, 1, NULL, 1, 0, '2017-03-15 10:54:58', 1, NULL, NULL),
(65, 11, 10, 6, 2, 1, 3, 9, 11, -2, 7, 1, 1, NULL, 1, 0, '2017-03-15 10:54:58', 1, NULL, NULL),
(66, 12, 12, 6, 2, 1, 3, 7, 11, -4, 7, 1, 1, NULL, 1, 0, '2017-03-15 10:54:58', 1, NULL, NULL),
(67, 13, 15, 6, 2, 0, 4, 7, 9, -2, 6, 1, 1, NULL, 1, 0, '2017-03-15 10:54:58', 1, NULL, NULL),
(68, 14, 16, 6, 2, 0, 4, 9, 12, -3, 6, 1, 1, NULL, 1, 0, '2017-03-15 10:54:58', 1, NULL, NULL),
(69, 15, 11, 6, 1, 3, 2, 4, 9, -5, 6, 1, 1, NULL, 1, 0, '2017-03-15 10:54:58', 1, NULL, NULL),
(70, 16, 8, 6, 1, 0, 5, 8, 12, -4, 3, 1, 1, NULL, 1, 0, '2017-03-15 10:54:58', 1, NULL, NULL),
(71, 17, 13, 6, 1, 0, 5, 5, 15, -10, 3, 1, 1, NULL, 1, 0, '2017-03-15 10:54:58', 1, NULL, NULL),
(72, 18, 14, 6, 0, 1, 5, 4, 17, -13, 1, 1, 1, NULL, 1, 0, '2017-03-15 10:54:58', 1, NULL, NULL);

-- --------------------------------------------------------

--
-- Table structure for table `season`
--

CREATE TABLE `season` (
  `id` int(10) UNSIGNED NOT NULL,
  `name` varchar(100) COLLATE utf8_unicode_ci NOT NULL,
  `start_date` date DEFAULT NULL,
  `end_date` date DEFAULT NULL,
  `description` text COLLATE utf8_unicode_ci,
  `status` int(1) UNSIGNED NOT NULL DEFAULT '1',
  `deleted` int(1) UNSIGNED NOT NULL DEFAULT '0',
  `created_date` datetime NOT NULL DEFAULT CURRENT_TIMESTAMP,
  `created_by` int(10) UNSIGNED NOT NULL DEFAULT '1',
  `modified_date` datetime DEFAULT NULL,
  `modified_by` int(11) DEFAULT NULL
) ENGINE=MyISAM DEFAULT CHARSET=utf8 COLLATE=utf8_unicode_ci;

--
-- Dumping data for table `season`
--

INSERT INTO `season` (`id`, `name`, `start_date`, `end_date`, `description`, `status`, `deleted`, `created_date`, `created_by`, `modified_date`, `modified_by`) VALUES
(1, '2017', '2017-01-01', '2017-12-31', NULL, 1, 0, '2017-01-16 15:41:17', 1, NULL, NULL);

-- --------------------------------------------------------

--
-- Table structure for table `stadium`
--

CREATE TABLE `stadium` (
  `id` int(10) UNSIGNED NOT NULL,
  `name_th` varchar(100) COLLATE utf8_unicode_ci NOT NULL,
  `name_en` varchar(100) COLLATE utf8_unicode_ci DEFAULT NULL,
  `capacity` int(10) UNSIGNED NOT NULL DEFAULT '0',
  `image` varchar(300) COLLATE utf8_unicode_ci DEFAULT NULL,
  `latitude` double DEFAULT NULL,
  `longitude` double DEFAULT NULL,
  `description` text COLLATE utf8_unicode_ci,
  `status` int(1) UNSIGNED NOT NULL DEFAULT '1',
  `deleted` int(1) UNSIGNED NOT NULL DEFAULT '0',
  `created_date` datetime NOT NULL DEFAULT CURRENT_TIMESTAMP,
  `created_by` int(10) UNSIGNED NOT NULL DEFAULT '1',
  `modified_date` datetime DEFAULT NULL,
  `modified_by` int(11) DEFAULT NULL
) ENGINE=MyISAM DEFAULT CHARSET=utf8 COLLATE=utf8_unicode_ci;

--
-- Dumping data for table `stadium`
--

INSERT INTO `stadium` (`id`, `name_th`, `name_en`, `capacity`, `image`, `latitude`, `longitude`, `description`, `status`, `deleted`, `created_date`, `created_by`, `modified_date`, `modified_by`) VALUES
(1, 'แพท สเตเดียม', NULL, 12308, NULL, NULL, NULL, NULL, 1, 0, '2017-02-10 09:47:44', 1, NULL, NULL),
(2, 'ชลบุรี สเตเดียม', NULL, 8500, NULL, NULL, NULL, NULL, 1, 0, '2017-02-10 09:47:44', 1, NULL, NULL),
(3, 'โลโซ-ดี สเตเดียม', NULL, 5000, NULL, NULL, NULL, NULL, 1, 0, '2017-02-10 09:47:44', 1, NULL, NULL),
(4, 'ธรรมศาสตร์ รังสิต', NULL, 25000, NULL, NULL, NULL, NULL, 1, 0, '2017-02-10 09:47:44', 1, NULL, NULL),
(5, 'เฉลิมพระเกียรติ 72 พรรษา', NULL, 8000, NULL, NULL, NULL, NULL, 1, 0, '2017-02-10 09:47:45', 1, NULL, NULL),
(6, 'เฉลิมพระเกียรติ 80 พรรษา', NULL, 25000, NULL, NULL, NULL, NULL, 1, 0, '2017-02-10 09:47:45', 1, NULL, NULL),
(7, 'ลีโอ สเตเดียม', NULL, 13000, NULL, NULL, NULL, NULL, 1, 0, '2017-02-10 09:47:45', 1, NULL, NULL),
(8, 'นิว ไอโมบาย สเตเดียม', NULL, 32600, NULL, NULL, NULL, NULL, 1, 0, '2017-02-10 09:47:45', 1, NULL, NULL),
(9, 'บุณยะจินดา', NULL, 5000, NULL, NULL, NULL, NULL, 1, 0, '2017-02-10 09:47:45', 1, NULL, NULL),
(10, 'ดอลฟิน สเตเดียม', NULL, 5000, NULL, NULL, NULL, NULL, 1, 0, '2017-02-10 09:47:45', 1, NULL, NULL),
(11, 'กองทัพเรือ กม. 5', NULL, 5000, NULL, NULL, NULL, NULL, 1, 0, '2017-02-10 09:47:45', 1, NULL, NULL),
(12, 'มิตรผล สเตเดียม', NULL, 12000, NULL, NULL, NULL, NULL, 1, 0, '2017-02-10 09:47:45', 1, NULL, NULL),
(13, 'ศรีนครลำดวน', NULL, 10000, NULL, NULL, NULL, NULL, 1, 0, '2017-02-10 09:47:45', 1, NULL, NULL),
(14, 'สิงห์ สเตเดี้ยม', NULL, 12000, NULL, NULL, NULL, NULL, 1, 0, '2017-02-10 09:47:45', 1, NULL, NULL),
(15, 'กีฬากลางจังหวัดสุพรรณบุรี', NULL, 25000, NULL, NULL, NULL, NULL, 1, 0, '2017-02-10 09:47:45', 1, NULL, NULL),
(16, 'ทุ่งทะเลหลวง', NULL, 8000, NULL, NULL, NULL, NULL, 1, 0, '2017-02-10 09:47:45', 1, NULL, NULL),
(17, 'ยูเอ็มที สเตเดียม', NULL, 6000, NULL, NULL, NULL, NULL, 1, 0, '2017-02-10 09:47:45', 1, NULL, NULL),
(18, 'เอสซีจี สเตเดียม', NULL, 15000, NULL, NULL, NULL, NULL, 1, 0, '2017-02-10 09:47:45', 1, NULL, NULL);

-- --------------------------------------------------------

--
-- Table structure for table `tournament`
--

CREATE TABLE `tournament` (
  `id` int(10) UNSIGNED NOT NULL,
  `name_th` varchar(100) COLLATE utf8_unicode_ci NOT NULL,
  `name_en` varchar(100) COLLATE utf8_unicode_ci NOT NULL,
  `image` varchar(300) COLLATE utf8_unicode_ci DEFAULT NULL,
  `description` text COLLATE utf8_unicode_ci,
  `status` int(1) UNSIGNED NOT NULL DEFAULT '1',
  `deleted` int(1) UNSIGNED NOT NULL DEFAULT '0',
  `created_date` datetime NOT NULL DEFAULT CURRENT_TIMESTAMP,
  `created_by` int(10) UNSIGNED NOT NULL DEFAULT '1',
  `modified_date` datetime DEFAULT NULL,
  `modified_by` int(11) DEFAULT NULL
) ENGINE=MyISAM DEFAULT CHARSET=utf8 COLLATE=utf8_unicode_ci;

--
-- Dumping data for table `tournament`
--

INSERT INTO `tournament` (`id`, `name_th`, `name_en`, `image`, `description`, `status`, `deleted`, `created_date`, `created_by`, `modified_date`, `modified_by`) VALUES
(1, 'ไทยลีก 1', 'Thai League 1', NULL, NULL, 1, 0, '2017-01-16 15:43:20', 1, NULL, NULL);

-- --------------------------------------------------------

--
-- Table structure for table `user`
--

CREATE TABLE `user` (
  `id` int(10) UNSIGNED NOT NULL,
  `role_id` int(10) UNSIGNED NOT NULL DEFAULT '1',
  `email` varchar(100) COLLATE utf8_unicode_ci NOT NULL,
  `username` varchar(100) COLLATE utf8_unicode_ci NOT NULL,
  `password` varchar(100) COLLATE utf8_unicode_ci NOT NULL,
  `minus_point` int(10) UNSIGNED NOT NULL DEFAULT '0',
  `description` text COLLATE utf8_unicode_ci,
  `status` int(1) UNSIGNED NOT NULL DEFAULT '1',
  `deleted` int(1) UNSIGNED NOT NULL DEFAULT '0',
  `created_date` datetime NOT NULL DEFAULT CURRENT_TIMESTAMP,
  `created_by` int(10) UNSIGNED NOT NULL DEFAULT '1',
  `modified_date` datetime DEFAULT NULL,
  `modified_by` int(11) DEFAULT NULL
) ENGINE=MyISAM DEFAULT CHARSET=utf8 COLLATE=utf8_unicode_ci ROW_FORMAT=COMPACT;

--
-- Dumping data for table `user`
--

INSERT INTO `user` (`id`, `role_id`, `email`, `username`, `password`, `minus_point`, `description`, `status`, `deleted`, `created_date`, `created_by`, `modified_date`, `modified_by`) VALUES
(1, 2, 'piyawach.p@hotmail.com', 'xiaolinforce', 'd0013670c0fc33e803fb5725c5ca7fa3fa627824', 0, NULL, 1, 0, '2017-02-07 09:25:41', 1, NULL, NULL),
(2, 1, 'test@hotmail.com', 'iAmMessi', '7c4a8d09ca3762af61e59520943dc26494f8941b', 0, NULL, 1, 0, '2017-03-30 08:58:27', 1, NULL, NULL),
(3, 1, 'test2@hotmail.com', 'iAmRonaldo', 'd424f4bc27539cab9b96975f3efd2ddddb413389', 0, NULL, 1, 0, '2017-04-01 11:28:08', 1, NULL, NULL);

-- --------------------------------------------------------

--
-- Table structure for table `user_group`
--

CREATE TABLE `user_group` (
  `id` int(10) UNSIGNED NOT NULL,
  `name` varchar(100) COLLATE utf8_unicode_ci NOT NULL,
  `owner_user_id` int(10) UNSIGNED NOT NULL,
  `password` varchar(255) COLLATE utf8_unicode_ci NOT NULL,
  `start_week_id` int(10) UNSIGNED NOT NULL,
  `description` text COLLATE utf8_unicode_ci,
  `status` int(1) UNSIGNED NOT NULL DEFAULT '1',
  `deleted` int(1) UNSIGNED NOT NULL DEFAULT '0',
  `created_date` datetime NOT NULL DEFAULT CURRENT_TIMESTAMP,
  `created_by` int(10) UNSIGNED NOT NULL DEFAULT '1',
  `modified_date` datetime DEFAULT NULL,
  `modified_by` int(11) DEFAULT NULL
) ENGINE=MyISAM DEFAULT CHARSET=utf8 COLLATE=utf8_unicode_ci;

-- --------------------------------------------------------

--
-- Table structure for table `user_group_member`
--

CREATE TABLE `user_group_member` (
  `id` int(10) UNSIGNED NOT NULL,
  `user_group_id` int(10) UNSIGNED NOT NULL,
  `user_id` int(10) UNSIGNED NOT NULL,
  `place` int(3) UNSIGNED NOT NULL DEFAULT '0',
  `total_point` int(11) NOT NULL DEFAULT '0',
  `latest_week_point` int(11) NOT NULL DEFAULT '0',
  `description` text COLLATE utf8_unicode_ci,
  `status` int(1) UNSIGNED NOT NULL DEFAULT '1',
  `deleted` int(1) UNSIGNED NOT NULL DEFAULT '0',
  `created_date` datetime NOT NULL DEFAULT CURRENT_TIMESTAMP,
  `created_by` int(10) UNSIGNED NOT NULL DEFAULT '1',
  `modified_date` datetime DEFAULT NULL,
  `modified_by` int(11) DEFAULT NULL
) ENGINE=MyISAM DEFAULT CHARSET=utf8 COLLATE=utf8_unicode_ci;

-- --------------------------------------------------------

--
-- Table structure for table `user_minus_point`
--

CREATE TABLE `user_minus_point` (
  `id` int(10) UNSIGNED NOT NULL,
  `user_id` int(10) UNSIGNED NOT NULL,
  `week_id` int(10) UNSIGNED NOT NULL,
  `minus_point` int(10) UNSIGNED NOT NULL,
  `description` text COLLATE utf8_unicode_ci,
  `status` int(1) UNSIGNED NOT NULL DEFAULT '1',
  `deleted` int(1) UNSIGNED NOT NULL DEFAULT '0',
  `created_date` datetime NOT NULL DEFAULT CURRENT_TIMESTAMP,
  `created_by` int(10) UNSIGNED NOT NULL DEFAULT '1',
  `modified_date` datetime DEFAULT NULL,
  `modified_by` int(11) DEFAULT NULL
) ENGINE=MyISAM DEFAULT CHARSET=utf8 COLLATE=utf8_unicode_ci;

-- --------------------------------------------------------

--
-- Table structure for table `user_move_quota`
--

CREATE TABLE `user_move_quota` (
  `id` int(10) UNSIGNED NOT NULL,
  `user_id` int(10) UNSIGNED NOT NULL,
  `week_move_left` int(2) UNSIGNED NOT NULL DEFAULT '2',
  `reset_move_left` int(2) UNSIGNED NOT NULL DEFAULT '2',
  `description` text COLLATE utf8_unicode_ci,
  `status` int(1) UNSIGNED NOT NULL DEFAULT '1',
  `deleted` int(1) UNSIGNED NOT NULL DEFAULT '0',
  `created_date` datetime NOT NULL DEFAULT CURRENT_TIMESTAMP,
  `created_by` int(10) UNSIGNED NOT NULL DEFAULT '1',
  `modified_date` datetime DEFAULT NULL,
  `modified_by` int(11) DEFAULT NULL
) ENGINE=MyISAM DEFAULT CHARSET=utf8 COLLATE=utf8_unicode_ci ROW_FORMAT=COMPACT;

--
-- Dumping data for table `user_move_quota`
--

INSERT INTO `user_move_quota` (`id`, `user_id`, `week_move_left`, `reset_move_left`, `description`, `status`, `deleted`, `created_date`, `created_by`, `modified_date`, `modified_by`) VALUES
(1, 1, 2, 2, NULL, 1, 0, '2017-02-07 09:25:41', 1, '2017-04-05 11:58:48', 1),
(2, 2, 15, 2, NULL, 1, 0, '2017-03-30 08:58:27', 1, NULL, NULL),
(3, 3, 15, 2, NULL, 1, 0, '2017-04-01 11:28:08', 1, NULL, NULL);

-- --------------------------------------------------------

--
-- Table structure for table `user_my_team`
--

CREATE TABLE `user_my_team` (
  `id` int(10) UNSIGNED NOT NULL,
  `user_id` int(10) UNSIGNED NOT NULL,
  `player_id` int(10) UNSIGNED NOT NULL,
  `description` text COLLATE utf8_unicode_ci,
  `status` int(1) UNSIGNED NOT NULL DEFAULT '1',
  `deleted` int(1) UNSIGNED NOT NULL DEFAULT '0',
  `created_date` datetime NOT NULL DEFAULT CURRENT_TIMESTAMP,
  `created_by` int(10) UNSIGNED NOT NULL DEFAULT '1',
  `modified_date` datetime DEFAULT NULL,
  `modified_by` int(11) DEFAULT NULL
) ENGINE=MyISAM DEFAULT CHARSET=utf8 COLLATE=utf8_unicode_ci;

--
-- Dumping data for table `user_my_team`
--

INSERT INTO `user_my_team` (`id`, `user_id`, `player_id`, `description`, `status`, `deleted`, `created_date`, `created_by`, `modified_date`, `modified_by`) VALUES
(1, 1, 163, NULL, 1, 0, '2017-03-29 18:14:15', 1, NULL, NULL),
(2, 1, 22, NULL, 1, 0, '2017-03-29 18:14:15', 1, NULL, NULL),
(3, 1, 325, NULL, 1, 0, '2017-03-29 18:14:15', 1, NULL, NULL),
(4, 1, 430, NULL, 1, 0, '2017-03-29 18:14:15', 1, NULL, NULL),
(5, 1, 41, NULL, 1, 0, '2017-03-29 18:14:15', 1, NULL, NULL),
(6, 1, 36, NULL, 1, 0, '2017-03-29 18:14:15', 1, NULL, NULL),
(7, 1, 98, NULL, 1, 0, '2017-03-29 18:14:15', 1, NULL, NULL),
(8, 1, 312, NULL, 1, 0, '2017-03-29 18:14:15', 1, NULL, NULL),
(9, 1, 614, NULL, 1, 0, '2017-03-29 18:14:15', 1, NULL, NULL),
(10, 1, 134, NULL, 1, 0, '2017-03-29 18:14:15', 1, NULL, NULL),
(11, 1, 502, NULL, 1, 0, '2017-03-29 18:14:15', 1, NULL, NULL),
(12, 1, 231, NULL, 1, 0, '2017-03-29 18:14:15', 1, NULL, NULL),
(13, 1, 45, NULL, 1, 0, '2017-03-29 18:14:15', 1, NULL, NULL),
(14, 1, 306, NULL, 1, 0, '2017-03-29 18:14:15', 1, NULL, NULL),
(15, 1, 279, NULL, 1, 0, '2017-03-29 18:14:15', 1, NULL, NULL);

-- --------------------------------------------------------

--
-- Table structure for table `user_my_xi`
--

CREATE TABLE `user_my_xi` (
  `id` int(10) UNSIGNED NOT NULL,
  `user_id` int(10) UNSIGNED NOT NULL,
  `player_id` int(10) UNSIGNED NOT NULL,
  `in_11` int(1) UNSIGNED NOT NULL DEFAULT '0',
  `sub` int(1) UNSIGNED NOT NULL DEFAULT '1',
  `captain` int(1) UNSIGNED NOT NULL DEFAULT '0',
  `week_id` int(10) UNSIGNED NOT NULL,
  `point` int(11) NOT NULL DEFAULT '0',
  `description` text COLLATE utf8_unicode_ci,
  `status` int(1) UNSIGNED NOT NULL DEFAULT '1',
  `deleted` int(1) UNSIGNED NOT NULL DEFAULT '0',
  `created_date` datetime NOT NULL DEFAULT CURRENT_TIMESTAMP,
  `created_by` int(10) UNSIGNED NOT NULL DEFAULT '1',
  `modified_date` datetime DEFAULT NULL,
  `modified_by` int(11) DEFAULT NULL
) ENGINE=MyISAM DEFAULT CHARSET=utf8 COLLATE=utf8_unicode_ci;

--
-- Dumping data for table `user_my_xi`
--

INSERT INTO `user_my_xi` (`id`, `user_id`, `player_id`, `in_11`, `sub`, `captain`, `week_id`, `point`, `description`, `status`, `deleted`, `created_date`, `created_by`, `modified_date`, `modified_by`) VALUES
(31, 1, 22, 1, 0, 1, 8, 0, NULL, 1, 0, '2017-04-05 11:58:30', 1, NULL, NULL),
(16, 1, 22, 1, 0, 1, 7, 2, NULL, 1, 0, '2017-03-29 18:15:04', 1, '2017-04-05 11:58:21', 1),
(17, 1, 98, 1, 0, 0, 7, 0, NULL, 1, 0, '2017-03-29 18:15:04', 1, '2017-04-05 11:58:21', 1),
(18, 1, 430, 1, 0, 0, 7, 6, NULL, 1, 0, '2017-03-29 18:15:04', 1, '2017-04-05 11:58:21', 1),
(19, 1, 36, 1, 0, 0, 7, 6, NULL, 1, 0, '2017-03-29 18:15:04', 1, '2017-04-05 11:58:21', 1),
(20, 1, 312, 1, 0, 0, 7, 5, NULL, 1, 0, '2017-03-29 18:15:04', 1, '2017-04-05 11:58:21', 1),
(21, 1, 614, 1, 0, 0, 7, 2, NULL, 1, 0, '2017-03-29 18:15:04', 1, '2017-04-05 11:58:21', 1),
(22, 1, 502, 1, 0, 0, 7, 2, NULL, 1, 0, '2017-03-29 18:15:04', 1, '2017-04-05 11:58:21', 1),
(23, 1, 231, 1, 0, 0, 7, 0, NULL, 1, 0, '2017-03-29 18:15:04', 1, '2017-04-05 11:58:21', 1),
(24, 1, 45, 1, 0, 0, 7, 0, NULL, 1, 0, '2017-03-29 18:15:04', 1, '2017-04-05 11:58:21', 1),
(25, 1, 306, 1, 0, 0, 7, 2, NULL, 1, 0, '2017-03-29 18:15:04', 1, '2017-04-05 11:58:21', 1),
(26, 1, 279, 1, 0, 0, 7, 12, NULL, 1, 0, '2017-03-29 18:15:04', 1, '2017-04-05 11:58:21', 1),
(27, 1, 163, 0, 1, 0, 7, 7, NULL, 1, 0, '2017-03-29 18:15:04', 1, '2017-04-05 11:58:21', 1),
(28, 1, 325, 0, 1, 0, 7, 1, NULL, 1, 0, '2017-03-29 18:15:04', 1, '2017-04-05 11:58:21', 1),
(29, 1, 134, 0, 1, 0, 7, 8, NULL, 1, 0, '2017-03-29 18:15:04', 1, '2017-04-05 11:58:21', 1),
(30, 1, 41, 0, 1, 0, 7, 6, NULL, 1, 0, '2017-03-29 18:15:04', 1, '2017-04-05 11:58:21', 1),
(32, 1, 98, 1, 0, 0, 8, 0, NULL, 1, 0, '2017-04-05 11:58:30', 1, NULL, NULL),
(33, 1, 430, 1, 0, 0, 8, 0, NULL, 1, 0, '2017-04-05 11:58:30', 1, NULL, NULL),
(34, 1, 36, 1, 0, 0, 8, 0, NULL, 1, 0, '2017-04-05 11:58:30', 1, NULL, NULL),
(35, 1, 312, 1, 0, 0, 8, 0, NULL, 1, 0, '2017-04-05 11:58:30', 1, NULL, NULL),
(36, 1, 614, 1, 0, 0, 8, 0, NULL, 1, 0, '2017-04-05 11:58:30', 1, NULL, NULL),
(37, 1, 502, 1, 0, 0, 8, 0, NULL, 1, 0, '2017-04-05 11:58:30', 1, NULL, NULL),
(38, 1, 231, 1, 0, 0, 8, 0, NULL, 1, 0, '2017-04-05 11:58:30', 1, NULL, NULL),
(39, 1, 45, 1, 0, 0, 8, 0, NULL, 1, 0, '2017-04-05 11:58:30', 1, NULL, NULL),
(40, 1, 306, 1, 0, 0, 8, 0, NULL, 1, 0, '2017-04-05 11:58:30', 1, NULL, NULL),
(41, 1, 279, 1, 0, 0, 8, 0, NULL, 1, 0, '2017-04-05 11:58:30', 1, NULL, NULL),
(42, 1, 163, 0, 1, 0, 8, 0, NULL, 1, 0, '2017-04-05 11:58:30', 1, NULL, NULL),
(43, 1, 325, 0, 1, 0, 8, 0, NULL, 1, 0, '2017-04-05 11:58:30', 1, NULL, NULL),
(44, 1, 134, 0, 1, 0, 8, 0, NULL, 1, 0, '2017-04-05 11:58:30', 1, NULL, NULL),
(45, 1, 41, 0, 1, 0, 8, 0, NULL, 1, 0, '2017-04-05 11:58:30', 1, NULL, NULL);

-- --------------------------------------------------------

--
-- Table structure for table `user_total_point`
--

CREATE TABLE `user_total_point` (
  `user_id` int(10) UNSIGNED NOT NULL,
  `place` int(10) UNSIGNED NOT NULL DEFAULT '0',
  `total_point` int(11) NOT NULL DEFAULT '0',
  `last_week_point` int(11) NOT NULL DEFAULT '0',
  `description` text COLLATE utf8_unicode_ci,
  `status` int(1) UNSIGNED NOT NULL DEFAULT '1',
  `deleted` int(1) UNSIGNED NOT NULL DEFAULT '0',
  `created_date` datetime NOT NULL DEFAULT CURRENT_TIMESTAMP,
  `created_by` int(10) UNSIGNED NOT NULL DEFAULT '1',
  `modified_date` datetime DEFAULT NULL,
  `modified_by` int(11) DEFAULT NULL
) ENGINE=MyISAM DEFAULT CHARSET=utf8 COLLATE=utf8_unicode_ci;

--
-- Dumping data for table `user_total_point`
--

INSERT INTO `user_total_point` (`user_id`, `place`, `total_point`, `last_week_point`, `description`, `status`, `deleted`, `created_date`, `created_by`, `modified_date`, `modified_by`) VALUES
(1, 1, 37, 37, NULL, 1, 0, '2017-03-16 17:09:56', 1, '2017-04-05 11:58:50', 1),
(2, 2, 0, 0, NULL, 1, 0, '2017-03-30 08:58:27', 1, '2017-04-05 11:58:50', 1),
(3, 3, 0, 0, NULL, 1, 0, '2017-04-01 11:28:08', 1, '2017-04-05 11:58:50', 1);

-- --------------------------------------------------------

--
-- Table structure for table `week`
--

CREATE TABLE `week` (
  `id` int(10) UNSIGNED NOT NULL,
  `name_th` varchar(100) COLLATE utf8_unicode_ci NOT NULL,
  `name_en` varchar(100) COLLATE utf8_unicode_ci DEFAULT NULL,
  `short_name_th` varchar(100) COLLATE utf8_unicode_ci NOT NULL,
  `short_name_en` varchar(100) COLLATE utf8_unicode_ci DEFAULT NULL,
  `fixture_no` int(4) UNSIGNED NOT NULL DEFAULT '0',
  `season_id` int(10) UNSIGNED NOT NULL,
  `tournament_id` int(10) UNSIGNED NOT NULL,
  `description` text COLLATE utf8_unicode_ci,
  `status` int(1) UNSIGNED NOT NULL DEFAULT '1',
  `deleted` int(1) UNSIGNED NOT NULL DEFAULT '0',
  `created_date` datetime NOT NULL DEFAULT CURRENT_TIMESTAMP,
  `created_by` int(10) UNSIGNED NOT NULL DEFAULT '1',
  `modified_date` datetime DEFAULT NULL,
  `modified_by` int(11) DEFAULT NULL
) ENGINE=MyISAM DEFAULT CHARSET=utf8 COLLATE=utf8_unicode_ci;

--
-- Dumping data for table `week`
--

INSERT INTO `week` (`id`, `name_th`, `name_en`, `short_name_th`, `short_name_en`, `fixture_no`, `season_id`, `tournament_id`, `description`, `status`, `deleted`, `created_date`, `created_by`, `modified_date`, `modified_by`) VALUES
(1, 'สัปดาห์ที่ 1', 'Fixture 1', 'สัปดาห์ที่ 1', 'Fixture 1', 1, 1, 1, NULL, 1, 0, '2017-01-16 15:46:55', 1, NULL, NULL),
(2, 'สัปดาห์ที่ 2', 'Fixture 2', 'สัปดาห์ที่ 2', 'Fixture 2', 2, 1, 1, NULL, 1, 0, '2017-01-16 15:46:55', 1, NULL, NULL),
(3, 'สัปดาห์ที่ 3', 'Fixture 3', 'สัปดาห์ที่ 3', 'Fixture 3', 3, 1, 1, NULL, 1, 0, '2017-01-16 15:46:55', 1, NULL, NULL),
(4, 'สัปดาห์ที่ 4', 'Fixture 4', 'สัปดาห์ที่ 4', 'Fixture 4', 4, 1, 1, NULL, 1, 0, '2017-01-16 15:46:55', 1, NULL, NULL),
(5, 'สัปดาห์ที่ 5', 'Fixture 5', 'สัปดาห์ที่ 5', 'Fixture 5', 5, 1, 1, NULL, 1, 0, '2017-01-16 15:46:55', 1, NULL, NULL),
(6, 'สัปดาห์ที่ 6', 'Fixture 6', 'สัปดาห์ที่ 6', 'Fixture 6', 6, 1, 1, NULL, 1, 0, '2017-01-16 15:46:55', 1, NULL, NULL),
(7, 'สัปดาห์ที่ 7', 'Fixture 7', 'สัปดาห์ที่ 7', 'Fixture 7', 7, 1, 1, NULL, 1, 0, '2017-01-16 15:46:55', 1, NULL, NULL),
(8, 'สัปดาห์ที่ 8', 'Fixture 8', 'สัปดาห์ที่ 8', 'Fixture 8', 8, 1, 1, NULL, 1, 0, '2017-01-16 15:46:55', 1, NULL, NULL),
(9, 'สัปดาห์ที่ 9', 'Fixture 9', 'สัปดาห์ที่ 9', 'Fixture 9', 9, 1, 1, NULL, 1, 0, '2017-01-16 15:46:55', 1, NULL, NULL),
(10, 'สัปดาห์ที่ 10', 'Fixture 10', 'สัปดาห์ที่ 10', 'Fixture 10', 10, 1, 1, NULL, 1, 0, '2017-01-16 15:46:55', 1, NULL, NULL),
(11, 'สัปดาห์ที่ 11', 'Fixture 11', 'สัปดาห์ที่ 11', 'Fixture 11', 11, 1, 1, NULL, 1, 0, '2017-01-16 15:46:55', 1, NULL, NULL),
(12, 'สัปดาห์ที่ 12', 'Fixture 12', 'สัปดาห์ที่ 12', 'Fixture 12', 12, 1, 1, NULL, 1, 0, '2017-01-16 15:46:55', 1, NULL, NULL),
(13, 'สัปดาห์ที่ 13', 'Fixture 13', 'สัปดาห์ที่ 13', 'Fixture 13', 13, 1, 1, NULL, 1, 0, '2017-01-16 15:46:55', 1, NULL, NULL),
(14, 'สัปดาห์ที่ 14', 'Fixture 14', 'สัปดาห์ที่ 14', 'Fixture 14', 14, 1, 1, NULL, 1, 0, '2017-01-16 15:46:55', 1, NULL, NULL),
(15, 'สัปดาห์ที่ 15', 'Fixture 15', 'สัปดาห์ที่ 15', 'Fixture 15', 15, 1, 1, NULL, 1, 0, '2017-01-16 15:46:55', 1, NULL, NULL),
(16, 'สัปดาห์ที่ 16', 'Fixture 16', 'สัปดาห์ที่ 16', 'Fixture 16', 16, 1, 1, NULL, 1, 0, '2017-01-16 15:46:55', 1, NULL, NULL),
(17, 'สัปดาห์ที่ 17', 'Fixture 17', 'สัปดาห์ที่ 17', 'Fixture 17', 17, 1, 1, NULL, 1, 0, '2017-01-16 15:46:55', 1, NULL, NULL),
(18, 'สัปดาห์ที่ 18', 'Fixture 18', 'สัปดาห์ที่ 18', 'Fixture 18', 18, 1, 1, NULL, 1, 0, '2017-01-16 15:46:55', 1, NULL, NULL),
(19, 'สัปดาห์ที่ 19', 'Fixture 19', 'สัปดาห์ที่ 19', 'Fixture 19', 19, 1, 1, NULL, 1, 0, '2017-01-16 15:46:56', 1, NULL, NULL),
(20, 'สัปดาห์ที่ 20', 'Fixture 20', 'สัปดาห์ที่ 20', 'Fixture 20', 20, 1, 1, NULL, 1, 0, '2017-01-16 15:46:56', 1, NULL, NULL),
(21, 'สัปดาห์ที่ 21', 'Fixture 21', 'สัปดาห์ที่ 21', 'Fixture 21', 21, 1, 1, NULL, 1, 0, '2017-01-16 15:46:56', 1, NULL, NULL),
(22, 'สัปดาห์ที่ 22', 'Fixture 22', 'สัปดาห์ที่ 22', 'Fixture 22', 22, 1, 1, NULL, 1, 0, '2017-01-16 15:46:56', 1, NULL, NULL),
(23, 'สัปดาห์ที่ 23', 'Fixture 23', 'สัปดาห์ที่ 23', 'Fixture 23', 23, 1, 1, NULL, 1, 0, '2017-01-16 15:46:56', 1, NULL, NULL),
(24, 'สัปดาห์ที่ 24', 'Fixture 24', 'สัปดาห์ที่ 24', 'Fixture 24', 24, 1, 1, NULL, 1, 0, '2017-01-16 15:46:56', 1, NULL, NULL),
(25, 'สัปดาห์ที่ 25', 'Fixture 25', 'สัปดาห์ที่ 25', 'Fixture 25', 25, 1, 1, NULL, 1, 0, '2017-01-16 15:46:56', 1, NULL, NULL),
(26, 'สัปดาห์ที่ 26', 'Fixture 26', 'สัปดาห์ที่ 26', 'Fixture 26', 26, 1, 1, NULL, 1, 0, '2017-01-16 15:46:56', 1, NULL, NULL),
(27, 'สัปดาห์ที่ 27', 'Fixture 27', 'สัปดาห์ที่ 27', 'Fixture 27', 27, 1, 1, NULL, 1, 0, '2017-01-16 15:46:56', 1, NULL, NULL),
(28, 'สัปดาห์ที่ 28', 'Fixture 28', 'สัปดาห์ที่ 28', 'Fixture 28', 28, 1, 1, NULL, 1, 0, '2017-01-16 15:46:56', 1, NULL, NULL),
(29, 'สัปดาห์ที่ 29', 'Fixture 29', 'สัปดาห์ที่ 29', 'Fixture 29', 29, 1, 1, NULL, 1, 0, '2017-01-16 15:46:56', 1, NULL, NULL),
(30, 'สัปดาห์ที่ 30', 'Fixture 30', 'สัปดาห์ที่ 30', 'Fixture 30', 30, 1, 1, NULL, 1, 0, '2017-01-16 15:46:56', 1, NULL, NULL),
(31, 'สัปดาห์ที่ 31', 'Fixture 31', 'สัปดาห์ที่ 31', 'Fixture 31', 31, 1, 1, NULL, 1, 0, '2017-01-16 15:46:56', 1, NULL, NULL),
(32, 'สัปดาห์ที่ 32', 'Fixture 32', 'สัปดาห์ที่ 32', 'Fixture 32', 32, 1, 1, NULL, 1, 0, '2017-01-16 15:46:56', 1, NULL, NULL),
(33, 'สัปดาห์ที่ 33', 'Fixture 33', 'สัปดาห์ที่ 33', 'Fixture 33', 33, 1, 1, NULL, 1, 0, '2017-01-16 15:46:56', 1, NULL, NULL),
(34, 'สัปดาห์ที่ 34', 'Fixture 34', 'สัปดาห์ที่ 34', 'Fixture 34', 34, 1, 1, NULL, 1, 0, '2017-01-16 15:46:56', 1, NULL, NULL);

--
-- Indexes for dumped tables
--

--
-- Indexes for table `club`
--
ALTER TABLE `club`
  ADD PRIMARY KEY (`id`);

--
-- Indexes for table `coach`
--
ALTER TABLE `coach`
  ADD PRIMARY KEY (`id`);

--
-- Indexes for table `configs`
--
ALTER TABLE `configs`
  ADD PRIMARY KEY (`id`),
  ADD UNIQUE KEY `config_key` (`config_key`);

--
-- Indexes for table `event_type`
--
ALTER TABLE `event_type`
  ADD PRIMARY KEY (`id`);

--
-- Indexes for table `matches`
--
ALTER TABLE `matches`
  ADD PRIMARY KEY (`id`);

--
-- Indexes for table `match_event`
--
ALTER TABLE `match_event`
  ADD PRIMARY KEY (`id`);

--
-- Indexes for table `match_player`
--
ALTER TABLE `match_player`
  ADD PRIMARY KEY (`id`);

--
-- Indexes for table `match_player_best`
--
ALTER TABLE `match_player_best`
  ADD PRIMARY KEY (`id`);

--
-- Indexes for table `match_save`
--
ALTER TABLE `match_save`
  ADD PRIMARY KEY (`id`);

--
-- Indexes for table `nation`
--
ALTER TABLE `nation`
  ADD PRIMARY KEY (`id`);

--
-- Indexes for table `player`
--
ALTER TABLE `player`
  ADD PRIMARY KEY (`id`);

--
-- Indexes for table `player_point`
--
ALTER TABLE `player_point`
  ADD PRIMARY KEY (`id`);

--
-- Indexes for table `player_point_type`
--
ALTER TABLE `player_point_type`
  ADD PRIMARY KEY (`id`);

--
-- Indexes for table `player_position`
--
ALTER TABLE `player_position`
  ADD PRIMARY KEY (`id`);

--
-- Indexes for table `player_total_point`
--
ALTER TABLE `player_total_point`
  ADD PRIMARY KEY (`id`);

--
-- Indexes for table `post`
--
ALTER TABLE `post`
  ADD PRIMARY KEY (`id`);

--
-- Indexes for table `role`
--
ALTER TABLE `role`
  ADD PRIMARY KEY (`id`);

--
-- Indexes for table `score_table`
--
ALTER TABLE `score_table`
  ADD PRIMARY KEY (`id`);

--
-- Indexes for table `season`
--
ALTER TABLE `season`
  ADD PRIMARY KEY (`id`);

--
-- Indexes for table `stadium`
--
ALTER TABLE `stadium`
  ADD PRIMARY KEY (`id`);

--
-- Indexes for table `tournament`
--
ALTER TABLE `tournament`
  ADD PRIMARY KEY (`id`);

--
-- Indexes for table `user`
--
ALTER TABLE `user`
  ADD PRIMARY KEY (`id`),
  ADD UNIQUE KEY `email` (`email`);

--
-- Indexes for table `user_group`
--
ALTER TABLE `user_group`
  ADD PRIMARY KEY (`id`),
  ADD UNIQUE KEY `name` (`name`);

--
-- Indexes for table `user_group_member`
--
ALTER TABLE `user_group_member`
  ADD PRIMARY KEY (`id`);

--
-- Indexes for table `user_minus_point`
--
ALTER TABLE `user_minus_point`
  ADD PRIMARY KEY (`id`);

--
-- Indexes for table `user_move_quota`
--
ALTER TABLE `user_move_quota`
  ADD PRIMARY KEY (`id`);

--
-- Indexes for table `user_my_team`
--
ALTER TABLE `user_my_team`
  ADD PRIMARY KEY (`id`);

--
-- Indexes for table `user_my_xi`
--
ALTER TABLE `user_my_xi`
  ADD PRIMARY KEY (`id`);

--
-- Indexes for table `user_total_point`
--
ALTER TABLE `user_total_point`
  ADD PRIMARY KEY (`user_id`);

--
-- Indexes for table `week`
--
ALTER TABLE `week`
  ADD PRIMARY KEY (`id`);

--
-- AUTO_INCREMENT for dumped tables
--

--
-- AUTO_INCREMENT for table `club`
--
ALTER TABLE `club`
  MODIFY `id` int(10) UNSIGNED NOT NULL AUTO_INCREMENT, AUTO_INCREMENT=19;
--
-- AUTO_INCREMENT for table `coach`
--
ALTER TABLE `coach`
  MODIFY `id` int(10) UNSIGNED NOT NULL AUTO_INCREMENT, AUTO_INCREMENT=25;
--
-- AUTO_INCREMENT for table `configs`
--
ALTER TABLE `configs`
  MODIFY `id` int(10) UNSIGNED NOT NULL AUTO_INCREMENT, AUTO_INCREMENT=6;
--
-- AUTO_INCREMENT for table `event_type`
--
ALTER TABLE `event_type`
  MODIFY `id` int(10) UNSIGNED NOT NULL AUTO_INCREMENT, AUTO_INCREMENT=9;
--
-- AUTO_INCREMENT for table `matches`
--
ALTER TABLE `matches`
  MODIFY `id` int(10) UNSIGNED NOT NULL AUTO_INCREMENT, AUTO_INCREMENT=74;
--
-- AUTO_INCREMENT for table `match_event`
--
ALTER TABLE `match_event`
  MODIFY `id` int(10) UNSIGNED NOT NULL AUTO_INCREMENT, AUTO_INCREMENT=950;
--
-- AUTO_INCREMENT for table `match_player`
--
ALTER TABLE `match_player`
  MODIFY `id` int(10) UNSIGNED NOT NULL AUTO_INCREMENT, AUTO_INCREMENT=2583;
--
-- AUTO_INCREMENT for table `match_player_best`
--
ALTER TABLE `match_player_best`
  MODIFY `id` int(10) UNSIGNED NOT NULL AUTO_INCREMENT, AUTO_INCREMENT=78;
--
-- AUTO_INCREMENT for table `match_save`
--
ALTER TABLE `match_save`
  MODIFY `id` int(10) UNSIGNED NOT NULL AUTO_INCREMENT, AUTO_INCREMENT=130;
--
-- AUTO_INCREMENT for table `nation`
--
ALTER TABLE `nation`
  MODIFY `id` int(10) UNSIGNED NOT NULL AUTO_INCREMENT, AUTO_INCREMENT=212;
--
-- AUTO_INCREMENT for table `player`
--
ALTER TABLE `player`
  MODIFY `id` int(10) UNSIGNED NOT NULL AUTO_INCREMENT, AUTO_INCREMENT=659;
--
-- AUTO_INCREMENT for table `player_point`
--
ALTER TABLE `player_point`
  MODIFY `id` int(10) UNSIGNED NOT NULL AUTO_INCREMENT, AUTO_INCREMENT=3137;
--
-- AUTO_INCREMENT for table `player_point_type`
--
ALTER TABLE `player_point_type`
  MODIFY `id` int(10) UNSIGNED NOT NULL AUTO_INCREMENT, AUTO_INCREMENT=19;
--
-- AUTO_INCREMENT for table `player_position`
--
ALTER TABLE `player_position`
  MODIFY `id` int(10) UNSIGNED NOT NULL AUTO_INCREMENT, AUTO_INCREMENT=5;
--
-- AUTO_INCREMENT for table `player_total_point`
--
ALTER TABLE `player_total_point`
  MODIFY `id` int(10) UNSIGNED NOT NULL AUTO_INCREMENT, AUTO_INCREMENT=632;
--
-- AUTO_INCREMENT for table `post`
--
ALTER TABLE `post`
  MODIFY `id` int(10) UNSIGNED NOT NULL AUTO_INCREMENT, AUTO_INCREMENT=2;
--
-- AUTO_INCREMENT for table `role`
--
ALTER TABLE `role`
  MODIFY `id` int(10) UNSIGNED NOT NULL AUTO_INCREMENT, AUTO_INCREMENT=3;
--
-- AUTO_INCREMENT for table `score_table`
--
ALTER TABLE `score_table`
  MODIFY `id` int(10) UNSIGNED NOT NULL AUTO_INCREMENT, AUTO_INCREMENT=73;
--
-- AUTO_INCREMENT for table `season`
--
ALTER TABLE `season`
  MODIFY `id` int(10) UNSIGNED NOT NULL AUTO_INCREMENT, AUTO_INCREMENT=2;
--
-- AUTO_INCREMENT for table `stadium`
--
ALTER TABLE `stadium`
  MODIFY `id` int(10) UNSIGNED NOT NULL AUTO_INCREMENT, AUTO_INCREMENT=19;
--
-- AUTO_INCREMENT for table `tournament`
--
ALTER TABLE `tournament`
  MODIFY `id` int(10) UNSIGNED NOT NULL AUTO_INCREMENT, AUTO_INCREMENT=2;
--
-- AUTO_INCREMENT for table `user`
--
ALTER TABLE `user`
  MODIFY `id` int(10) UNSIGNED NOT NULL AUTO_INCREMENT, AUTO_INCREMENT=4;
--
-- AUTO_INCREMENT for table `user_group`
--
ALTER TABLE `user_group`
  MODIFY `id` int(10) UNSIGNED NOT NULL AUTO_INCREMENT;
--
-- AUTO_INCREMENT for table `user_group_member`
--
ALTER TABLE `user_group_member`
  MODIFY `id` int(10) UNSIGNED NOT NULL AUTO_INCREMENT;
--
-- AUTO_INCREMENT for table `user_minus_point`
--
ALTER TABLE `user_minus_point`
  MODIFY `id` int(10) UNSIGNED NOT NULL AUTO_INCREMENT;
--
-- AUTO_INCREMENT for table `user_move_quota`
--
ALTER TABLE `user_move_quota`
  MODIFY `id` int(10) UNSIGNED NOT NULL AUTO_INCREMENT, AUTO_INCREMENT=4;
--
-- AUTO_INCREMENT for table `user_my_team`
--
ALTER TABLE `user_my_team`
  MODIFY `id` int(10) UNSIGNED NOT NULL AUTO_INCREMENT, AUTO_INCREMENT=16;
--
-- AUTO_INCREMENT for table `user_my_xi`
--
ALTER TABLE `user_my_xi`
  MODIFY `id` int(10) UNSIGNED NOT NULL AUTO_INCREMENT, AUTO_INCREMENT=46;
--
-- AUTO_INCREMENT for table `week`
--
ALTER TABLE `week`
  MODIFY `id` int(10) UNSIGNED NOT NULL AUTO_INCREMENT, AUTO_INCREMENT=35;
/*!40101 SET CHARACTER_SET_CLIENT=@OLD_CHARACTER_SET_CLIENT */;
/*!40101 SET CHARACTER_SET_RESULTS=@OLD_CHARACTER_SET_RESULTS */;
/*!40101 SET COLLATION_CONNECTION=@OLD_COLLATION_CONNECTION */;
